Year,Mileage,Engine,Horsepower,Cylinders,Owners,Gearbox,Price
2014,126481,1428,239,8,2,1,64572.380000000005
2001,140341,3929,181,6,1,1,104220.18
2015,98812,3997,198,4,5,0,74962.76
2018,295536,3367,399,4,5,0,72450.28
2022,39182,2009,212,4,1,0,91161.36
2023,96532,1340,193,3,1,0,61508.36
2014,121412,2825,290,3,5,1,78406.76
2004,92630,2558,72,8,1,0,51531.399999999994
2020,155374,2493,229,6,1,1,84235.52
2021,140126,3605,361,8,3,0,120081.48
2002,146022,1236,294,4,4,0,26253.559999999998
2017,173532,3069,212,3,2,0,85519.36
2006,106962,2576,105,6,2,1,71578.76000000001
2015,123040,2081,205,3,5,0,39785.2
2018,243693,1438,268,6,1,1,78034.14
2017,242549,2110,169,3,1,1,89754.02
2004,224256,2495,172,6,4,0,36051.880000000005
2016,250293,2967,147,8,2,0,88780.14
2011,16311,2622,295,6,0,0,70240.78
2011,81719,1970,260,3,1,0,81676.62
2009,8826,3244,266,3,5,1,92969.48
2009,202677,2364,407,6,0,1,90033.45999999999
2007,101777,2224,332,3,2,1,62905.45999999999
2022,280430,1488,363,3,1,1,102709.4
2012,115596,3700,138,8,0,1,126304.08
2005,132587,2580,95,6,0,1,99173.26000000001
2004,103954,2576,204,6,3,1,99874.92
2024,237561,1298,382,4,0,1,87595.78
2009,30165,2263,200,8,5,1,73346.7
2008,64307,3858,207,6,1,0,114203.86
2025,265999,3512,423,6,3,1,129328.02
2022,120099,3697,233,8,3,0,102394.02
2001,90944,2916,244,4,4,0,64776.119999999995
2003,176062,3394,483,3,2,1,99089.76000000001
2014,93271,3489,122,8,1,0,98538.58
2018,298564,2257,241,3,3,1,73218.72
2006,24484,1729,70,8,4,1,54306.32000000001
2021,140053,1448,491,3,4,0,75087.94
2021,13455,1506,235,6,3,1,94634.9
2012,60258,3220,114,3,1,0,82045.84
2011,224363,1254,385,6,2,1,62504.73999999999
2000,51569,3486,294,3,5,0,57186.619999999995
2010,189462,1808,393,4,3,0,67073.76000000001
2021,261971,1317,257,8,2,0,65749.58
2004,146646,1716,352,8,4,1,73526.08
2017,149334,2057,136,4,1,1,72402.32
2001,216071,3018,308,8,3,0,61184.58
2006,82281,2699,342,6,2,0,78167.38
2004,31145,3019,232,8,4,0,73343.1
2024,149672,1627,240,6,0,1,111966.56
2018,143417,1492,79,3,2,1,83692.66
2017,76919,3295,205,6,5,0,56229.619999999995
2007,180468,3165,278,4,5,0,64554.64
2018,156653,2655,88,3,0,1,73539.94
2008,233701,3302,196,4,3,1,81577.98
2017,94126,2573,179,8,3,1,80991.48
2013,60292,1715,328,8,5,0,41258.16
2001,153536,3429,399,4,2,0,72346.28
2020,193333,3839,459,6,2,0,98581.34
2000,64503,1749,474,3,1,1,68897.94
2019,170852,1053,180,4,3,0,25346.96
2015,183825,3026,378,4,2,0,73880.5
2013,254469,3962,425,8,0,0,104823.62
2010,67207,2731,118,8,0,0,105376.86
2002,115508,1042,330,3,2,0,39493.84
2022,130925,2087,134,3,5,1,84806.5
2018,279100,3813,495,3,3,0,76484.0
2023,285381,2418,428,3,3,0,87885.38
2012,55353,3675,392,8,1,0,128260.94
2007,242425,3591,213,6,3,0,74068.5
2006,91568,1719,471,8,1,1,111849.64
2019,55091,1159,451,4,2,1,84843.18
2025,222585,2856,339,8,1,0,117412.3
2000,111250,3889,118,8,4,0,69237.0
2009,66640,3218,219,4,0,1,93214.2
2023,219439,3230,180,6,5,1,88939.22
2015,57727,3569,285,3,3,0,69408.45999999999
2024,13983,2360,103,6,4,1,85754.34
2018,234139,1434,161,6,3,1,87158.22
2018,76262,1690,183,8,5,0,68095.76
2021,289664,2112,145,8,0,0,72283.72
2014,208439,1406,313,3,5,0,49184.22
2023,56779,3211,340,6,3,1,104127.42
2021,46725,2559,368,6,5,1,81831.5
2002,62167,1191,160,4,1,0,30548.660000000003
2018,12448,1787,256,4,2,0,46312.04000000001
2023,235544,1474,110,8,1,0,83457.12
2010,112591,1222,90,4,3,1,46905.18
2013,217709,1164,279,4,0,1,68648.82
2002,294568,3370,336,8,0,1,116995.64
2011,147234,1071,127,8,2,0,65607.32
2016,120971,1328,444,6,0,0,75165.58
2025,64805,1032,346,4,4,1,59418.899999999994
2015,97585,3391,497,6,0,1,150342.3
2001,277494,3583,214,8,2,1,110027.12
2015,68045,1250,479,8,1,0,94999.1
2000,204402,1051,447,3,1,1,78995.95999999999
2007,189172,2345,176,6,5,0,42610.56
2000,181353,3399,132,6,3,0,68771.94
2001,188547,3497,93,3,0,1,98752.06
2013,5003,3467,493,8,1,0,125314.94
2007,186339,3088,292,8,2,0,91016.22
2010,177204,1128,459,3,5,1,42704.92
2009,258357,1631,173,6,4,1,47168.86
2023,17345,2198,251,6,0,1,127216.1
2007,223683,3881,254,8,2,0,103207.34
2006,96704,1105,433,4,5,1,61632.92
2001,68065,2860,332,6,5,1,96618.7
2003,154156,1804,252,8,2,0,69357.88
2002,29216,2471,70,6,0,0,56468.67999999999
2017,268696,3263,466,4,5,0,83375.08
2006,117210,2421,423,8,2,1,104349.8
2022,136372,2434,486,3,1,0,101620.56
2013,223854,1388,476,3,4,1,78595.92
2012,159715,2183,481,6,1,1,115393.7
2001,127646,1349,102,3,2,0,18582.08
2015,229601,1888,474,6,4,0,82229.98
2000,247927,1161,158,4,1,1,53473.46
2021,151118,2567,473,6,5,0,96187.64
2012,6552,3485,165,6,0,0,76462.95999999999
2007,251330,2651,219,4,5,0,49196.399999999994
2000,20701,1301,136,8,0,0,75870.98
2011,70839,3799,104,3,4,1,75901.22
2016,76279,1618,426,6,5,0,53643.42
2000,254222,3529,496,6,0,0,89683.56
2017,101534,1369,372,3,5,0,37284.32000000001
2018,30038,3454,311,6,1,0,90965.24
2014,44269,1881,77,6,0,0,48794.619999999995
2009,49831,1780,471,4,3,0,42539.380000000005
2024,278778,2753,479,4,2,0,70396.44
2004,271645,3090,312,6,5,0,66921.1
2023,31715,3020,464,8,0,1,156664.7
2004,86518,1745,96,6,3,1,44472.64
2015,84335,3104,490,6,1,0,82541.3
2001,271085,1836,466,4,1,0,42876.3
2004,280003,3533,88,3,3,1,80799.94
2019,221058,3572,248,8,0,1,112175.84
2002,128642,2833,416,6,2,0,77132.16
2014,17035,2980,210,8,1,0,98038.3
2003,189978,3469,340,6,4,0,85747.44
2004,295791,3866,313,4,4,1,94995.18
2009,156863,2282,254,6,3,0,59579.73999999999
2021,9121,2939,194,8,4,1,91120.58
2024,191302,2708,300,6,2,1,126691.95999999999
2024,247103,1567,159,4,3,1,77658.94
2004,25683,2596,353,8,0,0,75497.34
2010,46963,1811,405,6,5,1,56043.73999999999
2009,97170,2127,163,4,1,0,68598.6
2014,126181,3652,324,3,2,1,110530.38
2009,35621,3623,284,3,1,0,75509.58
2023,230944,3775,418,4,3,0,81694.12
2004,94898,1877,487,8,5,0,52342.04000000001
2000,185462,1097,300,3,0,0,45632.76
2019,73749,1046,303,4,2,1,72003.02
2022,295753,3754,94,4,2,1,115414.94
2024,49155,3782,355,8,3,1,112351.9
2024,241592,1303,255,8,1,0,54602.16
2019,40786,2277,183,8,2,0,82128.28
2021,110576,2110,200,4,1,0,70595.48
2000,264872,3375,213,6,2,1,89665.56
2006,118118,2777,327,6,5,1,98792.64
2004,143252,3819,150,3,2,0,60803.95999999999
2011,204347,1706,234,8,2,0,81333.06
2014,115911,2313,443,6,4,0,90482.78
2014,44190,2271,99,3,0,1,95983.2
2004,251305,1541,218,6,2,1,77219.9
2018,236026,1828,155,8,5,0,57398.479999999996
2009,288850,2424,182,3,1,1,85792.0
2002,46033,3061,97,3,5,1,76509.34
2011,256286,1890,419,8,0,0,99876.28
2016,64005,3447,185,3,4,1,80365.9
2019,207960,3871,86,6,3,1,88521.8
2010,58360,1333,369,8,2,1,73543.8
2025,38732,3365,460,3,0,0,114173.36
2000,293588,2538,357,6,3,0,79564.23999999999
2013,175287,1900,196,6,2,0,76179.26000000001
2008,198260,1111,102,8,2,1,78524.8
2018,270899,2216,447,6,2,1,112023.02
2000,8122,1337,225,4,1,0,60958.56
2024,197465,3847,271,6,4,1,118655.7
2017,185185,2811,352,3,3,1,79451.3
2018,294812,1256,369,6,1,1,68035.76000000001
2001,137332,2489,402,8,3,1,83038.36
2002,29592,3515,220,3,5,0,73955.16
2008,77066,1444,73,3,1,0,60328.68
2025,43087,1725,255,6,2,1,76246.26
2020,285707,1277,87,4,0,1,65971.86
2003,115579,3437,224,6,2,0,77697.42
2017,224416,3161,261,8,2,0,91634.68
2014,266460,1117,185,8,5,0,23618.800000000003
2025,168285,3888,284,8,0,1,131038.29999999999
2024,142885,1253,372,8,5,1,77968.3
2014,223672,1868,134,8,4,1,80603.56
2018,111460,2714,136,4,3,1,71598.8
2013,185078,2946,315,4,3,0,63147.44
2021,80883,2523,348,8,1,0,107762.34
2019,271573,3722,476,6,5,0,86774.54000000001
2019,243876,2586,279,6,3,0,90960.48
2005,233322,2457,407,3,4,1,82992.56
2006,78242,2118,341,3,3,1,72083.16
2010,277362,3461,368,8,0,1,144645.76
2017,83748,3227,207,6,3,1,106258.04000000001
2015,239246,1428,200,3,4,0,41828.08
2021,191541,1861,385,6,3,0,68761.18
2007,26642,1523,484,6,1,1,97482.16
2006,235914,2122,346,8,0,1,82919.72
2023,48215,3098,191,3,3,0,75660.7
2017,72360,1508,466,6,4,1,90082.8
2020,89135,2462,385,3,0,0,93314.3
2002,56747,3385,387,4,5,1,99166.06
2023,85775,3281,298,4,5,0,89489.5
2017,33387,1549,319,6,4,1,68454.26
2008,148742,1249,112,8,3,1,71755.16
2010,49774,3570,196,8,1,1,137181.52000000002
2011,53264,3443,371,8,4,0,105987.72
2023,94505,2748,235,3,1,1,93960.9
2020,101379,2374,463,3,3,1,83378.42
2021,75636,3815,268,6,4,0,85010.28
2002,163575,1748,107,8,3,1,71451.5
2010,71841,3561,289,6,2,1,117778.18
2016,194050,2813,304,4,0,0,74670.0
2018,1771,1065,355,8,2,0,61956.58
2014,98208,1834,259,6,4,1,84422.84
2016,378,2489,122,8,5,0,62063.44
2022,102923,3028,467,4,0,0,97613.54000000001
2010,183496,2924,262,8,4,1,113187.08
2018,129256,2066,164,3,4,1,85273.88
2022,176758,3076,258,8,5,0,82286.84
2014,176535,2228,245,3,4,0,68653.3
2022,105633,3149,80,4,1,0,77513.34
2022,277708,1748,418,8,2,0,91410.84
2002,202618,3562,403,3,1,1,96719.64
2009,152775,1606,247,6,2,1,68053.5
2020,135947,2900,303,6,2,0,81433.06
2019,286923,2521,478,8,0,0,87939.54000000001
2004,223453,1147,91,4,3,1,30338.940000000002
2002,97315,2904,105,6,3,1,72081.7
2020,246778,3357,377,6,0,0,109126.44
2014,17854,3540,215,6,1,1,132125.91999999998
2010,149080,2076,488,4,5,0,40551.399999999994
2013,267470,1124,133,4,1,1,66145.6
2001,80032,2034,329,3,5,0,21778.36
2018,89340,3994,363,3,0,0,92887.2
2009,248333,3099,166,4,0,0,61186.34
2000,106592,3156,205,4,5,0,67368.16
2021,191728,1119,370,6,2,1,95883.44
2023,234331,2573,293,3,0,1,115402.38
2011,159828,2187,97,8,4,1,77160.44
2001,2574,1775,233,3,3,0,26862.520000000004
2010,239609,1230,432,6,2,1,63800.82000000001
2014,191015,2625,179,4,3,1,98811.7
2013,200445,2451,80,6,2,1,83311.1
2013,210273,2139,393,3,2,0,66560.54000000001
2019,266694,3148,427,8,1,1,119806.12
2002,16814,3503,478,3,4,1,113964.72
2022,85878,1752,142,4,2,0,71903.44
2022,134640,1272,202,4,5,0,42665.2
2011,39643,3054,115,3,3,1,93273.14
2023,221448,2213,379,6,0,1,109706.04000000001
2018,134096,3600,347,8,3,0,84871.08
2021,265989,1352,111,4,4,0,43832.22
2016,299346,3867,325,8,3,0,93639.08
2025,24835,2541,159,8,4,0,62701.3
2013,23301,1455,257,3,0,0,64622.979999999996
2010,234818,2482,187,6,4,1,65226.64
2001,183168,1211,411,4,4,0,20664.64
2009,85232,3683,184,6,1,1,101228.36
2014,61267,3296,461,3,3,1,84869.66
2013,191837,3808,336,3,4,0,72110.26
2008,77238,2027,190,3,0,0,70445.23999999999
2004,12408,2249,176,8,5,0,72030.84
2020,120268,3131,87,4,4,1,70592.64
2003,225590,1131,216,8,4,1,71753.2
2023,45172,3634,200,8,4,1,111450.56
2023,289638,1552,281,4,1,1,90974.23999999999
2015,19354,3072,88,3,2,1,73821.92
2008,90689,3024,327,4,2,1,78432.22
2002,105438,1695,218,4,5,0,17389.239999999998
2013,289901,3407,274,4,1,0,95361.98
2019,298058,1951,208,8,5,1,94608.84
2018,3239,3528,401,8,3,0,116942.22
2010,278230,3842,198,6,1,1,113689.4
2002,206502,1558,413,3,0,0,74829.95999999999
2006,30551,1272,370,3,3,1,44118.979999999996
2008,76911,3648,150,3,2,1,91563.78
2002,6623,3853,346,4,0,0,93211.54000000001
2020,260168,1079,264,3,3,0,48751.64
2012,232229,3408,141,4,1,0,59588.42
2023,88626,1000,116,3,5,1,59448.479999999996
2008,14725,2537,316,4,0,0,94849.5
2012,10327,3310,179,4,2,1,93188.45999999999
2017,258339,2172,142,8,4,0,71099.22
2006,129619,1106,464,3,0,0,39822.619999999995
2023,280781,1955,146,6,2,1,101967.38
2001,256248,3684,399,8,4,1,103813.04000000001
2020,194714,3485,347,4,2,0,110380.72
2017,254026,3833,110,3,1,0,76082.48
2014,134577,1055,458,8,0,1,93011.45999999999
2000,224392,1194,494,4,1,0,36606.16
2017,288236,1548,291,4,1,0,54054.28
2008,128881,2976,223,6,2,0,56459.380000000005
2013,260861,2099,344,6,1,1,82899.78
2025,287019,1557,145,3,3,0,54922.619999999995
2010,177965,3073,456,3,4,0,70781.7
2016,197460,1870,110,4,3,0,42974.8
2007,254767,1727,106,4,4,0,39497.66
2000,206159,1104,280,3,0,1,63294.82
2022,216634,1342,465,3,4,1,66434.32
2017,198216,2592,437,8,5,1,87932.68
2004,171424,1367,388,8,0,1,72526.52
2001,200540,1167,463,6,4,1,48922.2
2006,298663,3804,228,8,4,0,77806.73999999999
2012,252377,3137,179,4,3,1,80380.45999999999
2014,24381,1144,441,6,0,0,79232.38
2013,223113,2058,211,8,3,0,60505.73999999999
2019,247031,2804,98,8,0,1,94813.38
2007,220999,2037,392,8,1,1,93108.02
2001,90700,1189,367,3,3,1,40496.0
2015,119268,3778,395,3,5,0,81231.64
2019,138299,3580,210,8,0,0,105357.02
2025,151650,3975,453,3,2,0,91685.0
2019,36602,3063,202,4,3,0,66901.95999999999
2013,171325,3550,196,4,1,1,92758.5
2012,16765,1461,283,8,3,0,44860.7
2013,136476,2419,265,3,2,1,67422.48
2009,31933,1550,465,6,0,0,63585.34
2015,107629,2832,478,4,2,0,90044.42
2022,96336,3089,395,6,2,0,92914.28
2004,277648,1886,394,3,5,1,40129.04
2004,292041,1833,316,6,5,1,45532.17999999999
2018,176185,1806,475,4,1,0,90811.3
2013,57611,3399,195,4,2,1,85063.78
2022,211628,3870,486,3,1,0,122616.44
2011,204390,2255,232,8,5,0,52848.2
2000,37052,3004,465,8,5,1,109396.95999999999
2025,147197,2651,342,4,2,0,76313.06
2019,18429,3550,311,3,1,0,111393.42
2008,224966,2481,392,6,4,0,53219.67999999999
2012,160467,3373,379,3,3,0,82684.66
2000,189724,3900,294,6,2,1,108108.52
2001,6419,2757,291,4,0,1,89032.62
2006,264211,3882,499,4,2,1,112704.78
2008,164919,2896,95,3,1,1,82972.62
2011,13562,3353,332,4,5,1,96727.76
2011,104250,2571,396,6,3,0,83887.0
2011,109830,3280,391,8,5,0,91155.4
2000,103723,3850,91,6,1,1,111200.54000000001
2023,221547,1690,420,6,3,0,70429.06
2009,256982,1177,325,4,1,0,50983.36
2017,119201,3754,267,8,3,1,136031.97999999998
2019,219302,3268,346,4,3,1,102313.95999999999
2007,137245,3966,327,3,2,1,98295.1
2007,127876,2039,155,8,0,0,92051.48
2008,236630,3515,106,3,0,1,112526.4
2005,189646,3626,162,3,1,1,94445.08
2024,17766,2535,255,4,4,0,76906.68
2008,49427,3802,432,6,5,0,76956.45999999999
2010,194187,1810,100,8,5,0,36062.26000000001
2015,90252,1771,217,4,0,1,73657.95999999999
2010,129101,1192,127,8,3,0,53503.979999999996
2003,137101,1601,408,8,2,0,85426.98
2018,134778,2135,234,3,2,0,46801.44
2008,247784,2510,101,4,1,1,80005.32
2008,62029,3526,132,4,4,0,59216.42
2004,250251,3192,253,3,4,1,59555.979999999996
2015,210637,2898,216,8,4,0,83505.26000000001
2019,163052,3512,346,6,4,0,75665.95999999999
2011,280873,3041,224,6,3,1,84024.54000000001
2018,195964,2981,163,4,4,0,71602.72
2018,116390,2544,393,4,5,0,74491.2
2003,52456,3523,334,6,2,1,109050.88
2008,188805,2727,339,3,2,1,100695.9
2019,268786,2956,288,8,3,0,104575.28
2015,149458,2470,196,4,5,0,40061.84
2005,5332,1893,306,8,5,0,68779.36
2019,3242,1275,141,4,3,1,82760.16
2023,42860,1279,309,4,1,0,49244.8
2023,230851,3798,443,4,3,0,107725.98
2005,148372,2087,490,8,5,1,100839.56
2011,89987,2904,281,6,3,0,93354.26000000001
2001,250725,3301,410,8,3,0,98653.5
2020,30956,1058,208,4,0,0,80173.88
2015,40144,3950,237,3,2,0,103989.12
2015,236797,3211,223,8,4,0,88843.06
2021,151496,3444,369,3,3,0,83513.08
2014,170804,3214,444,6,1,1,133314.91999999998
2025,143862,2392,462,3,4,0,73434.76
2009,250774,2057,303,8,1,1,102312.52
2002,174681,3543,415,8,1,1,108859.38
2005,228987,1205,461,6,3,1,63384.26000000001
2001,83414,1995,83,6,1,1,79988.72
2019,283388,2421,266,8,1,0,86522.23999999999
2003,137693,1837,409,6,4,1,53708.14
2021,214517,3008,248,6,4,0,60234.66
2020,91468,2718,449,4,5,0,57623.64
2019,66684,2906,207,4,1,1,97853.32
2020,73334,3707,107,8,1,1,133399.32
2014,273198,1043,90,4,2,1,56004.04
2010,244633,3591,314,4,0,0,87129.34
2025,259828,2939,389,6,5,1,102872.44
2010,136845,3097,336,6,0,0,88625.1
2001,256005,3861,196,3,5,0,69666.9
2009,33020,3205,202,3,1,0,64687.600000000006
2024,16618,3235,264,3,0,0,93056.64
2014,102218,1484,149,3,0,1,83923.64
2006,39879,3171,162,3,5,1,87062.42
2003,133152,1515,496,8,4,0,65677.95999999999
2020,278969,1199,166,4,2,1,66585.62
2006,285926,3801,353,6,0,1,122096.48
2004,174394,2074,177,8,0,1,86111.12
2020,56650,1525,165,4,1,0,78087.0
2001,5833,2266,419,6,4,1,93074.34
2023,8712,3448,422,3,2,0,89943.76
2022,152047,2352,180,3,1,0,67258.06
2021,220735,1002,121,8,3,0,33278.3
2017,22491,2614,329,8,0,1,109698.18
2007,244711,2455,364,8,4,0,63010.78
2019,217049,2122,345,8,0,0,86110.02
2024,56971,3924,83,8,5,1,122479.58
2014,33845,1103,159,3,1,1,77446.1
2020,267833,2215,454,3,1,1,95486.34
2001,190446,3146,332,6,0,1,125923.08
2023,200251,3385,157,8,3,0,109152.98
2019,227039,2249,254,3,2,1,86767.22
2017,181952,2116,383,8,1,1,100439.95999999999
2020,286573,1896,116,6,5,1,76808.54000000001
2009,51294,1138,303,3,4,1,50052.119999999995
2018,98778,1408,246,8,4,0,46109.44
2004,78228,3252,478,8,2,1,100600.44
2012,117820,1401,441,6,0,0,92529.6
2001,75394,3340,228,6,3,1,84751.12
2016,264541,3463,285,6,4,0,93841.18
2011,193802,3799,478,6,2,0,100562.95999999999
2018,41759,2743,325,8,2,1,110098.82
2007,14033,1701,118,8,0,0,77991.34
2014,98789,2432,450,4,1,1,90325.22
2008,133253,2466,204,4,0,0,63232.94
2017,285019,1400,280,8,5,1,86524.62
2011,103234,2824,426,8,3,0,103618.32
2006,184685,2784,215,6,3,0,73466.3
2000,66649,1030,303,6,0,1,64661.020000000004
2013,186978,2547,467,3,3,0,73515.44
2001,175025,2050,315,8,2,1,85588.5
2008,221784,3937,435,6,5,1,102185.32
2025,199284,1175,257,8,1,1,87714.32
2005,282106,1972,381,4,0,1,69159.88
2004,297792,1529,194,3,0,1,63531.16
2005,41064,2513,150,6,2,1,72105.72
2003,58797,1263,328,4,3,1,42057.06
2021,298246,3328,305,6,5,1,112640.08
2000,219294,1373,346,6,0,0,60488.119999999995
2017,138400,2356,327,8,3,0,61706.0
2019,253675,2658,281,6,4,1,107465.5
2010,11084,1382,248,8,3,0,41368.32000000001
2025,14398,3891,353,6,5,0,82410.04000000001
2011,277613,2971,417,4,4,1,86053.73999999999
2015,160919,2860,400,3,5,0,68160.62
2014,1881,1393,289,3,4,1,78311.38
2018,109555,2924,263,3,3,0,54148.899999999994
2017,76936,2408,480,6,4,0,87203.28
2005,57436,1353,196,4,2,0,25830.28
2020,151627,2422,245,6,1,1,119880.45999999999
2018,42116,3902,113,4,2,0,84584.68
2002,23695,2587,479,6,2,1,88406.1
2025,267505,2118,236,3,3,1,70347.9
2023,131030,1173,165,3,3,1,51022.4
2020,15844,2318,228,4,0,1,103588.12
2017,250165,1899,216,6,3,0,71937.7
2019,235604,1468,136,4,2,1,83469.92
2024,103811,1923,235,3,4,1,88723.78
2010,268074,1473,242,6,3,0,59461.520000000004
2007,62730,2313,188,3,1,0,79032.4
2013,137026,2248,92,3,1,1,68311.48
2012,86597,3622,286,4,0,1,126305.06
2012,86103,2296,97,4,0,0,62301.94
2009,239538,3358,267,8,3,0,101220.23999999999
2017,64935,1511,338,3,1,1,83210.3
2001,85209,1999,102,3,0,0,51029.82
2008,267208,3993,210,6,3,1,104269.84
2014,289525,1043,210,4,0,0,41209.5
2023,11174,2565,208,8,0,0,116828.52
2005,154188,1829,174,6,4,1,49222.24
2015,242276,3026,320,6,4,0,67174.48
2017,59671,1540,401,4,3,1,62938.58
2022,212047,2213,281,6,4,1,75136.06
2002,246919,2081,420,6,3,0,77410.62
2008,90300,1382,148,8,2,1,57304.0
2004,279448,3492,304,3,0,1,110023.04000000001
2004,293297,2585,227,3,4,1,56392.06
2013,294063,2225,236,4,2,1,96003.73999999999
2025,217358,2793,489,8,3,0,113992.84
2009,143017,2133,95,3,1,1,73709.66
2022,252539,1341,233,4,0,1,84600.22
2009,11675,2083,141,8,3,1,64155.5
2022,256113,1456,347,8,3,1,91972.73999999999
2014,67255,3108,214,6,2,0,82593.9
2015,187977,1715,349,8,2,1,103599.45999999999
2008,58568,1394,421,3,1,0,47039.64
2020,163368,1567,172,6,2,1,71561.64
2000,82408,1508,93,6,0,0,67170.84
2022,97141,1493,232,8,0,0,61707.17999999999
2007,134152,1866,402,6,4,1,86632.95999999999
2001,85953,1500,229,8,1,0,58529.94
2021,298003,2415,226,4,1,0,78422.94
2011,70384,1885,400,8,2,1,103652.32
2023,100916,3591,285,4,1,1,129960.68
2015,255093,2235,144,6,5,1,82101.14
2007,36634,1579,293,4,4,0,57657.32
2002,10429,3245,431,3,3,1,101926.42
2022,149921,1819,399,4,2,0,87571.58
2006,191096,3933,127,4,4,0,63380.08
2008,37724,3425,345,6,2,0,100810.52
2002,91521,3171,425,3,4,1,95400.58
2021,254579,1609,120,6,2,1,83982.42
2005,124712,3728,72,4,1,1,84896.76000000001
2019,136663,1671,136,4,0,1,89069.73999999999
2022,208281,3950,368,4,2,0,87499.38
2007,201307,1335,344,6,2,0,46053.86
2011,194788,1212,296,3,5,1,51916.24
2018,2803,3461,275,8,1,0,116005.94
2019,6770,2960,318,3,4,0,59456.600000000006
2005,250301,3380,167,3,4,0,45832.979999999996
2021,26678,3575,469,8,3,1,131027.44
2022,127215,1637,380,6,0,0,70862.7
2004,196695,2808,145,4,0,1,105378.1
2004,280361,2985,196,4,4,1,71437.78
2008,189590,1653,232,3,0,0,43612.2
2004,20704,2414,457,6,3,1,90581.92
2015,128492,3669,269,3,1,0,73928.16
2021,235034,1820,477,6,0,0,76175.32
2024,28956,2207,342,3,0,0,88997.88
2007,58782,2262,483,6,3,1,99698.36
2011,109064,3583,410,3,0,1,125466.72
2002,186580,1693,325,4,3,0,49470.4
2007,267513,2293,99,6,3,0,64151.73999999999
2020,143008,2776,377,3,4,1,85287.84
2009,221211,1792,416,8,0,1,84372.78
2001,182467,3361,495,8,0,1,118392.66
2016,31526,1151,383,8,5,0,66416.48
2020,233699,1695,471,8,5,1,90371.02
2008,125192,2952,82,3,2,0,60990.16
2025,138230,3064,347,3,1,1,122707.4
2000,160899,1747,435,3,1,0,52191.020000000004
2008,139064,1786,249,6,5,0,49697.72
2003,156811,3142,401,6,0,1,98113.78
2008,188732,3953,77,8,3,0,83088.36
2002,256111,2896,494,3,2,0,74713.78
2005,19673,2976,493,4,5,0,60636.54000000001
2002,189093,2356,305,8,2,1,83966.14
2010,205470,3059,96,6,4,0,57285.600000000006
2016,155135,3559,200,8,3,0,99047.3
2018,26621,1589,70,4,3,0,29723.58
2015,235824,2492,495,4,1,0,67073.52
2001,285803,2779,266,4,4,0,45146.94
2024,55184,1452,458,6,2,1,84833.32
2017,8349,3655,111,8,4,0,77449.02
2008,238471,1251,108,3,2,0,31396.58
2007,156246,1339,182,3,3,1,40846.08
2025,38096,1478,205,4,5,1,62972.08
2014,233204,2881,372,8,5,0,73350.92
2023,28439,1721,480,8,4,1,106391.22
2021,63183,1355,254,8,1,0,65210.34
2011,42534,1734,417,4,1,0,58063.32000000001
2025,241462,3580,424,4,0,0,114532.76000000001
2025,16955,2165,395,8,4,0,88910.9
2013,101423,1580,445,3,0,0,60559.54000000001
2025,266102,1205,75,3,4,1,49432.96
2001,94646,3149,155,8,0,1,99757.08
2006,152734,3880,394,6,5,0,79644.32
2014,87684,3421,224,3,2,1,95559.32
2021,295393,2129,177,3,3,0,70989.14
2021,140840,1687,164,6,2,1,87229.2
2000,283488,2766,308,8,3,1,88845.23999999999
2023,264376,3166,245,8,2,0,103798.48
2000,4537,1796,163,3,4,0,39423.26
2023,92833,1957,153,4,4,0,60505.34
2023,12389,3773,98,8,0,0,126562.22
2023,72393,1898,342,8,1,1,100897.14
2004,138600,3668,427,8,1,0,104597.0
2011,285699,2123,336,3,2,1,80979.02
2018,277291,3293,197,4,3,1,74592.18
2009,146424,3840,188,3,5,1,101383.52
2011,293281,1809,428,4,3,0,52593.380000000005
2010,44787,2962,165,6,4,1,77550.26000000001
2013,265387,1237,270,3,0,0,46899.26
2023,280497,2383,380,3,3,0,63679.06
2008,15902,3159,379,3,2,1,101927.95999999999
2000,240062,3138,90,3,3,1,80762.76000000001
2007,127438,1494,479,4,4,1,68688.23999999999
2017,83600,3592,109,6,5,0,67273.0
2004,26279,2262,102,4,3,1,82662.42
2025,179834,2261,447,4,3,0,61537.32000000001
2022,158077,1145,343,4,4,1,67610.45999999999
2017,162842,2590,96,3,2,0,57022.16
2007,102274,3005,498,4,1,0,97322.52
2016,56260,1509,224,8,4,0,55382.8
2003,268193,1311,145,6,4,1,55872.14
2014,254894,3017,460,8,5,1,82310.12
2002,144872,3764,363,6,2,1,94376.56
2007,99543,1573,139,4,1,1,81861.14
2022,273753,3414,160,3,0,0,78750.94
2012,91542,1904,70,8,5,1,48571.16
2001,131217,1372,203,6,3,1,43095.66
2008,194094,2570,106,3,3,0,30990.119999999995
2024,78637,2551,480,8,5,1,104417.26
2019,229303,2935,467,6,3,1,96395.94
2000,142222,2159,315,6,3,1,60625.56
2024,273614,2663,177,4,5,0,75297.72
2021,83983,1990,90,6,0,0,94059.34
2006,207116,1671,356,4,3,1,58298.67999999999
2001,146756,2668,436,4,1,0,86331.88
2016,108786,3967,339,8,4,0,87674.28
2012,261340,1049,474,4,0,0,48977.2
2025,203345,1497,192,4,2,1,72022.1
2002,291759,1622,125,8,2,1,53106.82000000001
2006,203382,2781,488,6,1,0,92461.36
2018,4046,1086,499,4,5,1,87824.08
2006,164662,1536,390,4,0,0,70452.76000000001
2012,204547,1527,423,6,5,1,56974.06
2014,177584,3205,226,4,5,0,42376.32000000001
2022,49047,3358,91,4,0,0,87565.06
2013,299383,3526,410,8,3,0,89618.34
2006,125325,3306,467,6,3,1,95827.5
2007,236007,3801,341,3,0,0,105048.86
2011,78478,1490,340,3,5,1,48363.44
2021,79501,2552,412,3,0,0,102094.98
2013,141166,3981,201,4,0,0,86585.68
2012,207033,3029,446,4,4,1,74606.34
2002,200999,3019,118,4,1,0,71830.02
2010,40179,3607,361,4,4,1,93850.42
2007,258973,2124,482,4,5,0,43583.54000000001
2006,162071,3311,350,4,3,1,78987.58
2001,283603,2566,109,3,3,0,24549.940000000002
2022,273494,1780,130,4,3,0,35157.119999999995
2010,40666,1700,258,4,0,0,68821.68
2014,252284,3391,130,6,5,1,90204.32
2017,191804,2435,496,8,0,0,105982.92
2022,163741,2448,313,3,4,0,59160.17999999999
2001,273664,2337,346,8,4,1,69437.72
2025,87784,3693,285,8,0,1,151397.32
2009,97852,2301,287,3,0,1,74148.95999999999
2018,178505,3705,377,4,2,1,125788.9
2013,279277,1802,93,8,3,1,87432.45999999999
2002,105177,1372,265,3,2,0,32204.46
2015,170800,1082,213,4,1,0,62880.0
2003,99047,2480,166,3,3,0,36425.06
2019,49239,2957,479,8,1,1,146120.22
2001,37918,3569,310,8,0,1,129794.64
2009,74720,2610,394,4,4,0,53651.600000000006
2025,123583,3920,126,8,0,0,122216.34
2006,81712,2141,350,3,4,0,40371.76000000001
2023,41764,1950,293,4,3,0,51139.72
2021,168680,3656,430,3,5,1,110204.4
2019,144294,3093,233,8,4,1,87797.12
2019,115702,1303,207,6,5,0,36049.95999999999
2019,121795,3303,95,8,3,1,120054.1
2019,42589,1407,344,3,2,0,41568.22
2025,219738,2303,452,6,4,1,106156.23999999999
2021,62051,3634,328,4,3,0,98435.98
2008,156098,2444,130,3,2,1,78288.04000000001
2025,127310,2292,359,3,5,1,65527.8
2004,234575,2873,384,4,3,1,98872.5
2022,242101,2076,196,8,1,0,69125.98
2016,161165,3509,328,3,2,0,99734.7
2019,221415,2537,206,8,0,0,104024.7
2005,2611,1035,417,6,3,0,35338.78
2020,51334,3513,178,4,3,1,86006.32
2023,44439,1210,276,4,2,1,92764.22
2012,59084,2561,448,6,3,0,83766.32
2010,289579,2793,270,6,0,0,84373.42
2005,237424,3518,393,3,0,0,95590.51999999999
2016,17362,2530,337,6,0,1,102033.76
2025,86692,3316,275,3,2,1,120566.16
2017,130465,2363,498,6,5,0,90375.7
2000,5931,2701,301,6,0,0,84422.38
2010,9880,1179,200,4,4,1,69602.4
2002,187200,3127,309,4,0,0,94022.0
2012,288083,2669,378,4,4,1,83057.34
2010,44619,1260,143,4,0,1,62666.619999999995
2001,91753,1278,347,6,2,0,56915.94
2004,21268,1695,92,4,1,1,51593.64
2021,202986,2029,331,6,0,1,116037.28
2012,119860,2458,460,8,5,0,88863.8
2005,204768,2790,373,4,4,0,46095.64
2010,199102,3694,401,6,2,1,122809.95999999999
2017,295606,2493,403,8,0,0,108732.88
2004,162513,1303,130,3,3,0,26876.739999999998
2025,275229,3476,334,8,4,0,114644.42
2011,236169,3975,434,3,5,1,101032.62
2014,25665,3736,428,4,1,1,131953.7
2006,122356,1137,405,6,0,1,80692.88
2013,49706,2532,354,6,4,1,103736.88
2024,155016,1064,309,8,2,1,94002.68
2018,20001,1798,235,3,1,1,81375.98
2023,141721,2344,317,4,5,1,77860.58
2016,111184,1670,475,4,0,0,60930.32000000001
2025,127918,3592,216,8,1,1,114540.64
2019,289071,3341,191,6,5,1,73327.58
2022,205305,3531,99,4,1,1,114406.9
2021,281372,2155,379,3,2,1,91505.56
2011,194916,1182,407,8,2,0,72730.68
2013,193747,3894,240,8,2,1,111698.06
2014,178815,3324,186,8,0,1,121970.7
2001,123032,1382,116,8,5,0,33552.36
2024,196540,2056,151,6,2,1,93687.2
2019,43363,2470,76,4,5,0,62093.740000000005
2002,55726,2438,359,6,0,1,115632.48
2015,153305,1119,380,8,0,0,69777.9
2012,134039,3168,359,4,1,1,123628.22
2010,215789,3177,337,3,5,0,51050.22
2023,228474,1718,87,8,5,1,77164.52
2015,102054,1621,162,8,1,0,77748.92
2021,17189,3586,267,8,1,0,94186.22
2001,1730,1173,172,4,3,0,46714.4
2016,66892,3219,329,4,2,1,86357.16
2002,200143,3090,367,6,1,1,122739.14
2017,235006,3034,338,8,2,1,98722.88
2004,284967,2227,426,8,2,0,72301.66
2021,75208,3591,383,3,2,0,109597.84
2008,94578,2068,273,3,5,0,43206.44
2016,116618,3421,168,6,3,0,82526.64
2011,284739,1339,417,4,4,0,41721.22
2017,291595,1295,475,3,3,0,50380.100000000006
2005,172014,1771,429,4,3,0,53626.72
2002,37676,1523,296,6,4,0,27545.479999999996
2020,54266,2553,420,6,5,1,98060.68
2014,156456,1181,151,6,4,1,56905.880000000005
2009,48776,3448,298,3,2,0,78536.48
2024,121745,1609,493,8,0,1,104201.1
2017,45390,3525,133,3,3,1,97389.2
2017,137257,3830,438,8,5,1,104959.86
2005,138814,3913,159,4,1,1,118031.72
2008,226443,1579,143,3,0,1,53454.14
2024,228471,1942,218,6,4,1,88439.58
2018,252884,2891,414,4,5,1,103770.32
2016,177917,2915,446,4,0,0,86409.66
2006,98740,1396,200,6,0,0,48541.2
2004,79306,3538,321,8,0,0,106254.88
2007,10030,2558,297,3,4,0,44784.399999999994
2004,129144,1285,85,6,0,0,45535.119999999995
2009,137179,1351,206,6,4,0,21982.42
2016,44589,1495,130,4,3,1,64503.22
2015,140797,3964,319,4,0,1,129864.06
2004,113688,1305,175,3,0,0,55667.24
2019,236176,1983,441,8,1,0,100889.48
2010,19354,1446,301,8,4,0,71518.92
2002,27362,1416,251,4,5,1,34417.76
2009,152494,1339,248,6,3,1,66506.12
2013,76015,3096,219,3,2,1,84587.7
2011,161332,1447,97,8,2,0,55703.36
2015,195895,2867,167,3,4,1,94616.1
2019,1472,2326,431,8,3,1,98132.56
2008,11178,2488,94,4,4,1,62917.44
2017,227342,3616,141,6,5,0,90375.16
2024,141552,1730,372,4,2,1,110337.95999999999
2009,144523,3379,402,8,5,0,71573.54000000001
2010,247763,3644,119,6,4,1,97185.74
2021,51929,3495,89,8,5,0,79172.42
2014,6150,3572,428,4,3,1,119349.0
2022,172076,3169,323,3,2,0,85827.48
2007,15515,3676,245,6,2,1,100455.7
2023,32,3416,432,6,3,1,125592.36
2007,223335,1264,148,6,0,1,83640.3
2002,94925,2436,442,3,5,1,58902.5
2022,74863,3101,343,8,3,0,105687.74
2016,294299,2344,478,4,2,1,101977.02
2006,74583,3598,92,8,5,0,62603.34
2017,87228,3909,190,6,1,1,121811.44
2021,191947,3632,337,3,1,1,128498.06
2017,217029,1680,285,8,4,1,100377.42
2011,213590,2068,452,4,4,1,73743.2
2009,237485,2002,219,6,3,0,51647.3
2018,244660,3613,261,4,4,1,110024.8
2020,261202,3622,182,6,0,1,103315.95999999999
2002,242724,2193,385,3,4,0,29800.51999999999
2001,190266,3514,121,4,0,0,63857.67999999999
2014,294483,1117,109,3,4,1,29880.339999999997
2012,171783,1279,479,8,3,1,68328.34
2024,271843,3088,404,3,0,0,89796.14
2024,44027,1570,170,4,2,0,44678.45999999999
2000,294606,2544,107,4,5,1,49755.88
2022,71119,1991,312,8,4,0,76913.62
2010,3985,3844,156,3,2,1,103094.3
2001,102126,3267,385,6,4,1,81546.48
2005,218395,2012,353,3,0,0,65330.1
2014,53263,2191,229,4,0,1,90821.74
2022,179038,3681,397,8,5,0,104223.23999999999
2008,235425,2825,186,4,0,1,76543.5
2007,47090,1603,406,6,2,1,71157.2
2001,4263,2569,287,3,1,0,50520.73999999999
2003,116652,3628,258,3,4,0,73445.95999999999
2017,52769,3507,178,6,5,1,114604.62
2014,296150,1767,92,6,3,0,64215.0
2017,6144,1872,278,6,2,0,51759.119999999995
2000,298160,3402,357,8,2,0,92415.8
2005,250027,1819,223,8,5,0,24961.459999999992
2023,185229,2952,289,4,1,0,95989.42
2019,207316,1906,135,4,5,0,32272.679999999993
2019,235938,3951,138,8,2,1,115523.23999999999
2014,174532,3337,393,6,1,0,84970.36
2003,62253,1914,368,3,3,1,83627.94
2003,48843,1983,364,3,4,0,39849.14
2017,119754,2705,394,8,4,1,119942.92
2021,100402,3171,104,4,0,1,92475.95999999999
2000,125501,3333,330,4,5,0,61074.979999999996
2021,88334,3001,272,6,3,0,102742.32
2005,225465,2330,466,4,0,1,85125.7
2010,119947,3212,158,3,0,0,89017.06
2001,213874,1785,367,6,1,1,84524.52
2024,247650,2234,218,6,0,0,90963.0
2005,269440,3858,162,6,3,1,78578.2
2000,73950,1437,473,3,1,0,64167.0
2006,105260,3706,82,4,2,1,96734.8
2016,129290,2247,244,3,5,1,52528.2
2005,245757,3658,412,8,1,1,112069.86
2011,123736,3505,354,6,5,1,114970.28
2005,185944,3291,90,6,5,1,80215.12
2012,13270,1070,247,4,1,0,59573.6
2000,101166,2880,368,4,5,0,69866.68
2000,243550,3249,167,4,3,0,60694.0
2006,63899,3888,156,3,4,1,79678.02
2014,99607,1960,227,8,4,0,58515.86
2005,250957,3671,273,6,5,1,87868.86
2017,262014,3332,98,8,3,0,69196.72
2012,78965,1942,360,6,2,0,62894.7
2013,6937,1036,167,3,2,0,21623.259999999995
2019,144141,3518,349,4,2,0,93402.18
2014,221540,2324,478,3,2,1,92037.2
2002,58942,3320,85,4,2,0,59078.16
2025,277305,1155,245,8,0,0,87296.9
2016,181030,3705,480,4,3,0,88734.4
2020,161613,1338,392,6,5,1,62086.73999999999
2016,90159,1525,212,3,4,0,54766.82
2006,184482,1188,342,6,1,1,71067.36
2023,110254,2220,499,8,5,0,90202.92
2001,213457,1926,240,4,1,0,48931.86
2011,25986,3342,487,4,1,0,109924.28
2002,76904,3614,349,3,2,1,93649.92
2018,221647,2737,287,3,0,0,82312.06
2009,73368,3338,78,6,0,0,102179.64
2019,155401,2949,203,3,2,0,70034.98
2013,75566,3679,335,3,2,1,126101.68
2004,238439,3790,271,6,4,1,75166.22
2023,50222,1243,86,3,0,1,84463.56
2013,101834,2884,344,8,1,1,129231.32
2018,137965,2908,447,8,5,1,89856.7
2017,83272,3556,109,6,3,0,100378.56
2010,109147,1054,92,8,1,1,60727.06
2016,100563,2790,417,3,2,1,105528.74
2002,244354,2307,476,3,4,1,73823.92
2021,122605,1481,220,4,0,0,71969.9
2012,77121,1806,80,4,5,1,65552.58
2009,152847,2680,262,8,0,0,73163.06
2014,148836,1000,265,3,4,0,42282.28
2003,35557,1040,426,6,3,1,55720.86
2011,192292,1913,282,3,5,0,50450.16
2000,275667,1983,271,6,0,1,66632.66
2000,263880,1527,241,6,3,0,24992.4
2007,299224,3048,236,3,4,0,40421.51999999999
2000,174133,1262,279,8,1,0,55377.34
2001,33036,3586,224,8,4,0,81490.28
2017,149200,3004,366,3,2,1,108257.0
2010,174147,2187,381,4,5,0,62706.06
2004,136804,1140,75,3,0,1,67218.92
2023,128907,2606,269,4,1,0,86804.86
2010,180638,2735,184,3,4,1,72669.23999999999
2023,32494,1960,224,3,0,0,56221.119999999995
2006,171625,3776,398,6,2,0,91333.5
2011,28882,3764,89,4,4,0,58887.36
2013,155323,2008,169,4,1,0,63923.54000000001
2011,114270,3564,262,6,5,0,57491.600000000006
2001,8005,2302,82,4,1,0,67064.9
2008,167061,3127,132,8,0,0,99344.78
2011,148675,3473,426,4,5,1,98245.5
2021,285149,3158,221,3,0,0,77570.02
2025,177046,3793,339,4,1,0,96494.08
2015,148560,1237,285,8,3,0,64796.8
2022,143729,1299,280,4,2,1,78429.42
2025,68931,2368,172,6,0,0,87226.38
2001,123373,1512,320,8,3,1,58994.54000000001
2020,161555,3971,421,8,2,1,137069.9
2021,295117,2264,171,8,3,1,76519.66
2023,246924,1913,156,6,5,1,73946.52
2017,261047,2386,351,4,4,1,101121.06
2015,159331,2824,286,4,2,0,70780.38
2016,18385,3991,277,3,1,0,104513.3
2011,265785,2318,417,4,2,0,58903.3
2004,7879,2744,204,8,2,0,56510.42
2012,131667,2684,171,4,3,0,63704.66
2003,7810,2584,358,8,5,0,84614.8
2002,19496,1497,197,6,5,1,71351.08
2019,140656,3971,484,6,3,1,127115.88
2006,253625,3642,105,4,4,1,69277.5
2025,114325,2932,463,3,4,1,91785.5
2001,265353,1181,233,3,1,1,59458.94
2010,110484,1668,120,3,3,1,46977.32
2019,275386,3488,75,6,5,0,57071.28
2009,239097,2339,472,6,4,0,86657.06
2007,37758,2758,473,3,5,0,51702.84
2008,220441,3146,427,8,3,0,89093.18
2022,75570,3997,266,4,5,1,109455.6
2007,72366,1287,297,6,1,0,52951.68
2024,170693,2003,190,8,2,0,74643.14
2016,279161,1373,72,3,4,0,31300.78
2018,117013,3196,436,6,5,0,102521.73999999999
2002,125795,1641,73,3,4,1,56221.1
2016,213265,3241,138,8,5,1,108140.7
2013,44478,3661,156,6,2,0,79908.44
2015,73930,1814,237,6,2,0,82759.4
2022,44527,3153,442,3,3,0,91900.45999999999
2022,245744,3434,487,6,2,1,135095.12
2022,187660,2249,287,4,4,1,63093.8
2020,278984,3551,149,6,5,0,81461.32
2015,180828,1987,356,8,0,0,85308.44
2023,142634,1436,462,3,5,1,80967.32
2008,214427,3973,241,6,3,1,86285.45999999999
2018,114603,1537,184,6,5,0,42985.94
2018,130501,2804,125,4,0,0,65819.98
2018,224264,2602,145,4,3,1,66628.72
2002,77505,1822,163,6,0,1,68126.9
2019,15407,2944,416,6,5,1,83231.86
2001,125237,3725,283,6,2,1,89641.26000000001
2021,224724,3174,474,3,5,0,89458.52
2012,95958,3615,167,4,1,1,121840.84
2025,134906,2324,469,8,5,1,108970.88
2012,115444,2032,384,6,2,0,81124.12
2003,284393,1043,392,8,0,0,83404.14
2017,128971,1001,80,8,5,1,51463.58
2015,235086,2919,274,6,4,1,90829.28
2002,133223,1521,482,3,1,1,76961.54000000001
2022,36506,1182,224,8,0,0,77988.88
2017,85646,1397,429,6,3,0,63474.08
2018,157459,1097,346,4,5,0,50599.82
2008,262916,1887,163,4,5,1,62773.68
2001,18990,3642,466,6,5,1,119265.2
2016,47101,1680,167,4,0,0,47536.979999999996
2005,287643,2293,422,4,2,1,92590.14
2008,263406,1165,272,4,4,0,39818.880000000005
2021,235445,3226,389,3,5,1,89989.1
2002,225130,1573,462,6,3,0,65541.4
2022,67375,3173,144,8,5,0,87628.5
2018,66112,2846,148,8,5,0,77680.76
2002,183918,2132,207,3,1,1,62374.64
2008,17557,1995,219,3,3,0,40563.86
2000,68711,2511,279,3,2,1,83249.78
2016,169645,2217,154,3,4,0,46555.100000000006
2019,220955,2709,490,3,4,1,111959.9
2018,167013,3889,416,6,0,1,120722.73999999999
2012,196541,2272,403,6,3,0,66019.18
2004,195985,2734,480,6,0,1,99863.3
2002,118697,3881,366,8,1,1,105522.06
2022,18622,2143,95,4,5,0,63408.56
2020,40919,2878,369,6,4,1,121124.62
2005,45061,1791,289,4,2,1,83486.78
2022,98392,3612,290,3,1,1,119991.16
2004,126025,2263,179,3,4,1,72560.5
2004,40676,2526,338,6,5,1,77394.48
2001,6011,2570,91,6,5,0,39043.78
2013,148190,1916,255,4,3,1,61894.2
2012,259072,3376,119,6,4,0,62160.56
2021,168613,1389,134,8,1,0,58422.73999999999
2000,133980,2622,239,8,4,0,49099.399999999994
2013,65312,3239,175,6,0,0,107375.76
2025,181299,1997,178,3,3,1,74468.02
2018,126444,1482,406,6,5,1,56631.119999999995
2016,106045,2973,367,3,4,1,109503.1
2023,196020,1364,404,4,5,1,78979.6
2000,153939,1799,126,6,4,0,53162.22
2016,212377,2083,187,8,3,0,63226.45999999999
2012,45527,2601,118,6,4,0,57977.45999999999
2013,299997,1081,134,3,0,1,59043.06
2001,166940,1785,391,8,3,0,67642.2
2000,293287,2843,349,6,2,0,81081.26000000001
2009,226681,3344,183,8,0,0,86983.38
2015,269785,3170,404,4,5,1,70117.3
2006,15881,3726,71,6,0,0,95340.38
2011,106864,3827,90,8,2,0,101968.72
2004,276564,3850,343,3,0,0,87402.72
2010,154501,3131,291,6,1,0,85840.98
2003,89854,3632,419,6,0,1,139942.91999999998
2013,120222,1798,343,3,0,0,60145.56
2002,170863,2255,445,3,2,0,71146.73999999999
2025,299712,3254,402,8,0,1,126815.76000000001
2012,134987,3886,450,3,2,0,114194.26
2020,161611,2173,89,8,0,0,90199.78
2005,17853,3199,177,4,2,0,61862.94
2024,88549,2586,130,3,1,0,84833.02
2013,85652,3947,476,8,1,1,139655.96
2004,226663,3251,172,3,4,0,67382.73999999999
2012,104293,2493,318,8,3,0,64312.14
2007,84426,3782,351,8,0,0,107941.48
2002,289205,1005,227,8,2,0,62816.9
2008,189982,3647,250,8,2,0,98032.36
2020,179423,2648,291,8,0,0,96599.54000000001
2021,11182,3312,486,6,2,1,110552.36
2023,299899,2985,182,4,0,0,70835.02
2020,146020,1454,411,6,3,0,62732.600000000006
2009,90612,2135,181,3,0,1,73630.76000000001
2025,80409,1041,163,4,4,0,25887.82
2017,228325,2447,212,4,1,1,99787.5
