Age,Income,CreditScore,LoanAmount,EmploymentYears,Married,ExistingLoans,LoanStatus
57,110714,302,21056,15,0,2,0
34,115499,305,45273,20,0,2,0
36,54878,642,58594,16,1,4,0
61,101572,634,34994,25,1,1,1
64,28224,666,14254,23,1,0,1
50,68210,506,48484,0,0,3,0
55,34086,367,22588,0,0,2,0
20,54410,757,15847,14,0,1,1
65,93733,700,65179,34,1,4,1
35,82640,629,72598,33,1,0,0
28,42488,615,45836,18,1,0,0
46,17494,687,5902,28,1,1,1
53,76024,589,55798,3,0,4,0
34,22214,633,60929,14,1,3,0
35,66879,332,69210,6,0,3,0
32,107428,513,48504,20,1,5,0
51,43911,637,61753,16,0,0,0
60,99897,320,40527,32,1,5,0
47,69920,802,28851,33,0,5,1
58,59512,525,51455,10,1,4,0
19,60759,328,47435,13,1,0,0
43,24999,581,72599,13,0,1,0
37,99162,815,27285,6,0,3,1
25,73116,422,49545,12,1,4,0
35,48935,619,32398,25,1,3,0
53,32293,693,29166,2,0,3,0
45,53123,538,56262,11,1,1,0
62,56910,597,29859,27,0,0,1
24,83224,563,36710,32,1,2,0
18,26320,840,77184,7,0,4,0
57,108530,404,29164,0,1,1,0
39,108529,410,55763,29,0,0,1
30,89636,336,10766,19,0,3,0
19,61015,566,50514,17,0,0,0
49,18260,842,14808,24,0,3,0
60,15852,703,7435,29,0,0,1
25,52818,743,34383,24,0,1,1
33,34812,640,20042,33,0,5,0
40,69543,593,59468,1,0,4,0
49,60845,659,74355,8,0,4,0
40,25718,792,50184,30,1,5,0
32,54545,636,57087,24,1,1,0
60,28886,528,46784,18,0,4,0
62,46059,780,5674,16,1,2,1
38,28984,452,46260,14,1,5,0
63,83281,362,40104,28,0,2,0
37,98472,304,76364,19,1,1,0
62,60168,329,75946,15,1,1,0
58,64619,804,59642,30,1,0,1
39,17276,377,36448,0,1,4,0
46,87980,440,51192,34,1,0,1
29,108921,482,28446,4,1,0,1
34,105881,617,17930,4,1,2,0
47,75033,763,77674,27,1,2,0
44,115565,385,32489,10,0,0,1
63,36392,475,16171,0,0,4,0
64,87417,824,43661,5,1,5,1
24,32093,679,5761,8,0,2,0
37,107882,404,35702,4,0,4,0
38,97081,621,9043,35,1,2,0
46,43393,809,15359,23,1,3,1
62,16076,563,70259,7,1,0,0
54,58461,608,32626,9,0,1,1
33,87993,654,23718,20,1,0,1
55,115365,755,63012,32,0,3,1
63,59742,646,16269,10,1,3,0
57,88377,536,5012,33,1,2,0
42,102513,717,73841,27,0,3,0
44,22378,530,26796,31,0,4,0
58,84947,510,39633,3,0,2,0
35,28314,374,37457,35,1,0,0
55,85775,332,30439,13,1,0,1
60,61606,708,19182,14,0,4,1
26,82807,551,30939,32,0,0,1
19,41035,831,58744,31,0,2,0
40,60478,657,65399,4,1,0,1
24,34448,630,35138,16,1,1,0
21,21170,360,5132,15,1,4,0
27,34309,321,16073,23,1,2,0
55,25281,332,47435,35,0,4,0
26,76621,629,14455,3,1,4,0
32,61417,749,30562,20,1,0,1
48,90170,538,12771,18,0,4,0
42,55936,633,70280,35,1,3,0
52,36545,675,29965,20,0,0,0
46,17370,800,15878,16,1,2,0
59,52380,649,79991,0,0,0,0
65,118824,692,26050,7,0,0,1
61,28315,368,43087,0,0,2,0
19,108170,560,10399,34,1,5,0
28,74312,754,62878,1,1,2,0
22,63997,377,47582,13,0,1,0
55,28650,381,66826,33,0,3,0
37,49964,763,8196,5,1,4,1
18,95737,578,59967,32,0,3,0
65,48004,777,60281,0,1,1,0
63,96296,623,38505,1,1,5,0
55,69914,793,12852,22,1,2,1
22,71334,381,54914,2,1,3,0
64,49761,656,57085,34,1,4,0
61,44051,431,38036,29,1,4,0
56,64183,594,76685,21,1,4,0
50,96913,636,36458,18,0,4,0
35,82235,495,39132,0,1,1,0
21,69711,405,62757,1,1,5,0
37,21845,317,40268,10,1,5,0
42,60188,478,6537,29,0,0,1
20,77345,492,42173,21,0,5,0
55,17750,728,17881,18,1,3,0
62,92433,588,39858,27,0,1,1
48,49019,804,47839,4,1,5,0
42,116109,739,58445,20,1,0,1
59,48850,325,45844,13,1,2,0
35,93999,380,76328,22,1,0,0
55,65207,611,48140,29,1,0,0
27,78507,510,33665,26,0,2,0
30,107697,347,54551,21,1,0,1
35,110708,595,39059,11,1,2,0
27,29153,380,20083,22,1,5,0
24,51620,620,7418,7,0,0,1
21,34943,789,24005,9,1,0,1
38,47943,675,24600,13,1,2,1
54,51062,831,28251,3,0,4,0
55,24325,697,25702,2,1,2,0
53,18147,332,73602,5,0,3,0
30,27237,661,50743,7,0,0,0
47,24251,335,39665,35,1,2,0
20,83974,375,11648,6,1,4,0
42,112716,517,78927,30,1,5,0
55,39069,321,14616,25,1,0,0
62,112868,663,21703,18,0,0,1
41,76522,405,24139,19,1,1,1
64,80496,697,48088,19,1,3,1
61,51787,770,9765,14,1,4,1
65,104031,840,58877,19,0,2,1
62,88549,457,51505,4,0,0,1
22,57658,408,75791,20,1,1,0
21,84725,491,27722,20,0,1,1
44,94094,645,63573,2,0,2,0
26,17310,531,76935,15,1,2,0
30,15590,381,79262,10,0,4,0
46,28540,768,6203,3,1,5,0
65,82468,633,71997,3,0,2,0
31,113238,519,67173,19,1,5,0
47,105343,539,40003,33,1,2,0
44,21657,621,34687,1,0,0,0
20,43538,821,53766,12,0,1,1
34,41811,553,63433,28,0,0,0
28,68551,558,11759,3,0,4,0
64,111453,760,68833,34,0,5,1
48,44938,366,46640,10,0,3,0
53,106774,302,58179,20,0,4,0
37,88360,415,24465,24,1,5,0
32,79395,455,5198,24,0,4,0
34,95655,572,36142,34,0,1,1
51,70501,717,12941,25,1,0,1
56,88853,416,71983,9,0,4,0
40,112410,412,66309,11,0,5,0
60,45743,368,72870,27,0,5,0
47,53543,451,75911,5,0,2,0
40,25684,781,65340,19,0,1,0
46,55987,833,8688,0,1,0,1
27,68289,666,12675,1,1,2,0
46,117492,523,12807,28,0,2,0
18,36722,685,67855,27,1,5,0
63,27699,321,13268,11,1,5,0
37,37499,550,26140,30,0,2,0
34,29696,849,18563,4,0,1,1
64,41093,441,67992,4,1,3,0
45,67413,494,53032,3,1,1,0
21,16747,428,32839,10,0,4,0
29,57951,723,33434,27,1,4,1
62,102366,494,10368,28,1,3,0
27,29440,404,62063,6,0,1,0
52,107631,595,63236,0,1,5,0
39,59910,648,26151,9,1,1,1
29,36599,678,11419,8,0,0,1
49,70537,725,16855,21,0,5,1
18,65957,361,43294,7,1,1,1
54,24317,439,22771,16,1,0,0
48,74353,815,32592,18,0,3,1
38,20567,370,51116,13,1,1,0
36,102979,364,28375,29,1,0,1
55,112144,681,26164,30,1,5,1
59,45161,849,49999,32,1,2,0
23,101886,574,54657,28,0,3,0
25,117395,329,15029,28,1,2,0
26,118121,842,8310,35,1,4,1
60,71080,848,39820,34,0,3,1
53,51999,675,15222,28,0,0,1
32,118036,581,59986,3,0,4,0
37,61735,586,46955,4,1,2,0
28,103044,497,51928,3,1,2,0
51,79066,327,46784,7,0,4,0
53,36769,706,60850,33,1,1,0
24,29101,827,31959,12,0,3,0
27,80123,653,42852,31,0,0,1
18,117844,651,43645,13,0,3,1
44,25059,310,30512,7,1,1,0
55,24682,526,6883,21,1,4,0
64,26020,367,39335,32,1,3,0
21,80187,377,36483,8,0,1,1
49,109720,305,77222,5,0,5,0
34,59395,749,33219,34,1,2,1
26,108823,363,37162,30,1,4,0
29,76532,847,44475,27,0,3,1
32,106791,807,72146,6,0,4,1
19,110620,819,40872,29,0,2,1
49,93834,756,67678,26,0,4,0
20,99810,761,42067,26,1,4,1
54,68202,767,39113,24,0,0,1
62,22025,711,48400,19,1,4,0
44,108072,480,74384,35,1,2,0
38,18700,445,54281,14,1,1,0
22,81407,532,58170,30,1,4,0
49,80514,530,52741,10,1,3,0
58,118998,819,46788,18,1,2,1
44,87185,756,15625,12,1,1,1
46,20488,407,61501,33,1,3,0
46,90466,498,53002,27,0,4,0
40,61110,614,73443,11,0,5,0
18,65960,376,6358,19,1,0,1
53,89274,805,33097,4,1,5,1
24,40833,474,48761,27,1,4,0
21,96261,815,46194,2,0,2,0
61,74413,527,58832,20,1,1,0
33,87375,422,20639,28,0,2,0
48,40883,393,34926,18,0,5,0
61,83166,637,75266,6,0,3,0
48,105616,724,61048,25,0,0,1
19,67149,697,56243,1,0,4,0
35,72755,795,61632,10,0,2,0
56,44543,425,30959,11,0,3,0
28,73085,405,62105,5,1,3,0
35,62093,368,21828,13,1,2,0
64,22160,536,24350,11,1,5,0
24,34763,587,14854,22,1,2,0
43,117442,573,23807,19,0,4,0
39,46832,780,5198,25,1,4,1
41,76487,842,54249,1,0,3,0
49,59198,489,58250,5,0,2,0
44,74779,848,11351,14,1,4,1
19,19918,417,24694,15,0,3,0
22,107122,783,15216,29,1,0,1
40,20877,314,6281,12,0,5,0
43,89538,678,41157,16,0,2,1
58,67562,805,10689,30,1,1,1
19,101281,708,10185,8,1,3,1
59,87959,765,55427,2,0,1,1
40,41077,467,69647,28,1,1,0
35,98073,518,58328,21,0,5,0
22,106666,582,61901,13,1,3,0
48,20028,810,56314,11,0,5,0
52,114676,441,58374,5,0,3,0
32,103027,332,34168,16,1,4,0
47,53550,535,22658,32,0,1,1
52,59862,545,26604,9,0,2,0
26,87111,708,25832,17,0,1,1
22,105226,348,66275,6,1,4,0
34,44316,612,19932,20,0,2,0
48,19347,435,29808,20,1,2,0
50,108816,826,35057,18,0,0,1
51,83433,463,39472,10,1,2,0
20,52200,644,67071,1,1,3,0
49,118554,503,69603,29,1,5,0
65,112755,649,6579,22,0,3,0
41,19802,497,72917,19,0,5,0
48,79596,806,21977,32,1,5,1
59,99987,564,47489,33,1,3,0
61,16304,529,30726,33,1,1,0
49,40993,740,63355,16,1,0,1
19,43651,599,35184,15,1,4,0
43,39151,774,25262,13,0,2,0
60,84058,766,78831,0,1,4,0
59,21335,699,72121,23,0,5,0
19,39280,431,43128,2,1,0,0
42,93040,500,48843,13,0,2,0
41,54016,599,75093,1,1,5,0
21,88154,318,56314,19,1,1,1
26,111475,593,52944,16,1,5,0
63,15004,514,12483,16,1,1,0
51,65628,579,19908,27,0,1,1
31,58448,734,31938,25,0,0,1
58,19080,407,44513,21,1,2,0
22,93213,618,68706,26,1,4,0
20,95417,719,39970,15,1,3,1
46,17723,535,12848,27,0,4,0
18,101324,597,48077,26,0,1,1
64,97540,422,33535,32,1,0,1
30,100067,780,55666,24,1,5,1
25,94179,502,44796,29,0,4,0
38,40772,309,26549,3,0,1,0
49,91568,716,18097,3,0,3,0
63,79824,566,67957,32,1,4,0
37,44327,527,25376,30,0,1,1
61,82283,843,27767,1,0,4,0
32,106222,820,60494,1,1,4,0
63,16119,321,15400,30,1,0,0
40,98520,784,45833,3,1,4,0
19,59871,361,32014,22,1,1,1
24,70624,580,6840,6,1,4,0
28,105379,687,6484,8,1,3,1
42,63277,489,33647,23,0,3,0
26,83399,800,13865,0,0,2,0
55,93020,563,28597,22,0,4,0
22,77138,418,67452,33,0,4,0
62,93974,584,48565,17,0,0,1
22,53054,405,32094,22,0,3,0
25,20225,816,12828,25,0,5,0
59,115320,697,72741,0,0,0,1
61,78638,737,30074,27,0,1,1
19,116422,664,32459,25,0,0,1
37,93132,435,41579,33,1,3,0
42,101951,547,59284,22,0,5,0
21,50616,466,71838,8,0,3,0
63,93568,665,75555,30,1,2,0
59,77490,545,11341,28,1,0,1
41,91350,469,24938,35,1,5,0
63,91810,828,17239,5,1,0,1
62,88031,676,78713,27,1,4,0
28,77534,736,73227,27,1,4,0
42,91332,643,23750,33,0,5,0
52,65708,354,16680,0,0,3,0
58,47824,784,10150,35,1,0,1
35,54663,312,28427,15,0,4,0
57,28248,430,43861,34,1,0,0
54,99917,721,69024,1,1,1,1
42,75707,686,19664,2,1,5,0
18,106936,450,18034,9,1,3,0
53,27918,594,21807,32,1,2,0
41,61524,492,10023,17,0,3,0
49,42273,648,6019,13,1,0,1
28,89525,777,28542,6,1,4,1
52,93698,407,18581,16,0,2,0
32,115059,613,32528,1,0,3,0
48,75397,847,43935,5,1,4,1
60,116685,843,23614,7,0,4,1
58,112677,754,12672,3,0,0,1
49,37666,556,33733,2,1,4,0
62,81748,634,67449,22,0,1,0
44,60002,482,74586,6,1,4,0
62,28222,544,31540,13,0,1,0
38,82811,527,23379,8,0,1,1
55,23671,766,71797,3,1,1,0
20,65693,498,59191,14,1,1,0
45,41494,584,53688,29,1,1,0
45,96607,787,27127,13,0,2,1
37,21644,568,59036,1,0,3,0
65,68351,477,11977,26,1,4,0
63,33225,631,47487,25,0,1,0
39,40653,849,44814,8,0,4,0
56,110499,590,10214,20,0,3,0
39,78006,362,20714,28,1,2,0
62,81420,546,48500,12,0,4,0
27,99610,771,5062,15,1,0,1
32,47707,562,63731,35,0,3,0
47,115572,764,34564,33,0,2,1
49,89838,494,61369,7,1,5,0
20,119549,526,50976,21,1,4,0
27,38646,786,67497,0,0,2,0
28,75716,611,36955,1,0,0,0
18,20928,803,15788,17,1,5,0
64,99240,802,68574,28,1,0,1
56,110103,389,30561,32,0,0,1
49,22891,519,14443,6,1,2,0
31,42826,396,44498,14,1,1,0
20,55102,385,19687,23,1,2,0
57,66124,403,5327,1,0,4,0
47,51304,748,46079,30,0,3,0
20,95577,303,40842,19,0,2,0
62,52301,687,15827,9,1,0,1
22,35428,743,60925,22,1,0,0
43,24609,761,52243,19,1,4,0
61,73621,508,74720,4,1,1,0
19,25938,693,78829,14,0,5,0
54,47417,304,63392,32,1,3,0
62,68727,488,55307,11,1,2,0
24,21455,643,23506,18,1,2,0
47,107636,614,9314,27,0,0,1
55,30255,433,19613,15,1,0,0
36,65976,656,12998,6,0,3,1
18,26379,666,61958,30,1,5,0
52,105466,417,68245,1,0,5,0
20,62315,830,47536,18,1,1,1
57,88171,823,19084,0,1,0,1
33,34592,535,5305,19,0,2,0
55,99796,577,70020,32,1,4,0
64,105058,645,29265,28,1,5,0
36,54428,387,43181,21,0,3,0
38,111661,654,7222,34,1,3,1
44,57274,755,67177,1,1,2,0
32,33676,440,37173,33,0,1,0
59,30969,407,21806,1,1,1,0
39,97981,430,51312,3,1,1,0
39,74079,824,69700,8,1,3,0
39,71010,699,70186,17,0,5,0
39,101975,564,40636,18,0,3,0
33,112666,452,66466,18,1,1,1
63,15857,409,36665,0,1,3,0
30,85983,437,40002,22,1,0,1
18,24143,530,40405,6,1,4,0
31,98895,764,6377,30,1,5,1
22,86013,681,31607,9,0,5,1
64,28424,551,51236,7,0,0,0
56,90641,609,10381,10,0,1,1
40,31836,661,5714,34,1,2,0
49,100384,395,42059,26,1,5,0
28,26145,746,14673,19,0,5,0
42,20591,399,18593,13,1,4,0
38,28997,824,17441,20,1,3,0
22,100980,389,20279,25,0,0,1
49,116015,644,5160,0,0,3,0
20,110496,710,29975,31,0,3,1
23,21077,467,35878,29,0,1,0
46,56483,604,66801,29,0,3,0
63,71646,795,24424,11,1,2,1
39,33464,645,67736,0,1,3,0
54,16391,731,51198,19,1,2,0
56,69586,486,17062,21,1,4,0
64,63558,595,60688,10,1,1,0
45,108713,572,57300,33,0,1,1
42,47910,528,25570,1,0,3,0
21,43065,392,22516,17,0,1,1
38,84841,692,63447,32,0,5,0
47,88402,634,63405,25,0,4,0
26,51779,622,24098,17,0,1,1
47,76765,846,50555,0,1,5,0
59,44665,800,76460,15,1,5,0
40,70467,812,70999,25,1,1,1
46,57273,375,27009,24,0,5,0
47,61767,382,12417,29,1,5,0
58,103446,831,12836,4,0,5,1
35,16804,520,75721,3,0,1,0
26,102158,429,71994,15,0,2,0
55,50801,653,38690,15,1,0,1
29,49836,576,21184,23,1,5,0
26,62343,506,17944,6,1,4,0
48,63619,637,38939,17,0,1,1
64,21738,709,59599,25,1,4,0
24,75867,753,65365,29,0,2,0
62,114903,482,49916,20,0,5,0
55,82550,574,12569,16,0,3,0
41,45757,451,79809,26,1,2,0
39,46117,338,66801,24,0,0,0
44,62011,757,35617,19,0,3,1
41,51007,620,18524,12,1,1,1
39,58648,330,40530,11,0,1,1
39,31550,731,49619,14,0,1,0
46,53450,757,40841,6,1,4,0
31,47064,745,58605,3,1,5,0
22,103260,747,27124,16,1,3,1
35,98744,671,18984,11,0,3,1
27,34716,828,50666,11,1,1,0
51,71995,413,55833,4,0,3,0
27,36556,463,19335,19,1,0,0
26,91193,724,23150,15,0,2,1
40,53239,733,42139,25,1,4,0
57,95493,746,45596,16,1,5,1
42,35939,752,14643,0,0,1,0
59,25470,532,66470,5,1,0,0
54,90526,617,65086,25,0,4,0
21,21618,724,35006,14,0,0,0
62,18738,755,63269,7,1,0,0
58,26732,303,51851,4,0,1,0
28,98902,763,28146,12,1,0,1
52,52820,611,40767,6,0,3,0
29,106981,621,12948,25,0,2,0
25,109568,711,72279,34,0,4,1
29,26964,819,74712,18,1,1,0
27,93494,423,57893,29,0,2,0
29,22146,354,7526,8,1,2,0
28,69817,655,56639,24,1,2,0
60,53911,632,51761,25,0,0,0
53,37159,306,16069,14,0,3,0
37,49092,494,24197,30,0,5,0
26,79916,769,50142,13,0,0,1
27,75928,482,17898,31,0,4,0
18,63745,503,14628,0,0,1,0
48,47335,393,69964,1,0,3,0
27,93152,327,65281,28,1,4,0
26,107818,842,52052,12,0,0,1
44,97858,552,72452,23,1,0,0
60,27390,311,15746,25,0,5,0
31,35480,798,67064,31,1,1,0
28,39297,471,13885,24,1,3,0
45,79383,425,37843,34,0,0,1
38,117828,560,40734,22,1,2,0
29,17038,666,67563,12,0,1,0
20,76955,723,31882,25,1,5,1
65,45544,391,62129,26,0,3,0
52,16663,312,54901,0,0,0,0
48,52024,357,47849,32,0,4,0
33,44999,761,70303,2,0,2,0
22,97946,675,61525,33,0,1,1
41,105716,723,9836,4,1,5,1
33,19851,641,64434,19,0,1,0
27,88218,648,79126,5,1,0,0
59,45443,578,79501,28,0,5,0
34,103256,602,46200,16,1,2,0
59,53631,808,5899,30,1,5,1
48,111414,484,60456,10,0,5,0
57,60831,467,43387,11,0,3,0
62,59830,663,62549,11,0,3,0
24,59545,641,39151,31,1,5,0
29,82695,480,48116,5,0,1,1
49,94837,387,37969,3,1,3,0
49,75915,337,8453,12,0,3,0
36,57524,441,11395,20,1,2,0
47,22642,341,25637,1,1,4,0
38,51096,731,21177,14,1,3,1
45,117369,339,15658,0,1,3,0
57,20152,725,21377,0,1,3,0
31,83212,736,51857,1,0,4,0
38,76644,447,29360,11,0,1,1
20,51966,604,36563,19,0,2,0
25,29019,571,16087,18,1,4,0
51,65445,648,21538,21,1,2,0
32,67073,792,27887,20,0,3,1
18,29651,846,34692,31,0,0,0
64,92426,531,24412,20,1,0,1
23,96033,494,24797,15,1,3,0
30,19886,822,62144,17,0,4,0
36,86339,338,39704,14,1,3,0
62,28717,754,45180,4,0,3,0
62,48238,369,25620,18,0,2,0
19,85961,552,12977,21,0,3,0
62,42852,829,79613,16,0,4,0
46,97358,490,16792,34,0,5,0
48,70872,529,20234,15,1,1,1
48,109188,752,53910,4,0,2,1
46,74868,464,22661,9,0,2,0
39,112759,540,39370,32,1,2,0
52,44870,507,58494,9,0,4,0
50,43287,831,33234,26,1,0,1
57,92345,823,13851,4,0,2,1
43,112976,532,24771,20,1,2,0
50,80425,582,78396,1,1,5,0
53,34524,543,49066,24,0,3,0
40,94309,411,41992,14,0,4,0
54,62594,599,47036,25,1,5,0
48,69593,817,48325,4,1,4,1
61,50258,496,43673,9,0,0,0
56,77350,467,75680,21,0,1,0
50,39043,842,46837,30,0,4,0
37,22668,606,27707,22,1,4,0
31,91406,767,44752,12,0,2,1
44,56991,648,37955,19,0,2,0
28,48879,657,64631,2,0,3,0
57,28019,501,75104,29,0,5,0
62,73290,547,8180,16,0,0,1
28,118838,620,69681,27,1,5,0
24,59180,328,34608,4,1,3,0
38,94943,559,20356,25,1,0,1
52,43349,439,50184,27,0,3,0
42,42934,593,68200,20,1,1,0
54,74885,484,45733,16,0,3,0
25,38371,745,11509,23,0,0,1
29,105761,461,42223,24,1,2,0
24,17576,834,5779,16,0,2,0
36,56195,790,71492,11,1,3,0
30,27856,800,39993,3,1,5,0
61,16584,442,60835,29,0,5,0
27,27392,383,10906,17,1,2,0
64,109060,599,45217,27,0,0,1
46,119817,806,58511,25,0,2,1
36,67296,713,63589,28,1,4,0
48,25173,793,50849,32,1,1,0
45,55883,471,12373,6,0,3,0
49,88486,770,11304,31,1,3,1
46,28811,488,15266,25,0,0,0
23,47032,331,69816,23,1,4,0
38,96636,483,61375,17,1,2,0
60,53428,740,50834,2,1,5,0
45,17532,789,57728,22,1,3,0
58,100061,448,36561,34,1,4,0
51,26840,394,69665,8,1,4,0
57,19103,530,52135,2,0,2,0
35,59120,616,27524,8,1,4,0
54,101752,369,5623,35,1,3,0
53,82206,353,37628,34,1,4,0
20,37341,676,55832,35,0,2,0
42,116402,519,32684,3,0,1,0
59,42207,593,22623,12,0,4,0
19,60845,327,50193,33,1,4,0
28,114264,821,26148,7,0,0,1
53,31943,414,50858,35,1,1,0
31,104113,606,47664,7,1,3,0
37,110200,424,23246,18,0,4,0
57,35556,551,59267,15,0,1,0
57,48255,575,48330,28,1,0,0
42,105575,517,63996,14,1,0,1
44,25653,334,73401,12,1,0,0
62,116481,468,18604,22,0,1,1
19,96397,323,21445,3,1,4,0
48,67218,667,7131,4,0,2,1
21,56591,378,45078,2,0,3,0
52,27147,679,19069,20,1,3,0
56,101602,491,66077,32,1,4,0
45,104579,839,57761,14,0,4,1
59,116071,415,79899,0,0,4,0
50,98535,510,45125,15,0,5,0
30,89247,646,11130,11,0,5,0
33,59671,546,58287,17,1,5,0
32,61424,474,23694,19,1,5,0
25,82377,672,45996,34,1,4,1
32,84199,720,35943,16,0,0,1
36,50722,511,44924,20,0,3,0
31,115267,649,56833,17,0,1,1
57,114398,416,41728,34,0,3,0
61,85568,315,58667,19,1,3,0
51,74574,312,32545,28,1,1,1
64,42611,822,11497,34,1,5,1
51,55278,835,22665,33,0,4,1
63,49583,602,55102,14,1,2,0
27,99075,403,71114,13,0,2,0
31,22685,588,19019,30,0,2,0
48,52477,475,32030,4,1,4,0
34,67452,405,75152,0,1,0,0
57,35540,793,57009,12,1,0,0
64,58821,590,78368,7,1,1,0
53,57934,670,28369,26,0,2,1
56,76341,349,64062,19,0,5,0
20,72723,716,8146,12,1,1,1
21,63743,478,17652,23,0,5,0
50,106007,609,15802,31,1,2,0
39,61291,642,27444,25,0,1,1
29,35219,477,43834,30,1,2,0
39,59539,800,35728,5,0,2,1
34,119817,577,38496,35,1,3,0
26,119688,314,28985,34,0,3,0
58,65047,733,24713,14,1,0,1
61,72184,695,66728,20,1,1,1
60,41366,349,37510,8,0,3,0
38,33383,746,70560,30,0,2,0
31,48696,732,31972,24,0,2,1
22,48798,386,19522,10,0,3,0
59,68157,684,44673,4,0,0,1
27,61997,381,63402,22,1,1,0
46,35282,774,13370,34,1,1,1
52,60590,503,34634,0,0,3,0
61,33396,606,73068,6,1,1,0
63,76708,420,31673,10,1,1,1
20,45505,540,49189,21,1,1,0
22,112339,790,42270,30,0,4,1
56,22541,523,51911,22,0,1,0
44,24471,623,61261,23,0,2,0
46,107907,764,23832,15,1,3,1
28,91383,570,49438,28,0,4,0
20,75676,695,22809,29,1,1,1
43,20595,698,6791,20,1,3,0
52,95310,435,38214,14,1,5,0
57,55590,326,32336,3,1,0,0
62,45447,662,69659,14,1,0,1
47,30729,636,52536,19,1,1,0
30,83584,309,39340,16,0,1,1
26,77260,470,55774,3,0,5,0
19,15189,568,70321,5,0,2,0
58,36518,759,15022,5,0,3,0
18,58826,730,15867,34,1,2,1
39,39433,358,69020,31,0,1,0
27,107117,748,21702,29,1,4,1
21,87510,717,42323,9,0,1,1
30,30165,832,70011,5,0,5,0
35,32895,378,44730,1,1,0,0
62,36164,459,61156,24,1,1,0
31,119517,655,36522,5,1,5,1
38,17600,794,58334,7,1,4,0
42,100620,377,79870,7,0,2,0
28,85549,376,30134,16,1,3,0
35,22396,734,47111,25,1,2,0
33,47849,684,46134,26,1,0,1
21,110379,766,16098,4,1,0,1
33,113369,370,58490,14,1,2,0
35,39386,676,10109,4,1,1,1
53,84747,645,45964,22,1,3,0
37,76337,805,62655,21,1,1,1
47,28863,844,36881,0,1,1,0
41,111471,342,9468,7,1,5,0
54,49051,344,71583,32,0,1,0
52,68483,604,11784,0,1,1,0
40,71464,736,59409,29,1,5,0
49,76588,615,59983,5,1,0,0
59,34357,707,40600,20,0,1,0
62,54539,759,15693,34,0,3,1
45,101983,430,27326,33,0,5,0
59,21276,305,48055,1,1,1,0
37,117796,547,69479,10,0,5,0
41,56678,309,21432,33,1,2,0
36,111258,528,78263,19,1,1,0
37,37994,614,31631,30,1,1,0
21,15167,582,57443,0,1,4,0
26,32702,560,6269,35,0,1,0
28,62121,687,78319,14,0,0,1
24,70589,669,15061,15,0,1,1
35,64093,715,56093,13,0,3,0
22,76706,610,65947,32,1,0,0
46,109066,412,44024,29,1,5,0
37,118823,495,13796,11,0,3,0
43,94657,450,13346,1,1,3,0
26,88763,664,29634,10,0,4,1
32,94198,815,51557,22,0,2,1
36,110614,499,29258,29,1,3,0
29,38453,463,6053,5,1,1,0
41,18446,603,43143,4,1,0,0
23,32296,353,14693,25,0,3,0
30,81876,717,12534,13,1,0,1
49,21966,757,74636,17,1,1,0
44,94057,556,53633,6,1,5,0
29,84321,390,14811,13,0,4,0
33,104212,801,42047,12,0,3,1
24,112330,688,25613,13,1,4,1
24,87521,791,68127,17,0,4,0
35,74177,604,67191,2,0,1,0
50,65674,841,37264,6,0,0,1
48,49700,703,24724,5,1,5,1
45,94974,397,72916,3,1,5,0
30,63459,553,48094,25,1,5,0
58,59694,303,44384,25,0,0,0
27,42836,842,72599,23,0,5,0
35,68842,317,73536,9,0,3,0
45,70544,790,30992,13,1,2,1
42,18386,738,64827,20,0,1,0
45,65920,549,7167,32,0,0,1
65,35072,668,12576,11,0,2,0
58,91699,672,37558,7,1,1,1
22,98368,483,16707,30,1,0,1
64,47038,589,22513,25,1,2,0
58,23730,558,55598,10,1,3,0
24,56862,446,29185,25,1,0,1
60,102426,705,43382,5,1,3,1
27,16948,395,73608,26,0,5,0
23,102464,446,56547,32,0,5,0
37,35751,794,11577,32,0,1,1
60,25282,761,7965,19,1,5,0
24,51412,675,13812,3,0,1,1
63,52128,756,23224,11,0,5,1
47,26230,657,48436,3,0,4,0
61,47825,665,56630,10,0,4,0
48,50356,528,63032,33,1,0,0
52,48095,312,28505,12,0,3,0
43,46847,528,39572,12,0,1,0
41,107507,781,60095,10,1,4,1
29,84448,381,18042,28,0,4,0
28,60434,726,64661,31,1,2,0
59,93294,668,40677,12,1,0,1
20,112664,809,44219,24,1,4,1
58,31288,335,17515,28,0,3,0
46,56012,630,49556,17,1,3,0
61,112558,695,56916,23,1,5,1
60,116330,725,17210,5,1,5,1
59,114273,836,35608,18,0,1,1
53,44359,598,41181,35,1,1,0
33,56233,444,68545,2,0,3,0
55,60592,723,13325,21,0,1,1
19,94173,531,27411,34,0,4,0
39,46147,708,38022,11,1,3,0
60,75005,830,45997,18,0,3,1
43,32840,395,77674,20,1,1,0
41,76120,798,71882,4,0,1,1
38,91397,825,56191,2,1,2,0
62,49053,679,52294,28,1,0,1
46,54438,533,15229,11,1,1,1
25,35389,346,55530,35,0,2,0
21,48807,730,68128,6,0,0,1
45,118028,648,6658,16,1,3,0
25,32413,843,65980,32,1,0,0
57,25990,590,44896,9,0,5,0
53,88728,552,55652,28,1,3,0
53,29385,749,12000,29,1,2,0
18,100687,354,79488,13,0,0,0
62,18681,373,9823,7,0,4,0
61,33433,821,60930,33,0,3,0
57,21410,733,66421,4,0,2,0
58,45630,621,52828,16,0,0,0
40,32723,837,21862,0,1,5,0
39,100869,374,24792,22,1,4,0
54,27761,846,16987,35,0,0,1
56,77168,420,47736,16,0,4,0
26,84354,754,17252,18,1,3,1
37,60124,656,5934,35,0,3,1
65,57269,480,10594,25,1,4,0
48,97203,369,30938,7,1,2,0
46,87526,692,38331,16,0,5,1
26,53195,804,46587,5,0,5,0
49,76028,549,45814,27,1,1,1
27,26487,484,28877,33,0,1,0
48,29350,485,58355,31,0,2,0
35,74464,314,29973,3,1,0,0
36,113391,353,49920,4,1,4,0
32,33506,833,18126,18,0,0,1
23,87604,453,48018,18,1,2,0
31,70407,352,77211,3,1,5,0
53,60539,687,69618,26,0,3,0
44,94418,784,18874,30,1,1,1
60,77466,805,18738,22,0,0,1
33,78397,547,37628,32,1,0,1
44,55823,523,59055,14,0,0,0
65,38192,498,11970,32,0,3,0
58,82257,815,35717,16,1,5,1
35,21878,730,41212,35,1,5,0
39,117973,346,44043,32,1,2,0
27,105957,441,22510,15,1,4,0
18,92119,485,24777,1,0,3,0
32,109027,713,50373,10,1,4,1
50,114475,490,51513,32,1,3,0
35,56066,624,51607,0,1,4,0
45,38176,329,57289,16,1,2,0
36,116120,637,22078,20,0,4,0
59,103813,605,43932,24,0,2,0
53,77958,567,29131,8,0,0,1
50,58333,451,36388,26,0,0,1
42,36754,566,54442,7,1,0,0
25,80463,577,6749,16,0,0,1
64,101420,690,42980,16,0,0,1
36,49217,844,43842,29,1,4,0
27,75487,539,33685,35,1,0,1
51,51649,797,22905,19,1,2,1
19,89333,646,52103,32,0,1,1
56,54366,739,62690,26,1,1,1
47,65274,713,28368,17,0,0,1
29,103661,490,48090,22,1,0,1
60,103506,483,56970,5,1,3,0
48,107435,321,7975,2,0,5,0
54,46420,347,8184,26,0,0,1
53,57312,767,78481,13,1,2,0
64,47153,601,9978,2,1,3,0
32,20573,841,41819,24,1,5,0
23,22589,735,24955,16,1,3,0
47,70665,442,78643,28,0,3,0
44,62187,577,40165,23,0,4,0
41,90239,667,38700,27,1,1,1
32,64320,538,30184,8,1,4,0
63,101890,571,77292,19,0,0,0
47,41517,404,16091,30,0,4,0
39,31251,560,17331,15,0,3,0
47,30317,760,26318,10,0,5,0
48,20835,353,17759,2,0,5,0
39,118772,594,63660,5,0,5,0
27,90777,828,27129,5,1,1,1
42,110297,377,24026,17,0,3,0
39,91660,756,13783,1,0,2,0
46,99596,402,8434,3,1,5,0
48,112167,350,19259,0,1,1,0
50,64804,415,65677,35,0,5,0
20,68671,334,26539,12,0,2,0
53,111542,733,53100,23,1,4,1
27,49946,741,42346,23,0,0,1
44,108194,568,13291,14,1,5,0
55,65804,757,33705,5,0,3,1
56,110493,732,12171,15,1,1,1
58,76727,506,7489,16,1,3,0
45,104800,424,36086,32,1,0,1
18,35338,623,53245,12,1,4,0
44,81893,477,20219,2,1,0,0
61,68346,577,51405,10,0,0,0
32,106490,396,22077,32,1,3,0
62,52198,743,79301,32,1,5,0
47,108754,779,13734,26,0,3,1
46,100738,716,32360,4,1,1,1
49,69887,661,51489,24,1,4,0
52,102452,409,6582,3,1,4,0
34,68714,507,46693,4,1,1,1
18,37911,710,30032,34,1,0,0
36,25366,658,60429,10,0,0,0
25,88778,645,8784,9,1,2,0
38,52258,642,16579,6,1,2,0
26,16263,463,12023,30,1,1,0
49,33946,474,77734,2,0,1,0
36,78371,470,26360,35,0,3,0
47,103421,372,31381,32,0,5,0
40,84774,754,77485,24,1,0,1
58,75916,836,20664,23,0,4,1
24,75821,317,19303,4,0,5,0
39,96370,449,60229,29,1,4,0
23,105292,497,9974,30,1,1,1
18,90596,334,75711,20,1,1,0
22,78805,650,40337,32,1,4,0
34,45145,544,51348,6,0,3,0
33,18222,437,72831,32,0,0,0
55,55049,431,22847,12,0,0,1
45,28329,481,19537,34,0,3,0
50,45773,768,51242,6,1,5,0
48,50825,428,42339,31,0,5,0
22,15604,691,45429,4,0,5,0
58,26588,656,71052,18,0,2,0
37,74230,701,20404,3,0,0,1
44,32760,789,44860,3,0,2,0
65,71716,582,59747,32,0,4,0
34,84550,622,10310,29,0,1,1
52,72446,749,32119,5,0,1,1
39,38301,333,23360,13,1,2,0
56,89757,755,60459,24,0,4,1
34,119065,452,10563,16,0,2,0
51,31345,545,24618,3,0,0,0
30,57523,812,66510,30,0,5,0
27,43483,543,16875,23,0,3,0
59,100487,300,28929,21,1,5,0
23,71234,544,65145,22,0,3,0
48,89284,393,14136,32,0,0,1
27,76062,467,38180,31,0,4,0
23,46062,441,55680,12,0,2,0
37,60853,466,61050,18,1,2,0
56,48710,475,47993,25,1,1,0
25,18303,685,31938,30,1,2,0
34,63857,700,56309,15,0,1,1
34,95578,440,46043,0,1,5,0
37,28054,720,29642,15,1,2,0
31,102528,668,72830,9,0,2,0
29,59159,376,7877,11,1,3,0
61,44126,826,72701,29,1,2,0
51,84299,605,53515,0,1,4,0
63,116257,712,8514,21,0,3,1
60,60693,460,45810,29,0,1,0
21,109557,652,51764,11,1,0,1
33,59957,667,9118,35,1,0,1
60,20427,484,61395,12,1,1,0
29,32102,835,43846,2,1,1,0
29,57840,630,57074,16,0,4,0
56,109927,574,7304,12,0,1,1
51,113836,365,56268,21,0,4,0
61,58874,696,9589,19,1,3,1
55,49585,627,32227,15,0,3,0
62,45516,695,78438,35,0,3,0
24,40415,348,50162,6,1,0,0
20,112206,513,74511,5,1,3,0
58,91223,832,60516,21,0,4,1
30,103742,725,10503,12,0,3,1
38,64801,545,24005,14,1,0,1
26,100385,320,37491,27,1,4,0
27,94303,628,75160,30,1,0,0
65,98885,615,23635,33,0,3,0
47,77778,590,35705,32,0,2,0
44,52668,497,33216,19,0,5,0
48,118754,461,36455,29,1,0,1
28,98666,381,9968,28,1,4,0
54,101647,552,69125,31,0,2,0
43,101661,541,34449,14,0,4,0
44,49733,518,48272,16,1,1,0
62,35437,529,71956,3,1,3,0
33,18381,762,46460,10,1,1,0
56,45362,713,7326,14,1,3,1
26,93894,485,14454,33,0,2,0
19,21979,810,70429,27,0,1,0
38,45836,418,71530,21,1,1,0
22,61857,847,17866,18,0,3,1
35,116890,411,19649,31,0,3,0
48,37681,352,76577,22,0,3,0
52,49112,331,7052,7,1,2,0
42,86177,693,75819,16,0,4,0
26,83162,624,60110,22,1,4,0
65,30293,539,20391,0,1,4,0
62,23528,350,59026,29,1,1,0
48,112564,541,55334,0,0,3,0
20,95295,572,59340,13,1,4,0
57,113757,491,9263,35,1,3,0
39,114958,406,58614,34,1,2,0
46,85264,584,21469,22,0,1,1
61,102108,710,43023,5,0,1,1
30,20745,684,12277,11,0,2,0
29,93311,453,74512,22,1,2,0
51,85511,675,30410,11,1,2,1
60,77148,645,8855,29,1,4,0
26,62063,584,16044,19,0,5,0
52,85867,510,22408,27,1,0,1
20,81417,666,14062,26,0,0,1
29,23664,783,55555,26,1,2,0
47,119517,319,47760,8,0,5,0
50,46156,598,57319,19,1,5,0
18,68060,464,38617,29,0,1,1
19,74327,505,34864,22,0,3,0
41,111487,409,36827,11,0,5,0
26,104112,462,70557,24,1,1,1
55,26064,466,55369,7,1,5,0
58,28423,658,48145,6,1,1,0
49,110594,732,66529,34,1,3,1
64,80299,385,16683,18,1,0,1
61,112758,643,57608,22,1,3,0
27,37351,319,31596,26,0,1,0
61,69901,336,69884,22,0,2,0
64,103745,793,43376,35,1,2,1
38,69672,427,21337,14,0,4,0
56,62055,662,47225,29,1,0,1
53,56674,358,40910,32,0,3,0
55,17833,720,66131,5,0,4,0
27,99586,778,63282,21,0,5,1
28,84002,507,45409,5,0,2,0
19,114349,748,54407,34,0,5,1
29,42507,597,5980,32,0,3,0
37,114154,327,5126,12,0,2,0
64,15396,837,68674,25,0,4,0
48,27503,614,9462,16,0,5,0
55,50395,485,58145,3,0,0,0
62,66791,766,68403,19,1,0,1
55,113819,553,11884,8,0,4,0
24,112104,562,44235,7,1,0,1
28,29758,622,59947,0,1,4,0
35,28897,310,57757,8,0,5,0
22,64265,645,76307,30,0,0,0
53,31278,602,39931,10,0,0,0
25,116045,327,47018,12,1,3,0
28,65375,530,74441,8,0,5,0
54,18414,776,68046,33,1,5,0
52,74888,601,75109,24,1,4,0
35,59208,302,52390,31,1,2,0
51,82023,417,15914,6,0,0,1
48,100909,750,35189,21,0,0,1
41,109715,372,44845,28,0,3,0
56,58051,581,27957,14,1,3,0
51,114315,656,55505,1,1,4,0
44,67915,821,68473,1,0,0,0
59,49307,599,70035,6,1,1,0
23,110289,589,32634,18,1,3,0
21,38443,849,25408,19,1,3,0
54,85384,396,12679,25,1,0,1
57,27531,573,10798,13,1,2,0
58,64337,509,73828,34,0,5,0
56,17443,551,61566,32,0,4,0
26,51675,612,30776,31,0,5,0
55,113999,697,77960,22,0,1,1
44,43712,513,76671,26,0,5,0
48,15710,657,48290,23,0,2,0
32,21931,421,12995,7,1,0,0
43,117766,431,60123,23,0,0,1
20,89570,772,13465,18,1,1,1
24,87010,814,50786,2,1,4,0
49,91931,524,55017,21,0,4,0
54,48178,456,62460,1,0,0,0
65,64676,546,56030,20,0,2,0
52,73762,820,19633,23,1,2,1
64,67717,704,60162,25,0,0,1
57,101215,493,65192,24,0,5,0
63,107519,578,47551,27,0,2,0
39,113539,599,71127,9,1,0,1
55,16819,425,30740,9,1,2,0
23,38724,673,17908,9,1,3,0
18,88542,826,49606,10,0,0,1
54,117528,773,28104,18,0,4,1
43,74395,411,68602,34,0,4,0
19,49565,546,75325,11,0,3,0
43,17157,587,40373,33,0,0,0
25,91923,826,33717,5,0,5,1
37,15887,741,70478,22,0,1,0
48,101915,551,76896,4,0,5,0
31,67389,632,33149,8,1,1,1
35,51248,308,15168,2,0,1,0
37,33771,513,66385,8,0,2,0
57,52566,541,47559,12,1,0,0
38,61967,421,40330,0,0,0,0
53,55049,470,70144,28,0,0,0
51,115728,343,30933,1,0,2,0
18,80268,480,29878,24,0,3,0
20,81163,514,44553,16,0,5,0
26,94918,581,6166,19,1,5,0
51,90711,405,12168,2,1,1,0
20,19047,609,40262,31,1,4,0
42,109261,675,37603,28,1,3,1
51,44512,573,10001,24,0,0,1
39,77582,593,46876,12,0,1,1
62,35289,826,25030,23,1,3,0
54,117973,562,43815,15,1,3,0
25,102066,363,34765,2,1,3,0
53,58999,837,5829,8,0,3,1
51,44435,612,24408,7,1,5,0
46,95941,316,23734,24,0,5,0
61,20773,848,62616,4,0,3,0
20,73602,481,20132,12,1,3,0
31,50884,602,17738,22,1,5,0
58,101909,603,45137,10,0,5,0
62,45190,525,60529,16,0,5,0
39,105861,578,44501,11,1,0,1
39,51622,680,70699,2,1,2,0
54,38086,832,75176,7,1,4,0
49,74048,827,65833,9,0,1,1
55,106795,760,37296,4,0,3,1
60,55595,545,12394,8,0,0,1
47,41304,683,47167,16,1,1,1
23,106574,370,68829,5,1,1,1
22,61254,697,26297,7,1,2,1
47,39163,300,32716,10,1,0,0
63,16703,660,18478,22,0,3,0
37,55994,397,28696,11,0,0,1
38,49384,631,26095,25,1,3,0
33,96599,713,79799,24,1,0,1
33,39575,690,20104,17,0,1,1
46,118943,587,45995,4,1,2,0
28,61807,640,67832,24,1,2,0
44,60653,301,31224,22,0,4,0
48,58956,740,34025,34,0,0,1
20,31152,462,65376,17,0,0,0
31,45473,468,32096,12,0,0,0
33,57428,341,46472,12,1,0,0
58,113284,839,31009,31,0,0,1
31,116048,346,62144,30,0,4,0
28,45592,310,72761,16,0,5,0
65,119881,349,46574,0,1,5,0
32,107645,720,8672,7,1,0,1
45,49075,336,74525,20,0,2,0
28,70426,579,32759,4,0,4,0
31,53256,547,74675,31,1,4,0
60,36186,703,6004,13,1,4,0
41,72569,799,53534,9,1,4,0
60,92015,518,26935,31,0,0,1
24,74879,336,21974,0,0,2,0
47,57297,599,64834,24,0,5,0
29,83213,619,57340,31,0,5,0
65,18873,494,57858,6,1,4,0
59,56772,819,43822,27,0,4,0
36,16425,465,55192,6,0,5,0
27,53771,672,79395,17,1,2,0
63,54767,694,9310,1,1,0,1
47,100958,669,73582,2,1,4,0
43,77951,447,17366,20,0,4,0
56,89245,767,40919,16,1,3,1
39,41085,405,17757,6,1,4,0
54,113802,426,55071,28,1,1,1
54,93283,555,58983,35,0,4,0
18,48505,343,18324,1,1,3,0
43,18050,446,27448,24,1,2,0
64,83667,304,54370,15,1,4,0
58,99571,831,65748,19,1,4,1
41,93657,440,28840,2,0,2,0
64,20895,552,39939,33,0,1,0
60,104354,574,32156,15,0,5,0
18,27531,578,39890,5,1,3,0
53,30443,500,13835,0,0,2,0
41,95366,745,58439,33,0,4,1
36,92854,327,27541,17,1,3,0
51,100500,340,54667,31,0,4,0
51,77614,794,48643,24,0,1,1
46,71575,657,65836,33,1,2,0
27,23157,350,13742,14,1,2,0
49,91846,308,27796,35,1,3,0
40,34720,480,23375,4,1,0,0
25,49502,488,21999,30,0,3,0
55,73925,618,16574,28,1,1,1
63,63080,770,11764,1,1,2,0
24,64263,404,49351,17,1,4,0
42,80863,300,24719,2,0,1,0
35,34170,741,35342,35,1,3,0
26,71807,764,19431,21,0,3,1
48,45876,740,52778,26,0,0,1
32,94972,341,27589,5,0,3,0
29,49629,588,13410,3,1,3,0
62,101431,403,75469,5,0,0,0
59,63446,518,32549,2,0,0,0
18,89081,783,61460,1,0,1,1
31,35257,763,69204,28,0,3,0
57,115503,332,75845,27,0,5,0
19,105859,849,68454,20,0,0,1
33,33137,807,74906,6,0,1,0
35,34602,670,24591,31,0,3,0
47,66430,431,24190,10,0,0,1
44,101559,692,79607,33,1,5,0
55,113398,813,65008,1,1,5,0
23,33349,714,45057,14,0,3,0
22,44016,359,31536,34,1,3,0
42,90635,841,30594,25,0,0,1
56,42134,417,20445,6,0,4,0
42,36502,398,28119,22,0,4,0
44,30814,422,22832,12,1,0,0
54,100291,717,36810,34,0,2,1
58,71261,484,56678,22,1,2,0
49,56561,540,43047,0,0,0,0
40,104574,421,63225,10,1,5,0
49,28586,402,10297,15,1,0,0
31,99846,425,14903,11,0,4,0
44,101092,643,39132,3,1,4,0
40,76724,577,45642,8,1,5,0
35,103864,679,7740,31,1,2,1
56,59224,411,61916,10,1,3,0
29,110791,828,6745,14,0,1,1
38,94436,359,26452,34,1,3,0
21,101539,717,71683,10,1,0,1
32,88243,792,5290,31,0,5,1
47,28461,529,54765,27,1,5,0
51,76301,575,14344,18,0,5,0
40,86164,581,35143,18,0,0,1
57,43917,725,41634,27,1,2,0
27,73834,402,66729,15,1,4,0
46,15536,598,69518,11,1,0,0
56,53443,438,9759,9,1,1,1
22,113561,495,21424,6,1,0,1
59,101962,479,16456,18,0,5,0
56,59172,392,25759,35,0,4,0
40,63411,637,62083,22,0,0,0
65,62247,313,24403,5,1,4,0
62,64024,347,56940,15,1,2,0
25,35418,369,62837,31,0,5,0
44,111791,617,45485,33,1,1,1
24,19130,706,75931,34,0,1,0
36,20785,316,9928,17,1,5,0
51,43410,695,8083,34,0,3,1
61,59881,402,16579,1,1,1,0
29,48762,501,66702,30,1,3,0
22,87531,666,70691,31,0,3,0
25,58350,516,31105,19,1,0,1
51,85199,364,65990,17,0,3,0
56,99976,783,57386,4,1,3,1
56,82037,473,55417,11,1,1,1
50,54179,679,61520,7,1,5,0
25,66469,686,61997,35,1,3,0
65,93887,690,5729,33,0,1,1
28,65192,492,8803,16,0,3,0
43,86781,400,41370,32,1,0,1
37,22571,371,68388,5,1,0,0
36,56438,523,64309,7,0,5,0
48,22728,416,11506,33,1,3,0
24,103347,547,38190,6,1,5,0
61,68821,649,65602,0,1,4,0
54,79830,593,67124,21,1,3,0
18,117734,492,65639,35,1,4,0
43,73892,613,50961,29,1,4,0
41,88917,715,23264,6,0,1,1
39,89393,632,38169,6,0,0,1
48,63349,344,50292,22,0,4,0
43,94122,345,8307,19,1,5,0
46,61940,371,71461,35,0,3,0
53,35142,483,38437,6,1,0,0
64,115734,439,9087,4,1,0,1
36,51743,392,50370,33,1,4,0
21,80801,744,16976,3,0,2,0
46,60159,327,47647,27,0,3,0
28,18961,441,57505,11,0,4,0
54,61455,742,65109,7,1,5,0
20,29701,346,14115,1,1,0,0
39,32226,777,35156,0,1,0,0
22,44600,518,16425,11,1,4,0
32,107951,353,45390,23,0,5,0
46,62789,789,16920,9,1,3,1
21,28951,668,36656,32,1,0,0
41,56938,415,39184,23,0,4,0
38,18078,448,64367,12,0,2,0
38,43592,590,58850,7,0,3,0
41,63031,516,16673,34,0,2,0
28,119370,448,19864,7,0,0,1
55,72785,831,8911,6,0,4,1
62,112719,644,15120,22,1,5,0
60,20202,804,31252,18,1,5,0
31,34592,783,60858,31,0,3,0
30,20376,571,9020,8,0,5,0
55,59192,315,26099,27,1,5,0
59,70039,785,40772,0,1,4,0
22,118320,762,21985,6,0,1,1
30,90794,821,24676,6,1,3,1
64,30948,669,20650,22,1,4,0
22,73418,838,53531,27,1,1,1
47,42786,607,62783,8,0,3,0
29,34536,365,27245,23,1,5,0
22,113350,447,28161,32,0,5,0
27,31314,421,36882,33,0,0,0
55,49891,743,12808,6,0,3,1
47,33172,654,23849,3,1,4,0
28,86745,651,53053,21,1,1,1
34,78471,631,33387,19,1,4,0
65,47311,550,22578,31,0,2,0
21,22412,415,19567,35,1,0,0
34,118914,388,16573,17,1,1,1
38,45973,344,47406,35,0,2,0
39,62426,515,34996,20,1,5,0
51,99811,570,57886,24,1,4,0
30,107370,718,69197,16,1,1,1
48,41160,702,31218,21,0,3,0
29,45928,312,59378,2,1,0,0
58,103348,421,17553,18,1,0,1
34,27486,342,72913,1,1,4,0
20,101866,491,70684,19,0,1,1
38,26252,361,78740,22,0,2,0
35,86947,787,10158,1,0,2,0
46,50150,419,49402,16,0,0,0
46,113164,605,53406,30,0,1,1
20,91617,498,8932,4,1,3,0
64,69481,458,45929,19,0,3,0
37,44595,315,19310,32,0,2,0
51,67731,372,71414,1,1,4,0
46,83264,617,7861,26,0,5,0
48,86432,702,28442,5,1,5,1
65,72475,573,5088,10,1,0,1
44,33140,799,42235,13,0,4,0
33,119908,757,35689,20,1,2,1
25,29744,705,60748,1,0,0,0
56,20776,470,72818,8,0,5,0
59,30751,477,56891,9,0,4,0
53,60341,552,37857,14,1,1,1
34,37302,673,52912,2,1,2,0
32,45707,477,72102,27,0,3,0
41,57525,349,36651,11,1,4,0
53,55715,364,68159,35,1,0,0
27,111807,808,9003,5,0,1,1
43,16915,374,46221,5,1,1,0
26,81517,346,17594,10,1,1,1
33,115507,850,61390,11,1,4,1
31,68983,777,56689,3,1,1,0
65,27160,831,36457,24,1,1,0
56,109438,711,54049,34,0,5,1
41,59769,505,23355,27,1,0,1
44,68111,307,44642,20,1,5,0
50,89433,320,69484,32,0,4,0
60,88678,789,8763,10,1,1,1
28,36130,592,64491,5,0,4,0
34,62397,482,64979,8,0,1,0
37,65672,535,14905,35,0,4,0
65,60197,839,40751,22,0,2,1
50,58929,392,48847,18,0,0,0
54,108709,753,24466,25,0,3,1
36,45798,358,18296,1,1,0,0
33,108455,662,9415,5,1,3,1
59,94680,534,12167,2,0,5,0
32,82290,488,62569,25,0,3,0
45,45857,746,18996,5,0,4,1
60,65344,399,62979,15,0,2,0
21,26102,685,38155,32,0,4,0
39,22267,581,48846,17,0,5,0
51,33784,418,6060,6,1,0,0
57,96671,665,61943,26,1,4,1
55,50011,746,79987,23,1,5,0
59,58707,508,42231,28,1,0,0
32,93069,400,38019,15,1,5,0
23,114201,778,11200,17,0,5,1
21,28479,700,37985,6,1,5,0
60,44825,530,43659,15,0,0,0
64,95790,549,43078,33,0,1,1
43,17348,687,8185,11,0,5,0
65,117183,434,76277,35,0,1,1
44,96568,602,44541,15,0,4,0
18,117538,826,67713,7,0,3,1
56,24079,401,43816,18,0,2,0
65,73640,820,51316,11,1,4,1
63,44952,834,30133,21,0,5,1
32,24444,431,71758,8,1,2,0
22,111448,705,20227,11,1,4,1
40,111456,308,55201,24,1,2,0
26,28668,305,59222,31,0,1,0
37,104183,531,14478,16,0,0,1
51,65183,782,68113,14,0,4,0
44,23573,848,11234,29,1,2,0
62,95267,681,70933,8,0,5,0
37,97917,600,25638,33,1,2,0
48,42452,625,47265,21,0,3,0
36,74233,328,77172,26,1,4,0
53,59108,521,47554,2,0,2,0
56,102316,546,66476,10,1,3,0
19,77658,843,54763,4,0,5,0
58,44807,747,31706,19,0,0,1
20,67195,526,57731,35,1,1,0
21,59253,359,61730,5,0,1,0
34,88627,422,14967,4,0,4,0
24,22043,464,27710,31,1,5,0
19,15708,826,37999,15,0,4,0
27,63961,565,51273,9,1,2,0
22,31012,795,47546,21,1,5,0
42,97655,452,66221,27,1,2,0
19,82907,737,52835,27,1,1,1
65,69913,842,67696,34,1,0,1
46,58790,836,74473,31,1,0,1
26,17412,664,40867,20,1,3,0
25,117588,481,52869,6,1,4,0
20,100934,682,38913,18,0,3,1
39,39927,801,55536,12,0,2,0
46,91250,322,27397,14,1,0,1
39,100410,589,30190,32,1,5,0
26,105309,389,62668,3,0,3,0
30,82734,618,13197,13,0,5,0
58,49771,792,50139,17,0,1,1
36,87380,577,57217,20,0,4,0
37,89496,339,5620,7,1,2,0
47,84577,515,17979,0,0,0,0
56,27268,847,14177,6,0,1,1
27,73563,662,14274,13,1,5,1
32,26161,728,9173,29,0,2,0
22,28314,414,47550,25,1,4,0
50,18050,599,73901,27,0,2,0
24,100760,450,5642,27,1,5,0
22,98817,320,47747,12,1,0,1
24,101488,659,41054,13,0,3,1
25,75928,461,40283,34,0,3,0
22,64714,706,58267,23,1,3,0
32,75124,757,22973,22,1,0,1
53,100663,333,19648,7,1,2,0
61,63604,476,37198,28,0,5,0
41,99399,438,51145,30,1,3,0
32,89654,684,5362,19,1,5,1
63,53194,687,13780,12,1,2,1
57,29596,716,9069,20,1,2,0
21,80941,470,27447,10,1,5,0
63,79604,748,26527,19,1,1,1
40,108935,632,9146,26,1,1,1
34,98413,802,76162,5,1,3,0
39,40843,648,7638,27,1,4,0
63,57061,633,40812,30,1,3,0
48,111654,634,57429,3,0,3,0
44,87811,322,76994,27,0,1,0
40,48737,829,46294,10,1,1,1
21,55261,625,47252,29,1,5,0
33,78472,329,38820,33,1,3,0
65,48381,321,73516,9,1,4,0
37,21973,496,67366,25,0,0,0
48,57976,757,51377,32,0,1,1
61,56909,567,11726,23,1,5,0
56,85263,781,43129,21,0,2,1
40,71375,756,24353,6,1,4,1
23,108866,396,43613,6,1,4,0
56,98883,679,7288,27,0,0,1
50,38473,305,54934,26,0,0,0
56,79829,515,7983,34,0,5,0
48,42367,786,33844,7,0,1,1
65,118981,636,25960,17,0,5,0
62,30057,786,63121,23,1,1,0
47,94050,403,46189,16,1,0,1
20,103372,803,18523,7,1,2,1
47,114583,819,51035,11,0,5,1
26,34965,475,48712,27,0,4,0
61,17031,750,9394,12,0,0,1
65,75388,457,64285,16,0,0,0
62,110003,323,37727,21,0,4,0
47,92844,654,37847,23,0,2,1
30,80903,841,27936,18,0,0,1
47,18808,741,29805,21,1,1,0
52,62948,447,7965,5,0,5,0
29,21615,682,55276,32,0,3,0
54,111684,670,36049,5,0,3,1
32,92432,347,66533,3,0,2,0
21,108183,358,11865,5,0,0,1
21,85206,512,59047,10,0,5,0
57,39428,781,59036,17,0,0,0
36,87571,446,39385,18,0,3,0
42,58984,780,61310,16,1,4,0
36,48406,739,30146,22,1,0,1
38,46983,418,51116,9,0,5,0
51,76261,744,68892,22,1,5,0
28,64407,814,60876,0,0,2,0
19,52621,382,25353,2,0,0,0
46,29007,400,65373,8,0,4,0
29,80677,834,57171,29,1,4,0
33,45886,384,57937,23,0,2,0
65,106763,567,28993,3,1,2,0
20,58572,343,69455,25,1,3,0
24,76945,780,59000,4,0,3,0
64,50509,621,30411,32,0,0,1
55,63823,463,75408,27,1,0,0
60,52583,419,49354,28,0,5,0
33,15632,659,41176,14,0,3,0
39,76412,731,11391,16,1,5,1
60,115789,641,14634,12,1,5,0
42,45255,799,39471,7,1,1,1
55,95108,519,68692,1,0,5,0
27,49845,818,11509,2,1,1,1
34,96169,677,27724,2,1,5,0
31,30150,461,72586,34,1,2,0
53,19448,714,62242,8,1,4,0
32,43967,703,6460,18,0,5,1
33,15811,504,72149,23,1,4,0
19,67878,592,34278,12,1,0,1
40,118041,345,26917,2,1,1,0
61,116597,652,34055,33,0,3,1
52,47066,510,6882,6,0,5,0
55,32592,302,52445,16,0,5,0
28,84825,468,45938,1,0,1,0
64,64278,819,34455,12,1,3,1
36,115936,524,55103,15,1,1,1
45,29903,782,77285,19,0,4,0
48,54230,314,55218,6,0,5,0
53,15856,784,71854,24,1,4,0
53,50704,685,35348,12,1,2,1
51,28592,813,38611,4,1,3,0
30,38836,440,29284,25,1,1,0
29,22643,414,45630,26,0,3,0
52,63876,695,69606,0,1,3,0
43,41393,395,44840,28,1,0,0
42,80651,682,60661,13,1,3,0
59,57053,339,21462,5,1,2,0
35,77378,800,46177,25,0,1,1
29,22313,498,15929,27,1,3,0
56,93775,720,44162,31,1,5,1
50,112559,320,23499,7,1,2,0
39,36150,615,26128,9,1,3,0
59,27656,807,26591,9,0,2,0
33,77514,756,45027,11,0,2,1
51,86606,594,46880,33,1,5,0
22,115949,604,21601,18,0,2,0
53,101541,777,43550,6,0,3,1
22,35646,435,66002,19,1,4,0
63,27239,599,53637,32,0,1,0
52,102166,481,71983,30,1,1,0
28,59939,511,43473,4,1,0,0
53,40121,621,52058,4,1,1,0
18,78487,752,25601,2,0,2,0
23,114014,727,20219,13,1,2,1
32,84765,434,8132,29,0,4,0
28,97669,357,52160,21,1,4,0
43,86696,328,35157,1,0,1,0
20,108757,648,22854,5,1,0,1
59,15329,628,33670,11,0,1,0
33,86005,691,34988,1,0,3,0
56,46084,845,74779,35,1,0,1
33,77148,429,75490,25,1,3,0
65,51977,444,75113,8,0,1,0
34,59929,418,35561,15,0,4,0
50,78189,335,73109,15,0,4,0
50,78406,408,51271,19,1,5,0
54,100952,448,42067,25,0,0,1
27,97161,443,54031,4,0,1,1
57,27262,776,6156,13,0,1,1
20,22849,402,14216,7,1,0,0
37,79551,519,68045,31,0,3,0
30,66588,639,24882,0,0,2,0
63,22052,369,25073,34,1,0,0
22,27147,673,42782,24,1,4,0
65,63863,686,22388,2,0,2,0
19,112401,783,45041,25,1,3,1
44,107321,533,74370,9,1,4,0
27,43335,545,72739,16,1,5,0
28,57160,416,15891,14,1,2,0
50,117275,642,9705,5,1,2,0
44,96019,813,52641,35,1,4,1
39,16340,486,37905,10,1,5,0
27,43147,645,28001,3,1,2,0
60,31186,801,72041,30,1,2,0
30,62862,413,37798,0,1,3,0
65,91331,436,10721,1,0,1,0
41,119475,693,40832,9,0,1,1
34,80736,533,32521,8,0,2,0
37,106301,751,32837,29,0,3,1
55,61187,688,70269,19,0,3,0
46,64550,845,57102,26,1,3,0
59,64970,313,16596,2,1,2,0
45,63802,584,10239,13,1,3,0
54,115551,649,32031,19,0,5,0
32,53485,305,26752,34,0,5,0
44,94148,378,13665,32,0,3,0
48,22965,353,33425,14,0,1,0
23,88260,776,30115,16,0,5,1
65,52191,673,18496,27,0,5,1
62,83478,590,50610,8,0,4,0
54,91042,609,28843,5,1,2,0
39,62129,653,71639,11,0,2,0
21,17575,372,11596,5,1,4,0
30,19241,351,63487,15,0,1,0
62,104427,374,22568,3,0,4,0
34,37985,791,27004,14,1,1,0
26,38144,459,66826,0,1,0,0
24,42481,804,38206,1,0,3,0
18,43957,461,32324,14,0,1,0
53,19065,737,12531,10,0,0,1
28,82232,649,30429,4,1,4,0
21,56355,794,24169,14,0,3,1
32,84540,775,76214,25,1,5,0
26,20363,529,63198,3,1,5,0
38,51203,396,28303,29,1,0,1
29,42877,769,21044,7,0,1,1
46,56986,362,29235,1,1,4,0
19,96371,637,54101,14,0,5,0
59,74626,470,67183,16,0,3,0
58,100719,324,10156,28,0,5,0
28,54933,846,58379,4,0,1,1
52,44489,623,51804,15,1,0,0
55,101328,728,73494,15,1,5,0
36,26528,599,35426,25,1,0,0
32,104114,754,33317,34,0,4,1
22,84449,716,5010,21,0,4,1
28,27369,312,14652,26,1,1,0
19,71541,440,77896,34,0,2,0
54,87434,796,5043,8,0,2,1
18,102947,493,66963,20,0,3,0
52,102999,455,19238,34,1,2,0
25,98943,705,79760,25,1,4,0
27,71772,579,54136,9,1,4,0
57,15094,301,5650,23,1,5,0
65,105500,658,71267,14,0,1,1
21,116895,659,78545,18,1,5,1
58,95481,688,27351,10,0,3,1
23,54227,449,6306,18,0,0,1
57,83732,763,46584,13,1,2,1
35,31552,438,5111,7,1,5,0
48,27795,630,40719,24,0,0,0
40,107878,351,14851,25,1,0,1
63,63607,843,7712,11,0,3,1
50,89203,386,73027,35,0,2,0
35,118725,513,29279,22,1,3,0
61,85349,465,52409,8,0,0,1
47,72119,631,72634,31,1,0,0
42,100273,342,50609,30,1,2,0
63,118563,459,46513,25,0,0,1
18,20782,553,77200,5,0,0,0
51,90369,549,30231,7,0,3,0
59,104556,303,50627,15,1,2,0
56,56812,493,36733,3,1,0,0
34,33207,649,73444,14,0,5,0
34,91127,689,30344,30,1,3,1
20,60464,560,79202,21,0,4,0
62,48964,762,14530,22,1,0,1
65,107129,581,38886,25,0,4,0
55,97166,393,68160,18,0,0,0
40,37224,609,76285,25,0,3,0
63,59426,385,42349,22,1,1,0
31,27520,315,58633,0,0,3,0
32,38009,779,48945,9,1,5,0
20,53751,488,41104,30,1,2,0
27,21461,494,30372,7,0,0,0
59,100798,788,66561,10,1,3,1
64,34324,422,49332,18,1,1,0
61,40371,725,73470,9,1,3,0
60,92783,619,20008,4,0,0,1
29,97541,629,29714,21,1,2,0
55,86685,438,63006,5,1,0,0
41,96722,785,68870,22,0,2,0
59,91889,447,52240,28,0,3,0
55,117337,400,16583,24,0,5,0
54,18643,301,74815,4,1,0,0
30,106350,684,54062,22,0,5,1
56,109718,729,75390,2,0,4,0
34,21071,648,57100,19,0,2,0
31,111645,349,58801,27,1,3,0
53,64828,506,68251,30,0,0,0
22,82348,555,43509,13,0,0,1
38,57971,706,18000,20,0,5,1
61,94901,657,44202,0,0,2,0
28,108078,419,33017,34,1,1,1
26,45977,760,28187,14,0,4,1
32,95966,820,7175,19,0,3,1
48,50191,517,22162,2,0,3,0
34,60402,686,61026,12,1,3,0
50,97731,407,28097,6,1,5,0
48,83202,454,40723,3,0,0,0
52,17304,668,39922,29,0,4,0
49,91391,442,19054,30,1,1,1
59,61285,729,25982,35,0,5,1
24,61026,350,14613,31,0,5,0
49,57476,707,32102,6,0,5,1
23,30184,547,41443,9,0,5,0
32,98960,804,64550,21,0,5,1
42,40517,479,36446,16,0,1,0
65,66497,734,21996,16,0,1,1
44,16431,418,53501,2,1,1,0
37,36568,594,71387,31,0,2,0
46,116503,756,17974,6,1,5,1
35,72159,323,8418,28,1,2,0
21,104903,639,76173,20,1,1,0
51,26275,774,15815,19,0,4,0
53,77441,593,5731,34,0,2,0
64,98668,658,23091,35,0,0,1
34,52040,664,22064,17,0,4,1
38,91651,348,47910,16,1,4,0
40,39812,751,70682,5,0,3,0
47,49274,650,43622,29,1,3,0
37,83440,669,67318,21,1,5,0
30,64928,585,13664,14,0,5,0
49,77592,774,20423,11,0,0,1
60,56849,343,77379,7,1,4,0
48,30282,694,32168,0,1,2,0
43,15952,426,24822,12,1,1,0
63,104898,346,39564,4,0,1,1
35,60040,653,61707,7,1,5,0
58,48289,601,7313,5,1,5,0
21,53508,682,19359,0,0,0,1
64,19797,464,7150,33,0,0,0
57,116176,492,68574,15,1,2,0
57,112595,563,51328,0,0,4,0
61,59088,722,68334,8,0,1,1
62,47425,753,35855,3,0,0,0
22,69399,655,15346,4,1,3,1
64,60033,685,46183,24,1,0,1
32,59028,400,8153,17,0,5,0
59,81401,806,35625,1,1,4,0
50,31735,747,19220,17,0,5,0
48,50150,489,37673,21,0,3,0
58,108168,846,43286,7,1,3,1
35,107137,703,79634,3,1,0,0
31,58791,632,11526,20,0,5,0
60,47309,416,67455,14,0,1,0
19,24157,725,51408,29,1,5,0
41,98114,379,61541,4,1,5,0
39,36653,347,65632,34,0,0,0
35,101259,654,77059,7,0,5,0
18,77074,655,50587,12,1,4,1
40,83239,823,57633,0,1,1,1
30,51823,432,12621,12,1,5,0
27,117611,678,8792,6,1,2,1
20,110227,780,42047,24,1,5,1
57,80353,776,42625,17,0,5,1
27,36194,696,7215,2,0,2,0
46,83875,777,13779,18,1,2,1
52,111986,790,14534,26,0,2,1
19,20426,783,49487,12,0,1,0
40,94449,473,24818,8,0,3,0
27,34019,603,30752,5,0,4,0
21,83479,344,39313,30,0,2,0
36,50688,376,48355,11,1,2,0
65,115266,349,16371,21,0,3,0
42,34241,583,26532,22,1,3,0
38,110346,727,73649,26,0,1,1
24,84850,429,35839,26,1,0,1
60,86855,362,15538,18,1,3,0
33,49806,779,54738,25,0,2,0
51,24825,845,15987,2,0,1,0
38,54723,497,17498,18,0,4,0
23,64807,511,59422,14,1,2,0
61,58014,381,45351,26,1,5,0
35,20468,455,20834,19,0,5,0
23,39960,318,48240,31,0,3,0
46,119533,821,67788,27,0,4,1
54,19663,418,49400,14,0,0,0
18,52161,747,10325,0,0,5,0
59,85993,693,27816,1,0,3,0
27,51136,609,29212,15,0,3,0
60,53131,699,58682,12,1,0,1
59,17832,504,38215,34,1,3,0
57,97399,348,40635,15,0,1,1
32,25622,795,51429,3,1,3,0
24,27680,588,58119,34,0,4,0
47,76738,839,35322,7,0,1,1
40,99227,811,69718,12,0,4,0
63,86927,731,56944,33,1,2,1
22,90551,638,79349,2,1,3,0
18,58538,392,79838,15,0,3,0
62,90101,560,79184,31,1,4,0
54,112537,673,44197,30,1,2,1
18,65185,700,12628,19,1,4,1
63,97848,771,50223,33,0,5,1
54,38690,596,56127,15,1,3,0
28,22178,357,49981,12,0,2,0
36,61747,687,55215,35,0,4,0
38,15657,518,47757,17,1,3,0
44,79767,385,66147,4,1,0,0
19,77242,339,74189,13,0,5,0
40,38249,692,36735,10,1,1,0
56,38185,489,52822,24,0,2,0
64,39146,793,8879,30,1,2,0
47,28122,374,53105,24,0,4,0
43,113347,452,12813,8,1,1,1
43,53177,641,62537,12,0,3,0
54,39658,384,30032,14,1,5,0
57,103135,542,51338,18,0,3,0
18,39743,671,59591,0,0,0,0
43,31147,687,24053,26,0,2,0
40,50223,679,59360,16,1,5,0
43,73009,731,34983,6,1,4,1
32,100062,541,54167,4,1,3,0
51,119055,656,70660,7,0,4,1
65,49991,539,48066,24,0,3,0
40,47071,683,75608,32,1,3,0
19,78350,714,59421,33,0,4,0
30,86569,335,23383,17,1,5,0
49,87463,538,35897,22,1,4,0
54,117462,408,62910,19,1,0,1
64,45603,660,69308,11,1,2,0
20,116937,605,53830,23,1,1,1
52,106588,789,14927,19,0,4,1
59,68536,830,7200,10,1,5,1
19,17218,473,45302,31,0,1,0
65,107743,627,25566,25,1,2,0
32,47466,614,55666,25,0,3,0
57,72703,590,47524,25,0,1,1
32,82985,765,65744,13,1,4,0
27,74295,716,20414,23,1,3,1
45,107782,567,8219,15,1,3,0
53,104418,579,30116,21,0,4,0
60,67347,684,72595,33,0,4,0
48,30838,365,37945,23,0,5,0
25,67413,537,65408,4,0,2,0
55,88095,325,79385,13,1,1,0
38,107550,701,56334,19,1,0,1
46,94007,631,11702,23,1,1,1
40,84393,682,61962,9,0,4,0
64,38290,319,31057,34,1,5,0
63,25907,563,49259,4,0,1,0
49,38787,520,59810,1,1,3,0
55,99273,566,72452,6,1,0,0
52,82949,378,19495,32,1,1,1
55,102541,553,8853,11,1,3,0
22,94562,375,73895,4,0,2,0
46,47237,572,8179,32,1,1,1
56,22794,488,17361,14,0,2,0
41,118630,695,26919,15,0,3,1
55,57206,522,59534,10,1,2,0
50,97849,403,65062,15,1,5,0
33,53443,821,20080,7,0,3,1
29,81398,804,17269,1,0,2,0
44,76899,411,77181,24,0,3,0
32,26839,527,49818,11,0,5,0
22,95325,508,62221,21,0,5,0
42,75748,820,12444,17,0,2,1
55,23547,687,6002,32,0,0,1
54,90522,715,69581,22,1,3,0
37,98014,477,73718,16,0,2,0
36,93871,416,79476,16,0,3,0
37,103428,843,19324,12,0,4,1
36,102811,790,76237,10,1,5,0
22,79840,660,29124,12,0,3,1
35,116206,369,48796,15,0,3,0
42,57260,431,49228,29,0,1,0
45,66474,500,7421,33,0,5,0
49,20337,429,48361,23,0,4,0
61,45568,338,79501,28,0,1,0
58,73046,598,36982,19,1,4,0
24,58453,555,47692,31,0,1,0
48,27652,303,5924,26,0,1,0
28,86902,355,30442,19,0,1,1
46,110477,671,42757,4,0,5,1
60,114662,849,28584,18,1,2,1
26,90221,400,71173,6,0,1,0
57,55672,423,29178,17,0,3,0
32,46569,663,64182,6,0,4,0
21,110265,491,77234,0,0,0,0
62,82152,850,75617,28,1,2,0
43,114373,381,32308,13,0,5,0
27,33794,567,11231,9,1,5,0
58,84835,739,11487,14,0,3,1
28,60528,828,27478,13,0,2,1
60,17512,745,35023,28,1,5,0
27,97730,447,71035,15,1,4,0
34,119230,520,32274,4,1,1,1
49,45651,817,27748,12,1,2,1
34,95006,478,34956,16,1,1,1
53,103458,577,41540,11,0,1,1
35,38273,329,44063,29,0,4,0
56,26065,534,64346,11,0,3,0
57,38828,564,20978,19,0,5,0
31,28885,483,11761,17,1,1,0
39,70109,734,55326,23,1,4,0
53,36042,307,75473,0,0,4,0
31,39129,312,50909,24,1,3,0
42,39714,755,24467,3,1,1,0
27,66394,746,38662,35,1,4,1
58,51169,391,9036,12,1,0,1
39,88915,409,23390,20,0,2,0
40,90374,634,24531,17,0,0,1
63,41337,608,65354,20,0,2,0
47,99209,837,58176,13,0,1,1
30,35912,431,78554,20,0,3,0
54,84539,729,53948,15,0,0,1
55,88275,418,20178,17,0,2,0
49,23229,840,26027,31,0,5,0
40,67583,634,17864,21,1,5,0
38,97824,519,51341,0,1,1,0
57,30507,736,14158,11,0,2,0
50,85039,799,14645,6,1,5,1
25,29651,507,14428,25,1,1,0
27,27406,493,34221,20,1,2,0
51,80650,789,65350,5,1,3,0
53,81258,558,48119,9,1,0,1
24,83179,388,75624,14,0,0,0
54,15748,447,40505,11,0,0,0
28,66251,461,65897,0,1,5,0
54,85956,836,78671,10,0,5,0
58,75828,789,46238,26,0,1,1
19,105414,447,35368,5,1,2,0
27,18879,533,45634,5,0,2,0
46,45195,421,30868,33,1,0,1
32,103151,484,40154,18,0,2,0
31,18795,435,74861,34,1,4,0
57,90241,792,36264,1,0,4,0
43,116536,333,45450,26,0,2,0
44,106535,634,69001,0,1,3,0
52,33227,704,11829,13,0,2,0
27,33368,845,70594,17,0,3,0
34,83022,513,29427,6,0,1,1
30,33196,756,34171,8,0,1,0
25,53731,618,15081,35,1,2,0
61,67216,557,51627,4,1,3,0
65,58153,629,69347,25,1,4,0
59,71914,381,34429,29,0,0,1
65,112854,686,53044,16,0,2,1
23,56979,504,52146,0,1,0,0
18,71387,777,11474,34,0,4,1
23,58534,314,26971,26,0,2,0
39,48891,664,25280,22,0,4,1
43,27197,694,21966,1,0,4,0
63,88060,521,13229,30,1,2,0
18,103277,503,43895,33,1,4,0
22,95041,773,8013,17,1,1,1
26,47993,618,24593,35,0,5,0
53,89329,473,64306,4,1,1,0
29,40865,660,11257,6,1,2,1
56,38685,359,34880,9,0,5,0
55,82840,710,15296,30,1,2,1
22,28027,513,26171,16,1,3,0
20,77032,630,65164,4,0,5,0
55,76206,435,56899,19,1,5,0
22,83690,497,59055,2,0,5,0
27,16785,736,50707,16,0,0,0
22,51440,600,38818,18,1,5,0
56,56774,460,46682,19,0,2,0
49,88397,475,24978,31,1,1,1
18,99303,432,41132,16,1,4,0
27,20801,403,7285,16,1,1,0
51,117037,626,18497,29,1,1,1
63,24478,800,73855,9,1,5,0
63,102773,622,44162,31,0,3,0
59,61668,667,32503,17,1,1,1
33,112369,483,59997,32,1,5,0
24,76272,712,51821,1,0,0,1
61,73135,363,65825,22,1,1,0
52,64228,387,56902,33,1,5,0
60,15459,641,40032,35,1,5,0
24,86236,697,73203,16,0,2,0
24,15301,574,26628,23,1,2,0
46,92200,729,53498,26,0,3,1
19,82638,727,22613,16,1,5,1
58,89175,368,58224,9,1,0,1
33,20498,441,5872,11,0,5,0
40,30871,797,66274,28,0,0,0
24,77305,827,52578,2,0,4,0
63,81697,541,16092,9,0,1,1
19,96373,546,72041,21,1,4,0
34,35259,653,29464,30,0,1,0
23,68877,448,70784,13,1,1,0
53,85579,398,60810,28,0,5,0
64,45277,556,72503,6,1,1,0
27,43927,625,32683,33,0,0,0
61,105694,740,33319,34,1,2,1
58,23798,361,54414,19,1,4,0
60,36564,634,39293,10,1,1,0
43,63692,616,35505,0,1,4,0
40,91753,415,29022,14,0,3,0
52,71581,757,67503,16,1,1,1
58,114371,435,38516,13,1,0,1
20,46871,418,46517,27,1,5,0
39,63660,363,71384,0,0,0,0
18,100406,308,24113,34,1,2,0
18,102398,301,69347,7,0,4,0
51,51687,482,27620,4,0,0,1
39,59498,439,12525,2,0,0,0
65,117294,706,19416,15,1,2,1
43,35908,456,60773,35,0,3,0
56,99613,611,31644,31,0,0,1
47,19753,500,22253,23,1,3,0
27,74348,768,65897,30,1,5,0
50,59549,724,23862,19,0,0,1
61,67046,436,58424,16,0,3,0
48,49249,834,7684,14,1,3,1
47,78087,655,58684,17,0,1,1
51,69973,825,47766,22,1,2,1
56,106076,564,60656,17,1,2,0
62,85187,613,69328,23,1,5,0
64,84984,505,37293,13,0,0,1
59,97435,610,16136,23,1,1,1
31,78957,709,33687,29,0,2,1
20,41423,502,72175,9,0,2,0
53,47313,817,9646,11,1,3,1
51,100032,676,15702,2,0,0,1
58,51178,819,38214,13,0,2,0
40,92528,385,34896,21,1,3,0
24,39399,702,32131,22,1,4,0
63,66738,671,10622,2,1,2,0
61,26888,313,57886,18,0,4,0
55,44783,514,33017,15,1,0,0
20,105075,508,64991,1,0,2,0
26,85145,423,64735,19,1,1,0
61,68364,526,55041,14,1,4,0
31,18527,844,15518,23,1,3,0
57,38966,548,78988,6,1,0,0
38,26870,689,12174,23,1,0,1
29,32516,661,15188,20,1,2,0
23,96169,525,75000,10,1,0,0
31,37184,405,26350,25,1,4,0
45,91959,425,75258,26,0,0,0
64,111904,399,55925,17,1,3,0
62,94586,318,14655,33,1,1,1
24,20492,463,29846,21,1,3,0
45,114755,817,25842,32,0,1,1
54,117731,689,15873,9,1,1,1
34,114523,567,31924,19,1,5,0
55,82464,620,28286,23,1,3,0
40,107642,309,29892,30,1,1,1
36,65301,587,46146,28,0,0,0
53,29953,655,66792,15,0,4,0
43,101219,641,8054,15,1,0,1
55,90617,354,65594,26,1,2,0
29,100954,543,41167,30,1,0,1
42,89690,654,71395,14,1,5,0
47,75675,769,59207,34,1,4,0
39,44900,621,26653,4,1,4,0
55,16928,675,30453,32,0,0,0
41,82099,424,37034,12,1,0,1
39,83522,580,49361,5,1,4,0
38,57974,509,56859,25,0,0,0
29,28248,573,68738,14,1,3,0
36,33937,518,77067,34,0,2,0
61,111267,348,60892,14,0,2,0
49,115722,844,28847,25,1,2,1
30,118862,370,18958,10,0,0,1
55,100657,437,57836,4,0,5,0
31,28810,645,78248,16,1,2,0
38,84072,336,53632,29,1,0,1
49,20419,679,50932,29,1,2,0
37,22747,832,53969,7,0,2,0
46,33681,701,68491,23,0,2,0
49,63087,837,34896,25,0,5,1
39,89984,391,8401,19,1,0,1
64,102080,388,46075,18,0,5,0
30,24868,785,9072,27,0,4,0
48,111578,592,40230,8,1,0,1
61,107630,681,49649,13,1,1,1
23,86727,730,34150,20,1,3,1
45,53022,646,30432,3,1,3,0
55,118952,850,69693,16,0,1,1
31,76175,609,50615,6,1,5,0
51,33604,746,70960,13,1,1,0
19,61209,398,78702,20,1,2,0
37,60905,789,61674,23,0,3,0
