Age,Gender,Years,Purchases,SupportTickets,Satisfaction,MonthlyBill,Churn
31,0,10,77,20,3,100,0
64,1,1,217,9,7,249,1
46,1,13,144,1,10,235,0
27,1,3,146,17,2,175,1
50,1,2,246,12,6,208,1
33,0,12,254,5,3,152,0
58,1,3,179,1,3,55,0
39,0,2,25,1,7,100,0
68,0,11,155,6,10,203,0
64,1,9,267,16,9,269,0
51,1,15,209,14,7,263,0
44,0,2,198,1,4,34,0
35,1,4,110,5,9,189,0
65,1,12,263,7,1,299,1
43,1,2,16,6,9,205,1
60,1,15,238,5,1,10,0
28,0,9,171,1,8,22,0
67,0,7,237,2,5,152,0
69,0,5,113,4,9,230,0
39,1,6,90,9,1,21,0
31,0,11,21,18,8,65,0
51,1,13,49,1,5,32,0
64,0,15,146,17,9,184,0
57,1,14,153,2,1,102,0
24,0,15,294,19,9,198,0
68,1,13,85,11,5,288,1
67,1,4,128,4,7,297,0
66,0,14,241,4,8,158,0
46,1,15,101,12,3,62,0
29,0,3,300,9,4,123,0
22,1,3,279,11,6,99,0
57,0,11,78,2,2,76,0
41,1,7,214,3,3,113,0
61,0,9,153,18,9,129,0
27,1,2,192,6,4,138,1
47,0,12,211,5,2,261,0
19,1,6,278,13,10,146,0
55,1,14,198,3,8,267,0
68,0,9,141,11,3,131,0
35,1,10,184,15,10,81,0
46,0,13,297,4,3,156,0
63,0,9,66,1,8,149,0
44,0,8,17,0,9,152,0
20,0,1,73,19,4,229,1
18,1,7,103,5,6,238,0
33,1,8,86,18,2,169,1
39,0,4,300,0,10,258,0
27,0,1,227,8,1,94,1
70,0,5,31,11,10,141,0
61,0,14,18,10,4,123,1
42,0,6,280,2,7,104,0
70,0,13,71,5,8,52,0
66,0,13,142,10,8,107,0
20,1,14,110,1,5,174,0
20,1,5,195,15,1,239,1
44,1,13,74,18,5,11,0
49,1,12,299,1,2,70,0
46,1,9,218,1,5,244,0
21,1,3,122,17,9,15,0
35,0,8,284,9,3,133,0
34,0,8,223,6,4,94,0
33,1,9,219,12,1,162,1
62,0,2,162,8,2,234,1
65,0,10,244,20,5,174,1
70,0,3,112,10,9,92,0
48,0,10,33,1,1,115,0
39,0,13,220,7,6,160,0
58,1,11,63,14,7,111,0
22,1,15,259,12,9,265,0
26,0,12,243,16,4,267,1
29,1,15,187,16,8,206,0
42,1,9,233,20,3,82,0
51,0,2,272,15,10,170,1
46,1,4,33,20,5,200,1
46,0,4,287,20,8,109,0
61,1,6,21,1,5,94,0
47,0,4,66,5,7,160,0
34,0,12,80,1,5,266,0
55,0,10,215,19,10,216,0
66,0,6,72,8,1,60,0
65,1,1,141,12,7,271,1
39,0,5,42,6,9,226,1
23,0,11,205,12,2,82,0
65,0,14,40,16,5,106,1
47,0,9,219,18,7,95,0
19,1,10,204,3,4,83,0
65,0,11,97,3,1,196,0
58,0,15,242,15,5,228,1
31,1,3,22,4,2,213,1
37,0,11,19,20,4,158,1
24,0,15,191,18,4,230,1
25,1,1,265,18,2,261,1
35,0,5,29,3,4,61,0
28,1,14,34,17,9,244,1
45,1,6,106,2,5,198,0
55,1,10,29,10,8,195,1
61,1,10,66,8,7,79,0
65,1,7,205,11,5,25,0
34,0,13,266,3,3,14,0
42,1,8,259,10,10,222,0
19,0,1,145,5,4,258,1
34,0,8,144,8,6,196,0
33,0,13,279,16,5,54,0
18,1,1,240,13,9,207,1
37,0,4,173,20,3,130,0
36,1,12,232,20,10,132,0
56,0,6,196,6,5,299,1
28,0,15,93,5,9,231,0
68,0,1,188,9,9,254,1
52,0,9,108,17,4,101,0
67,1,13,152,18,8,59,0
55,1,11,291,9,1,279,1
46,1,6,296,0,3,299,0
64,0,10,233,17,10,268,0
27,0,10,167,18,3,243,1
54,1,10,57,0,7,256,0
48,1,3,204,19,7,250,0
47,0,3,57,19,5,85,0
21,0,8,95,4,5,68,0
53,1,12,215,20,4,270,1
58,0,9,140,20,4,68,0
18,1,9,278,4,3,14,0
26,1,3,219,20,3,118,0
56,0,13,213,7,5,42,0
56,0,2,59,11,5,210,1
70,0,1,21,14,8,64,1
32,1,1,297,17,7,59,0
35,0,14,72,3,1,255,0
35,0,11,239,19,8,16,0
39,0,6,14,15,5,129,1
21,0,10,278,3,9,111,0
37,0,2,284,16,9,133,0
37,0,13,250,18,5,243,1
18,0,3,251,11,6,229,0
50,0,3,1,6,3,279,1
47,0,13,87,2,7,242,0
45,1,3,294,11,4,294,1
47,0,11,152,5,1,16,0
21,0,10,249,10,2,199,1
70,0,15,185,1,3,277,0
49,1,9,174,12,4,125,0
39,0,12,28,19,7,136,0
24,0,2,179,13,10,104,0
23,1,9,211,2,5,238,0
65,1,11,3,13,4,13,1
33,1,6,164,9,8,72,0
69,1,13,63,6,2,198,1
49,0,4,47,13,1,117,1
55,1,10,11,17,1,146,1
32,1,7,166,3,6,187,0
58,1,6,134,2,7,253,0
30,0,2,128,4,8,63,0
39,0,15,44,12,8,170,1
57,0,15,31,12,7,21,0
57,0,4,230,5,1,20,0
67,0,1,161,15,8,276,1
50,0,2,50,9,7,256,1
32,1,4,267,16,5,196,1
70,1,11,104,19,10,41,0
64,1,1,217,3,1,144,0
43,1,13,239,2,3,188,0
56,0,11,152,2,3,82,0
33,1,12,76,9,8,197,0
46,0,5,16,6,7,25,0
43,1,12,258,18,2,263,1
20,0,13,221,13,6,25,0
27,1,13,245,14,2,23,0
33,0,15,46,10,2,139,1
48,1,4,186,1,3,194,0
48,1,9,64,3,6,93,0
19,1,11,170,5,7,128,0
57,1,7,13,11,10,202,1
46,0,9,24,1,7,165,0
61,1,2,4,3,8,229,1
36,0,7,254,11,1,162,1
27,0,4,67,13,3,48,0
53,1,8,207,3,8,284,0
41,0,13,108,9,1,55,0
48,0,6,122,18,3,298,1
40,0,10,50,15,3,17,0
56,0,13,275,2,5,23,0
18,1,11,62,10,2,127,0
38,0,8,184,13,1,208,1
56,0,2,102,0,1,54,0
42,0,1,43,10,6,66,1
22,0,13,157,3,8,186,0
32,0,7,75,9,2,49,0
63,0,15,23,7,3,68,1
50,0,4,229,19,6,205,0
21,1,15,198,0,4,129,0
69,1,6,246,20,6,239,0
54,0,3,109,18,4,119,0
33,1,15,179,14,3,157,1
27,0,5,3,2,10,235,0
49,1,6,295,1,2,181,0
39,0,5,11,1,10,56,0
63,0,2,98,14,10,165,1
52,1,2,241,1,1,90,0
58,1,1,263,2,10,147,0
36,1,2,278,2,7,68,0
44,0,11,76,11,9,122,0
45,0,3,251,10,7,234,0
62,1,11,16,5,2,190,1
41,1,3,47,5,4,205,1
28,0,1,156,19,1,246,1
33,0,7,292,3,5,27,0
40,0,12,71,1,5,123,0
50,1,14,165,2,8,196,0
35,1,11,290,0,9,153,0
25,0,14,30,1,6,132,0
36,0,1,55,12,10,78,0
65,1,6,247,12,6,41,0
22,0,6,173,13,1,249,1
69,0,13,166,17,4,187,1
55,0,9,118,12,5,51,0
55,0,5,181,8,3,296,1
49,1,1,152,3,6,56,0
27,0,6,15,15,7,44,0
25,1,7,201,17,9,84,0
34,0,13,189,14,7,111,0
68,0,5,116,11,3,86,0
44,1,12,37,8,1,172,1
52,0,4,222,5,8,11,0
43,0,1,120,13,5,20,1
27,1,3,71,9,10,90,0
24,1,11,248,12,5,88,0
24,1,1,243,12,1,75,1
20,1,9,48,5,4,292,1
42,0,15,6,4,5,114,0
47,0,4,160,18,9,225,0
65,1,12,20,4,10,227,0
65,0,7,215,4,4,95,0
63,0,15,261,2,9,100,0
34,1,13,217,17,10,231,0
60,0,3,245,17,2,231,1
70,0,8,9,15,6,217,1
19,1,8,135,14,5,229,1
34,0,12,141,5,2,234,0
31,1,12,36,9,1,15,1
20,1,7,151,10,6,256,0
46,1,12,224,2,5,244,0
55,0,1,145,17,3,44,1
34,1,10,135,1,2,42,0
67,0,3,115,5,9,35,0
31,1,13,287,9,9,142,0
49,0,1,54,12,9,24,0
57,0,9,117,14,1,271,1
65,1,8,25,13,9,50,0
37,0,11,14,12,4,285,1
64,0,3,18,15,1,111,1
27,1,8,227,6,5,79,0
25,0,10,238,2,10,174,0
51,0,1,40,6,8,266,1
22,1,9,144,2,7,18,0
61,1,3,49,11,7,56,0
45,0,2,108,16,1,278,1
35,1,2,274,6,9,243,1
61,0,7,227,8,10,189,0
67,1,5,300,0,4,26,0
44,1,15,193,13,10,43,0
43,1,8,158,11,9,177,0
19,0,14,114,17,4,22,0
20,0,6,64,10,3,193,1
56,1,4,211,13,5,48,0
66,1,13,63,9,9,248,0
55,1,2,217,18,5,57,1
40,0,12,186,11,3,164,1
62,0,6,69,12,10,97,0
41,1,8,76,8,4,220,1
20,0,12,141,2,9,189,0
67,0,4,121,20,5,44,0
35,1,11,126,5,5,63,0
58,0,6,28,12,9,99,0
59,1,9,13,1,2,283,1
62,0,5,230,17,4,106,0
36,1,15,239,7,6,85,0
52,0,6,200,3,2,40,0
33,1,8,49,9,4,299,1
22,1,11,128,19,8,206,0
24,1,5,18,16,2,41,1
54,0,13,231,17,7,233,0
18,0,8,43,0,6,274,0
59,1,7,38,4,3,124,0
69,1,5,196,17,5,161,1
70,0,3,297,14,8,136,0
69,1,3,238,2,9,220,0
53,1,4,233,5,9,190,0
66,1,9,216,17,1,142,0
30,0,13,66,1,9,200,0
57,0,11,261,11,4,237,1
49,0,7,172,20,6,129,0
23,0,11,1,20,5,216,1
67,0,14,173,19,5,17,0
19,0,8,267,16,5,114,0
32,1,6,188,10,8,86,0
58,0,12,172,2,7,293,0
31,1,3,210,10,4,197,1
31,1,6,58,13,3,250,1
54,1,14,223,20,4,267,1
51,0,10,99,11,6,44,0
42,0,9,246,18,1,209,1
47,1,9,8,13,5,72,1
29,1,13,283,2,3,39,0
23,1,13,28,11,8,78,0
34,0,10,259,12,4,152,1
28,1,7,99,10,9,83,0
47,0,15,211,10,9,214,0
69,0,4,56,10,6,213,0
22,0,9,204,10,5,155,1
19,1,2,155,0,3,287,1
55,1,8,125,12,4,133,0
51,1,1,103,5,9,173,0
35,1,3,238,5,9,36,0
45,1,8,22,11,7,147,0
40,0,6,30,6,7,238,1
40,1,1,292,19,4,58,1
70,0,11,263,18,10,277,0
29,1,9,171,10,8,205,0
18,1,7,172,18,10,247,0
39,1,14,155,9,9,204,0
36,1,8,119,19,2,250,1
47,1,13,263,19,5,143,0
29,1,4,34,14,1,279,1
27,0,12,199,4,6,227,0
21,1,15,171,10,9,13,0
32,0,15,183,7,4,196,1
61,1,11,237,20,2,96,0
55,1,3,245,2,4,39,0
26,1,2,251,19,1,202,1
25,1,15,70,17,4,273,1
51,1,10,213,16,5,44,0
56,1,13,12,14,4,202,1
54,1,3,113,2,4,168,0
46,1,6,214,12,2,28,0
50,0,1,228,5,9,35,0
39,1,12,40,5,1,288,1
56,0,9,167,14,9,247,0
53,0,10,166,3,1,32,0
21,0,11,71,18,7,247,0
30,0,6,179,8,9,121,0
51,0,4,181,18,10,18,0
37,1,5,226,7,2,86,0
70,1,11,123,4,6,296,0
47,1,15,244,1,10,181,0
21,0,6,252,14,10,274,0
53,1,12,245,14,2,155,1
53,1,12,74,1,9,26,0
19,1,12,53,12,5,183,1
22,1,13,163,14,2,38,0
36,0,15,32,4,4,44,0
64,1,12,224,20,9,135,0
55,0,11,171,13,6,84,0
66,1,12,271,1,8,295,0
37,0,3,231,14,1,16,0
43,1,8,252,9,2,94,0
30,0,9,56,1,5,253,0
18,1,9,229,19,3,262,1
55,1,4,280,2,4,122,0
47,1,9,236,4,8,214,0
44,1,1,108,0,1,146,0
67,0,15,1,7,4,292,1
68,1,1,178,3,9,257,0
27,1,13,148,9,3,220,1
27,0,1,152,2,8,225,0
39,0,14,93,2,2,46,0
65,1,10,137,2,5,177,0
56,1,7,233,1,9,59,0
46,0,15,82,19,10,260,0
36,1,15,13,13,7,60,0
65,1,13,149,9,9,196,0
43,0,9,80,0,6,184,0
23,0,15,155,17,2,216,1
48,1,12,182,9,1,35,0
36,1,12,233,16,4,110,0
28,0,1,294,19,7,92,0
52,0,3,178,11,10,239,0
41,0,11,24,6,6,162,1
59,1,11,185,11,2,79,0
26,1,13,50,20,3,154,1
69,0,2,284,11,5,169,1
66,1,7,276,14,3,233,1
61,1,4,156,14,4,31,0
64,1,4,3,1,5,223,1
18,1,10,67,12,1,58,0
37,1,14,223,8,9,49,0
31,1,7,46,1,2,224,1
52,0,13,24,10,6,171,1
61,1,4,91,15,1,79,0
18,0,2,3,12,8,102,1
19,0,2,17,6,4,191,1
19,1,1,65,1,8,130,0
25,1,12,266,2,2,72,0
32,1,4,91,12,7,156,0
54,1,3,63,12,2,106,0
59,0,11,178,6,9,154,0
61,0,14,230,11,4,47,0
43,1,5,199,9,7,103,0
57,1,15,160,0,7,26,0
39,0,13,193,12,4,191,1
48,1,15,120,20,4,79,0
64,1,14,71,5,5,187,0
44,1,6,165,4,4,300,0
43,0,7,86,20,1,76,0
24,0,14,245,9,7,129,0
47,0,4,8,0,8,117,0
27,0,9,151,10,5,176,1
23,0,8,133,8,2,66,0
65,1,2,117,9,4,149,1
66,0,8,210,20,8,25,0
24,0,12,158,16,4,256,1
62,0,2,65,20,3,202,1
42,0,8,75,8,3,132,0
49,0,8,145,16,2,239,1
62,1,2,146,11,6,155,1
28,1,6,166,0,8,62,0
69,1,11,159,14,5,102,0
56,0,3,223,10,9,128,0
38,0,7,182,1,3,53,0
40,0,14,135,16,7,219,0
28,0,12,71,1,10,163,0
59,1,6,275,6,3,197,1
36,1,3,173,9,10,17,0
20,0,8,7,6,6,211,1
58,1,9,14,10,6,283,1
51,1,2,265,1,2,112,0
59,0,11,292,8,7,278,0
56,1,8,177,19,6,113,0
34,1,11,128,5,9,115,0
30,0,5,96,7,5,172,1
45,0,4,160,4,7,10,0
33,0,13,105,14,3,246,1
29,0,4,103,5,3,269,0
37,0,7,236,15,5,91,0
52,0,9,107,12,10,282,0
67,0,3,105,10,1,72,0
54,0,5,261,10,9,272,0
44,0,13,8,8,6,102,0
20,1,9,285,2,1,250,0
43,0,4,91,20,7,268,0
29,1,9,106,19,6,72,0
29,1,5,1,3,2,286,1
56,1,12,73,1,7,15,0
39,0,11,65,16,2,270,1
48,0,12,5,1,7,193,0
25,1,6,4,13,6,182,1
66,1,11,217,19,6,274,0
38,0,7,201,3,8,198,0
33,0,2,61,4,7,123,0
59,1,4,228,6,6,279,0
66,0,2,217,17,4,216,1
31,1,7,136,8,1,71,0
47,0,3,23,3,9,123,0
68,0,7,34,13,3,157,1
34,0,9,47,11,5,267,1
26,0,5,216,6,7,116,0
27,1,9,211,5,10,23,0
33,0,2,241,0,5,213,1
43,0,5,93,16,2,228,1
36,1,5,255,1,1,58,0
59,1,5,180,4,9,256,0
53,1,14,3,0,8,229,0
58,0,3,4,5,7,53,0
58,1,1,71,0,10,70,0
57,1,8,77,18,6,123,0
52,1,7,53,14,8,30,0
70,1,4,3,6,1,93,1
22,1,5,295,7,1,147,0
69,0,2,162,0,4,56,0
53,1,5,19,6,10,183,1
35,0,15,45,11,7,73,0
69,1,5,81,10,7,257,0
70,1,1,235,8,7,65,0
18,1,10,214,12,1,225,1
50,1,7,148,1,9,31,0
53,1,14,100,12,1,164,1
61,1,3,198,7,4,166,1
25,0,15,165,16,9,276,0
50,1,2,32,18,5,108,1
20,1,15,123,12,2,115,0
52,0,13,34,15,1,29,1
30,1,14,126,7,4,183,1
22,1,7,131,1,3,288,0
67,0,7,146,3,1,149,0
19,0,8,283,18,1,203,1
20,1,15,70,5,8,200,0
35,1,11,41,12,4,62,1
68,1,3,229,11,7,70,0
39,0,3,35,0,9,203,0
23,1,3,278,4,2,76,0
47,0,14,186,16,5,179,1
70,0,4,108,12,6,232,0
47,0,13,97,19,9,19,0
20,1,8,213,14,2,275,1
51,0,13,217,20,3,257,1
38,0,13,93,2,7,241,0
68,0,2,276,17,3,131,1
49,0,7,112,13,7,18,0
46,0,7,189,17,4,31,0
53,1,2,110,11,4,219,1
18,1,1,233,14,5,90,1
33,1,2,186,20,3,282,1
22,1,12,71,5,8,135,0
64,0,15,219,7,10,71,0
43,1,2,199,2,9,216,0
20,1,7,271,8,3,85,0
55,1,14,253,20,10,192,0
23,1,13,247,13,2,80,0
38,0,14,62,9,8,140,0
40,0,7,157,17,9,245,0
38,0,1,195,1,3,288,1
22,0,3,152,11,8,273,0
38,0,9,16,18,9,60,0
20,0,7,27,19,1,139,1
36,1,15,164,10,7,133,0
30,1,2,38,9,6,107,1
62,1,10,42,7,7,227,1
58,1,13,197,17,9,231,0
31,1,14,59,6,4,262,1
50,1,3,161,0,8,113,0
69,1,6,155,1,9,235,0
29,0,12,220,1,4,199,0
58,0,1,243,13,6,151,1
18,1,13,70,5,4,74,0
61,0,3,93,19,1,83,0
49,1,13,201,10,4,226,1
58,1,3,138,11,10,133,0
50,1,11,192,4,7,35,0
22,0,11,165,6,7,121,0
37,0,5,202,17,2,139,0
52,0,4,35,2,9,174,0
60,1,2,171,3,3,210,1
70,1,5,156,13,7,77,0
43,1,9,167,3,4,158,0
24,1,1,252,2,9,27,0
23,0,5,34,16,4,121,1
63,1,11,262,4,7,14,0
60,1,10,100,6,2,189,1
28,1,5,217,10,9,30,0
70,0,8,240,19,4,207,1
54,0,5,274,19,3,16,0
63,0,9,264,11,7,59,0
58,0,15,245,12,3,208,1
20,0,10,1,13,5,67,1
31,0,7,247,13,8,97,0
54,1,7,17,17,1,250,1
23,1,9,102,10,10,151,0
48,0,8,186,12,8,151,0
52,1,11,83,3,2,78,0
55,1,13,98,3,7,214,0
57,1,6,182,1,10,171,0
27,1,2,16,6,1,99,1
35,0,9,127,4,6,52,0
69,1,3,142,14,9,230,0
26,1,8,249,17,3,129,0
35,1,6,32,9,8,30,0
63,1,12,132,12,7,39,0
27,0,1,69,11,5,202,1
47,0,4,204,9,8,75,0
55,0,14,267,10,3,37,0
25,0,5,82,13,6,155,0
18,0,13,44,16,10,140,0
63,1,2,92,3,4,297,1
69,0,8,163,20,3,185,1
66,1,7,152,14,6,26,0
25,1,2,140,7,9,57,0
23,0,2,23,0,7,41,0
44,1,7,61,20,6,176,0
26,1,11,187,9,7,16,0
52,0,10,5,11,2,237,1
32,1,8,204,12,9,60,0
19,0,1,214,10,4,20,1
30,0,15,86,9,8,133,0
24,1,10,33,10,6,66,0
18,0,12,202,12,8,254,0
36,0,3,79,14,4,258,1
68,1,4,149,4,2,33,0
45,1,7,187,4,5,286,0
50,0,3,280,20,8,288,0
37,1,5,249,18,2,125,0
69,0,11,102,16,2,89,0
47,0,3,25,4,3,126,0
37,0,4,183,19,2,87,0
22,0,11,164,7,8,271,0
33,0,8,203,4,9,69,0
69,1,6,129,4,10,250,0
62,0,7,26,14,3,162,1
43,1,10,120,9,7,266,0
58,0,15,54,12,4,266,1
36,0,8,107,11,9,51,0
55,1,8,112,3,4,173,0
35,1,3,99,5,3,40,0
21,0,15,105,7,10,294,0
41,0,12,72,3,3,116,0
30,0,9,46,18,2,18,1
56,0,15,156,10,8,115,0
50,0,11,3,2,10,105,0
52,0,11,87,1,1,252,0
21,1,2,12,13,4,206,1
42,1,14,25,13,5,261,1
42,1,15,121,6,3,268,1
46,1,11,42,15,1,248,1
50,1,3,190,17,1,53,0
37,1,5,216,18,6,34,0
46,0,1,173,1,9,57,0
27,0,4,29,11,6,207,1
35,1,5,60,6,3,153,1
55,1,1,234,13,10,171,1
41,1,11,163,15,3,112,0
55,0,15,105,10,4,165,1
53,0,9,243,13,4,288,1
55,0,14,104,11,3,103,0
62,0,2,114,20,7,105,0
36,0,2,156,6,8,270,1
20,1,2,93,6,7,16,0
26,1,5,110,2,6,78,0
23,0,10,187,9,3,135,0
48,0,10,237,4,3,291,0
45,0,7,151,1,10,78,0
65,0,9,287,10,8,83,0
35,1,15,242,11,7,236,0
47,0,5,299,5,10,110,0
35,1,8,195,15,9,182,0
55,1,7,61,17,5,186,1
62,0,8,258,5,5,50,0
34,0,4,227,15,10,55,0
58,1,3,228,20,7,83,0
44,1,11,60,4,1,101,0
38,0,10,45,20,8,299,1
54,1,7,14,13,6,30,0
39,0,6,251,18,3,210,1
25,1,10,178,0,6,226,0
21,0,6,147,4,4,104,0
57,0,13,177,20,7,37,0
33,0,1,75,4,4,20,0
58,1,2,279,16,10,58,0
67,1,12,5,11,5,124,1
43,1,5,93,1,4,62,0
60,1,10,246,18,7,114,0
53,1,14,96,19,1,160,1
30,1,4,159,18,2,16,0
43,1,13,119,1,6,199,0
42,1,2,60,13,2,35,1
44,1,11,5,5,3,214,1
20,0,12,288,16,5,297,1
57,0,9,212,10,4,134,0
32,0,12,171,9,7,266,0
29,1,2,41,20,2,86,1
26,1,13,35,15,2,209,1
66,0,11,263,9,3,29,0
70,1,15,28,3,1,274,1
44,1,15,290,11,8,223,0
70,0,5,257,18,2,296,1
67,0,5,249,18,5,216,1
36,0,3,229,6,8,182,0
20,1,3,243,7,5,118,0
30,0,11,75,10,5,109,0
41,1,7,128,1,5,77,0
28,0,15,218,14,9,148,0
36,1,8,145,13,7,174,0
52,1,15,136,18,8,236,0
63,1,5,300,15,5,254,1
24,0,12,232,7,5,287,1
67,0,8,111,11,2,270,1
70,0,3,145,12,2,90,0
60,0,2,198,2,3,106,0
52,0,9,280,12,1,130,0
33,1,5,145,7,6,277,0
33,1,10,204,18,8,178,0
22,1,12,204,1,3,157,0
28,1,12,95,20,2,277,1
26,0,4,31,20,2,11,1
19,1,11,36,10,2,56,1
57,1,2,287,13,2,40,1
50,1,4,216,0,1,200,0
44,1,4,139,5,9,221,0
28,0,6,246,17,6,42,0
56,1,7,154,2,6,205,0
18,1,9,276,5,2,145,0
18,0,7,288,14,6,105,0
29,1,12,158,10,3,207,1
59,1,15,39,13,9,12,0
52,0,14,194,4,7,137,0
44,1,5,271,6,10,106,0
58,1,12,245,4,6,232,0
36,0,4,250,3,3,139,0
66,1,14,18,4,6,24,0
64,0,6,179,16,5,73,0
61,1,9,5,8,1,248,1
34,0,12,267,18,9,293,0
43,1,4,151,8,5,116,0
23,0,15,225,2,7,70,0
57,1,3,33,4,4,69,0
40,0,15,202,7,5,151,1
58,0,11,8,7,1,207,1
31,0,9,172,9,5,25,0
18,1,4,198,15,6,153,0
37,1,4,57,11,2,148,0
36,1,15,173,15,6,104,0
49,0,4,280,0,1,88,0
46,0,10,81,4,8,138,0
67,1,14,180,20,3,224,1
40,0,8,88,7,6,90,0
63,1,10,257,3,9,292,0
45,1,10,213,12,10,210,0
49,0,3,148,5,8,156,0
28,1,9,40,3,1,270,1
57,1,3,237,12,10,34,0
54,1,13,170,4,10,156,0
18,0,2,83,5,2,96,0
19,1,1,113,11,5,280,1
35,0,5,65,1,4,182,0
51,0,7,234,6,4,202,1
58,0,8,57,2,2,185,0
36,1,1,55,7,4,201,1
51,1,6,226,0,6,32,0
69,1,11,232,19,1,181,1
20,0,13,274,4,6,282,0
35,1,11,147,16,6,223,0
33,1,11,9,6,10,216,1
68,1,10,246,16,3,71,0
64,1,6,13,2,3,11,0
40,0,5,223,17,2,207,1
18,1,11,126,11,2,125,0
65,1,2,76,4,7,198,0
52,1,11,58,6,9,274,0
61,0,12,147,18,9,240,0
56,0,2,38,16,8,125,1
51,0,2,131,13,4,82,1
56,1,6,265,16,6,74,0
24,0,1,241,7,6,31,0
32,0,5,122,19,10,74,0
38,0,12,276,12,10,171,0
58,0,13,165,5,8,97,0
59,0,5,63,2,6,110,0
31,1,14,61,18,1,295,1
70,1,4,86,6,5,298,1
33,1,14,72,9,7,278,0
66,1,2,272,13,10,195,1
51,0,2,22,7,6,49,1
63,0,1,214,6,4,54,1
46,1,12,284,18,9,13,0
54,0,13,105,9,2,219,1
61,1,4,286,18,10,234,0
43,1,7,32,13,3,53,1
36,1,3,158,13,7,170,0
44,1,7,295,15,5,190,1
49,1,15,108,10,9,40,0
55,0,2,79,19,4,205,1
61,1,11,6,11,7,94,0
52,1,7,175,11,4,175,1
41,0,8,214,13,3,163,1
23,0,15,239,0,8,115,0
30,0,14,268,16,3,147,0
61,0,11,184,13,10,220,0
45,1,12,31,17,8,82,0
63,1,3,247,12,6,166,0
70,1,9,87,18,1,91,0
45,1,7,11,13,4,90,1
63,0,13,227,10,6,53,0
31,1,7,139,5,9,263,0
30,0,14,67,1,1,275,0
53,1,6,218,12,5,13,0
40,0,4,224,2,8,285,0
46,1,13,186,1,10,241,0
21,1,12,295,1,3,146,0
61,1,8,60,18,1,140,0
65,1,12,225,6,8,175,0
70,0,13,206,11,7,70,0
45,0,2,176,12,2,153,1
34,0,3,248,7,10,60,0
68,1,15,156,7,8,251,0
53,0,13,51,5,1,21,0
56,1,12,289,1,4,47,0
46,0,1,93,0,1,110,0
21,1,15,189,10,2,184,1
60,0,11,300,15,7,262,0
59,0,9,173,14,10,97,0
22,1,3,228,20,2,41,0
20,1,9,179,18,10,138,0
67,1,14,178,15,6,140,0
52,0,14,24,13,3,279,1
38,1,13,56,5,3,140,0
27,1,15,182,13,8,126,0
48,0,1,167,12,3,292,1
33,0,12,74,18,3,148,0
63,1,9,119,2,5,47,0
28,0,6,105,17,10,48,0
37,1,2,224,7,6,194,1
70,0,3,47,10,6,196,1
19,1,14,173,15,7,124,0
22,1,2,226,14,2,153,1
47,1,3,51,15,10,248,0
58,1,15,47,3,2,109,0
39,0,11,115,12,7,116,0
46,1,1,101,4,9,114,0
50,1,14,70,20,4,292,1
43,1,7,57,20,8,189,0
32,0,6,140,14,5,203,1
65,0,3,145,3,6,22,0
34,0,2,32,17,4,33,1
32,1,14,15,3,7,79,0
21,0,9,298,16,10,166,0
43,1,5,96,19,4,65,0
54,0,13,269,16,10,65,0
44,0,13,176,7,7,119,0
35,1,14,123,7,7,222,0
33,0,5,68,7,2,272,1
59,0,13,192,14,1,195,1
39,0,10,226,2,3,127,0
65,0,13,83,12,7,155,0
49,0,4,194,8,5,20,0
64,1,15,162,19,3,278,1
62,1,3,259,3,5,220,0
46,1,5,264,10,5,37,0
25,0,4,250,3,5,212,0
67,1,5,149,14,7,31,0
62,1,10,78,15,2,272,1
56,0,10,4,7,1,295,1
59,0,2,118,1,7,32,0
59,1,6,165,16,6,279,0
32,0,3,45,12,9,292,1
20,0,14,130,3,1,120,0
18,1,15,204,19,2,95,0
42,1,5,17,8,10,222,1
32,0,10,20,4,8,55,0
45,0,11,204,15,7,30,0
39,1,1,83,3,6,105,0
25,0,12,14,1,5,205,1
46,1,14,64,15,10,260,0
66,0,1,100,0,10,69,0
41,1,3,184,2,9,22,0
22,1,14,267,19,4,210,1
37,1,3,140,11,3,133,0
39,0,9,134,6,9,196,0
63,1,5,169,19,4,11,0
61,1,11,250,5,1,125,0
69,0,1,173,13,1,212,1
20,0,9,135,14,3,209,1
53,0,1,179,11,6,226,1
48,0,2,7,19,10,274,1
24,1,12,142,15,8,263,0
34,1,3,171,10,1,135,0
29,0,3,21,5,3,267,1
27,1,13,200,1,4,266,0
28,1,8,163,9,8,171,0
34,0,8,267,7,10,280,0
28,1,7,278,8,8,232,0
27,0,12,131,14,3,20,0
50,0,8,197,3,3,156,0
34,1,13,72,11,8,261,0
50,0,7,140,9,1,168,1
56,0,5,125,8,3,217,1
27,1,9,222,10,7,290,0
34,1,2,116,5,3,35,0
58,1,9,87,1,3,128,0
63,0,3,37,5,10,119,0
18,1,6,63,4,7,66,0
66,1,1,73,17,8,16,0
60,0,15,234,8,6,146,0
64,1,8,174,2,2,230,0
60,1,11,277,20,6,108,0
50,1,10,259,17,8,280,0
26,0,12,74,18,1,82,0
38,1,13,164,15,5,111,0
34,0,1,299,1,6,141,0
43,0,6,168,7,1,120,0
59,0,4,21,10,8,70,0
67,0,14,50,17,1,175,1
46,1,11,100,5,5,43,0
52,0,12,192,0,3,46,0
22,1,2,71,2,8,60,0
36,1,11,203,18,5,18,0
29,0,10,51,6,8,52,0
33,0,2,117,19,1,230,1
46,0,8,59,4,7,30,0
45,0,1,27,12,4,156,1
42,0,12,50,5,6,162,0
68,0,7,34,8,7,260,1
69,0,5,171,8,5,80,0
63,1,10,123,18,3,186,1
50,0,2,166,16,2,208,1
55,0,4,193,17,2,134,0
59,1,14,78,2,6,39,0
27,0,1,212,5,10,240,0
60,0,6,277,3,1,266,0
40,1,1,153,15,5,192,1
52,1,10,87,7,2,260,1
34,0,13,37,4,4,194,1
37,0,15,265,10,9,66,0
30,0,8,263,17,7,101,0
37,0,9,7,15,4,275,1
33,1,6,145,1,9,131,0
56,1,11,157,10,6,113,0
43,0,5,256,4,10,45,0
41,0,11,32,2,5,297,1
66,0,6,226,4,3,100,0
40,1,10,82,18,9,109,0
50,0,15,165,4,3,91,0
57,0,8,94,15,1,264,1
64,0,14,288,1,1,51,0
33,0,11,292,10,4,187,1
54,0,4,146,7,3,279,1
64,1,15,41,0,9,191,0
60,1,12,206,0,1,212,0
47,0,3,123,3,10,98,0
35,0,10,61,6,6,65,0
34,1,5,161,17,10,121,0
70,0,2,292,19,7,180,1
23,1,3,166,15,2,10,0
69,0,7,167,5,10,195,0
49,0,10,70,16,8,101,0
32,1,2,47,8,8,202,1
34,0,4,213,16,6,267,0
22,0,5,194,1,4,226,0
67,0,1,59,4,8,248,0
52,1,3,24,13,8,133,0
60,0,7,139,19,5,142,0
62,0,4,143,20,1,190,1
64,1,4,198,18,6,111,0
36,0,12,74,20,8,131,0
39,0,8,14,20,6,66,0
67,1,6,124,4,6,210,0
67,0,10,56,18,9,75,0
69,0,10,165,10,6,172,0
20,0,13,168,4,10,49,0
65,0,4,244,11,10,14,0
29,1,3,268,3,7,19,0
50,0,10,284,18,7,57,0
18,1,12,116,7,8,241,0
30,1,6,163,6,9,272,0
19,0,6,208,16,8,176,0
22,0,10,198,1,6,165,0
36,0,2,248,13,7,110,0
29,0,4,90,3,3,185,0
35,1,3,192,8,6,198,0
65,1,7,187,2,4,66,0
37,1,10,74,8,7,16,0
35,0,11,166,8,10,269,0
26,0,4,55,8,3,44,0
56,1,14,289,1,7,22,0
23,0,2,145,17,4,99,1
55,0,4,132,0,9,74,0
54,0,14,90,16,1,267,1
35,0,14,148,17,4,286,1
50,1,15,39,13,1,124,1
23,1,13,232,1,10,196,0
58,1,15,267,6,8,36,0
40,1,7,82,5,10,148,0
57,0,15,233,2,3,87,0
51,1,5,11,0,3,72,0
60,1,7,125,11,7,176,0
21,0,11,185,10,10,72,0
37,1,1,78,19,1,39,1
68,1,15,85,8,4,291,1
45,0,8,293,11,7,217,0
22,0,11,93,6,4,171,1
48,1,9,77,13,3,134,0
48,0,6,126,13,1,65,0
30,1,9,144,10,7,85,0
51,1,6,42,10,4,104,1
54,1,10,129,12,3,85,0
60,0,7,118,20,1,120,0
55,0,15,52,11,9,17,0
69,1,15,217,1,8,250,0
55,1,15,234,20,3,138,0
49,1,13,131,14,3,201,1
43,1,8,47,19,2,40,1
18,0,15,145,9,6,259,0
19,0,4,241,19,8,74,0
65,1,11,226,20,7,177,0
38,1,14,18,9,6,207,1
33,1,15,187,0,5,170,0
37,1,6,176,0,7,140,0
39,1,12,291,16,8,277,0
26,1,1,191,10,10,294,1
66,1,9,96,14,6,280,0
60,0,1,51,9,5,115,1
32,1,3,187,13,7,24,0
43,1,8,193,8,10,233,0
70,0,8,206,18,8,89,0
65,0,7,255,3,5,147,0
30,1,4,118,6,1,250,1
20,1,5,48,4,4,160,1
58,0,4,212,13,1,76,0
59,1,9,99,17,5,296,1
68,1,3,186,7,6,139,0
70,1,3,19,19,10,91,0
37,0,12,182,20,5,189,1
30,0,8,108,8,8,49,0
18,1,2,107,2,4,144,0
63,1,1,55,4,1,272,1
47,0,4,44,11,4,264,1
46,1,6,209,14,8,106,0
69,1,11,189,17,1,141,0
50,1,7,129,3,7,46,0
19,0,15,88,7,10,176,0
19,0,9,54,1,10,127,0
34,0,8,265,0,10,85,0
28,1,5,10,3,9,197,0
42,1,4,245,0,6,17,0
28,1,10,119,9,4,246,1
50,1,6,114,15,10,195,0
48,0,13,134,12,2,161,1
39,0,8,188,3,4,237,0
41,1,14,154,19,9,94,0
65,1,6,14,3,2,231,1
67,0,2,188,16,9,182,1
66,1,11,42,10,1,80,1
58,1,4,78,12,5,186,1
51,0,1,74,6,2,249,1
50,1,7,145,1,1,260,0
42,1,11,256,7,3,105,0
51,1,13,167,12,3,267,1
50,1,5,39,10,3,134,1
52,1,6,218,4,6,55,0
48,1,13,185,0,4,281,0
59,0,1,10,15,4,107,1
63,0,11,44,5,6,242,0
36,1,9,102,18,8,146,0
65,1,9,198,15,4,156,1
19,1,9,215,10,1,211,1
39,1,12,164,18,9,68,0
46,1,7,163,2,10,183,0
20,1,9,201,8,5,67,0
19,0,11,9,15,6,21,0
64,0,7,184,3,3,222,0
21,0,10,289,15,7,258,0
32,0,9,77,8,10,242,0
47,1,1,160,17,1,291,1
70,0,4,251,8,4,117,0
23,1,9,277,19,6,271,0
18,1,1,107,16,8,185,1
27,1,8,2,13,6,206,1
21,0,5,201,10,8,141,0
49,0,11,93,10,5,37,0
19,0,10,61,13,2,41,0
64,0,8,230,15,7,271,0
42,1,6,68,15,3,135,0
29,0,9,292,4,4,41,0
58,0,5,34,10,6,205,1
55,0,15,247,10,10,227,0
49,0,15,4,19,1,174,1
27,1,11,82,17,7,17,0
46,1,15,240,12,1,90,0
68,0,3,135,13,7,280,0
54,1,10,226,6,2,260,1
68,1,14,126,16,5,181,1
36,1,7,290,6,5,155,1
46,1,10,252,2,7,122,0
62,1,3,207,10,5,167,1
40,0,6,186,12,5,85,0
47,0,6,198,19,1,289,1
24,1,4,241,7,1,237,1
51,0,8,150,9,2,161,1
46,0,6,248,8,2,45,0
30,1,5,233,19,8,129,0
31,1,13,160,20,9,91,0
60,0,11,85,15,8,174,0
66,1,3,281,17,1,298,1
58,1,8,21,18,7,123,0
31,0,12,109,8,9,251,0
53,1,8,154,0,4,300,0
55,0,4,9,9,4,76,1
54,1,1,266,13,7,85,0
26,1,9,54,17,3,261,1
56,1,5,108,13,7,182,0
59,1,10,244,15,1,117,0
34,0,2,35,1,10,79,0
35,1,4,162,15,10,208,0
43,0,7,50,6,8,98,0
46,0,14,42,9,5,108,1
36,1,10,262,20,7,186,0
18,1,3,218,18,2,281,1
54,1,2,61,2,8,32,0
24,0,8,277,19,8,106,0
20,1,11,287,20,7,69,0
57,0,9,223,11,7,80,0
27,0,7,187,3,5,52,0
42,1,9,195,19,5,288,1
23,0,13,8,18,2,44,1
46,0,4,255,7,3,203,1
59,0,6,285,18,6,69,0
28,1,5,199,20,4,44,0
33,0,9,155,7,10,110,0
53,0,7,37,7,4,276,1
70,0,4,209,3,4,176,0
56,1,3,220,20,9,300,0
69,1,7,59,2,8,82,0
63,1,15,224,11,9,127,0
19,0,11,167,6,10,75,0
41,1,11,110,6,2,213,1
32,1,1,137,6,10,181,1
57,0,1,178,1,9,203,0
40,1,7,114,9,5,202,1
63,0,10,26,14,7,90,0
65,0,9,22,9,10,222,1
27,0,11,52,14,9,15,0
69,1,2,169,10,5,112,1
21,0,7,42,15,1,174,1
44,1,13,242,16,6,233,0
18,0,11,194,8,7,262,0
49,1,1,208,20,10,234,1
23,0,2,283,6,6,117,0
21,0,2,140,11,5,12,1
33,1,4,292,18,10,15,0
22,1,8,276,16,1,94,0
37,0,7,116,20,7,134,0
38,1,1,205,9,6,215,1
67,0,3,283,10,6,19,0
19,1,11,7,4,5,119,0
42,0,11,54,20,10,294,0
31,0,13,155,6,6,262,0
53,1,10,117,5,4,86,0
42,1,11,53,0,8,194,0
46,0,1,26,6,3,232,1
51,1,8,293,10,4,44,0
47,0,14,192,15,9,273,0
24,0,3,233,17,10,145,0
51,1,6,47,11,2,139,1
63,1,8,18,13,8,163,1
36,0,13,31,8,7,158,1
33,0,15,76,15,9,10,0
69,1,2,261,10,10,190,1
24,1,6,168,16,2,206,1
26,0,5,141,6,8,151,0
63,1,8,148,1,4,271,0
50,0,7,268,20,8,111,0
53,1,11,250,13,4,276,1
27,1,11,52,17,3,173,1
25,1,10,122,9,3,295,1
18,0,15,69,9,3,234,1
28,1,3,295,17,7,108,0
42,1,6,38,1,2,218,1
24,0,12,3,16,9,173,1
63,1,15,227,16,7,89,0
57,1,10,11,5,8,90,0
58,1,5,60,12,4,161,1
69,0,7,261,2,4,229,0
65,1,14,57,7,4,229,1
39,0,15,7,20,6,155,1
58,1,1,163,7,5,268,1
27,1,10,94,0,2,65,0
24,1,8,271,17,8,144,0
19,0,2,212,2,3,168,1
20,1,1,172,5,2,289,1
41,0,14,87,2,4,185,0
49,0,14,231,17,2,220,1
41,1,14,65,6,9,56,0
22,0,14,141,13,10,169,0
59,1,14,293,6,8,42,0
44,1,1,58,14,1,80,1
50,1,11,234,18,3,163,1
58,0,8,37,1,3,166,1
66,0,6,25,16,4,174,1
57,1,6,281,14,4,204,1
60,0,5,122,9,7,176,0
57,0,11,275,7,5,232,1
51,0,14,249,17,8,296,0
65,0,4,220,4,1,281,0
45,1,8,288,8,1,94,0
64,0,1,231,16,9,149,0
61,1,11,233,16,6,97,0
20,1,13,190,2,4,257,0
61,0,10,158,5,2,256,0
19,0,8,93,18,10,267,0
31,0,2,198,9,2,84,1
67,0,15,219,3,9,163,0
38,1,11,278,13,4,122,0
62,0,3,217,2,8,283,0
69,0,4,252,5,8,236,0
30,0,11,116,15,3,13,0
62,0,2,289,2,1,63,0
44,0,6,116,3,1,17,0
24,1,1,175,16,4,154,1
49,0,8,76,6,6,261,0
63,0,1,185,0,7,222,0
28,1,9,156,8,7,79,0
66,1,15,82,14,9,225,0
20,1,11,280,2,8,172,0
34,1,11,118,11,1,54,0
46,1,6,196,15,8,237,0
20,1,3,72,6,9,60,0
46,1,10,29,18,3,294,1
28,1,4,14,7,10,33,0
47,0,14,82,4,10,260,0
44,0,6,277,17,2,216,1
39,1,7,230,4,5,212,0
20,0,1,237,14,9,93,0
43,1,4,165,0,4,260,0
23,0,4,282,17,7,248,0
35,0,8,67,12,6,116,0
61,0,7,53,0,8,273,0
36,1,8,277,9,4,297,1
32,1,5,297,7,6,270,0
28,1,3,252,8,1,114,0
40,1,13,7,9,7,202,1
56,1,4,238,6,4,49,0
53,0,12,22,13,8,14,0
28,1,7,72,7,6,155,0
33,0,5,88,11,5,153,1
20,1,2,248,20,8,289,1
26,0,5,194,15,2,267,1
54,1,6,218,15,8,133,0
22,1,15,85,0,5,155,0
53,1,15,296,9,9,27,0
41,0,5,192,4,10,93,0
20,1,15,204,1,7,249,0
56,0,14,35,15,5,90,1
36,0,9,75,11,8,151,0
44,1,7,47,4,9,58,0
32,1,11,101,6,9,154,0
29,1,1,201,12,10,222,1
47,0,2,208,6,1,65,1
19,1,11,223,4,4,108,0
60,1,14,247,13,4,170,1
42,0,14,277,18,1,240,1
55,1,7,227,3,1,25,0
47,0,15,179,5,4,109,0
30,0,8,193,20,5,50,0
39,0,1,255,16,9,133,0
23,0,11,220,19,4,171,1
59,1,8,211,18,7,282,0
59,1,2,137,13,4,111,1
21,1,7,142,2,1,95,0
50,1,7,134,12,6,282,0
25,0,15,43,15,6,45,0
20,0,6,276,1,9,76,0
64,1,2,74,12,3,153,1
32,1,1,270,12,6,293,1
65,1,4,24,10,8,272,1
22,1,8,76,9,1,16,0
61,0,5,99,1,7,268,0
62,0,8,37,9,5,240,1
69,0,12,274,3,7,105,0
56,1,3,175,1,9,22,0
59,0,6,188,13,3,206,1
37,0,1,132,3,10,89,0
69,0,14,165,9,8,53,0
40,1,15,3,3,7,223,0
36,1,1,169,14,7,213,1
64,0,2,254,13,1,168,1
42,1,12,106,7,5,268,1
41,0,1,180,2,10,272,0
64,1,4,289,1,1,135,0
60,0,9,38,16,1,222,1
56,0,11,3,1,5,228,1
37,1,2,140,13,1,295,1
51,0,8,214,1,6,258,0
45,0,13,14,12,4,230,1
69,1,2,298,10,8,288,1
26,0,5,269,15,5,62,0
18,1,12,30,18,8,127,0
58,0,2,100,8,10,141,0
65,1,10,71,7,7,96,0
37,1,3,39,19,8,50,0
19,0,6,256,3,3,276,0
62,1,11,249,11,7,173,0
36,0,8,271,10,10,160,0
57,1,5,191,15,8,201,0
52,1,9,145,20,4,210,1
18,1,14,263,0,10,225,0
64,1,5,121,12,10,126,0
38,0,4,3,20,9,43,0
20,1,14,185,9,9,81,0
18,0,10,208,16,7,263,0
20,1,6,34,12,9,41,0
65,0,14,148,10,1,54,0
53,1,8,82,12,1,173,1
67,0,5,231,8,7,76,0
64,0,1,197,10,2,71,1
53,1,7,270,4,2,215,0
30,1,12,229,3,7,18,0
50,1,9,287,14,3,234,1
45,1,13,201,0,5,58,0
40,1,12,129,19,8,289,0
61,1,13,214,18,3,268,1
57,0,7,215,15,4,107,0
22,0,13,79,11,7,39,0
31,0,1,10,4,7,296,1
68,0,7,168,0,7,67,0
33,0,3,125,15,8,267,0
36,0,8,25,4,1,136,0
38,0,6,93,5,10,240,0
66,0,7,36,12,1,159,1
43,1,13,27,6,1,41,1
57,0,2,181,14,1,46,1
26,0,11,243,19,4,198,1
22,1,14,93,8,7,84,0
58,1,9,89,8,6,158,0
57,0,2,78,8,5,34,1
43,0,5,175,12,9,142,0
49,0,14,256,11,8,272,0
41,0,5,113,16,6,49,0
35,0,2,32,12,9,232,1
55,0,2,253,18,10,137,0
45,1,13,41,17,7,232,1
57,0,11,56,0,8,220,0
50,1,13,39,4,3,253,1
22,1,2,268,5,10,203,0
60,1,12,261,7,3,140,0
49,1,4,176,8,7,173,0
18,0,13,117,20,5,110,0
40,1,15,75,4,2,251,0
59,0,14,89,19,1,88,0
68,0,13,282,20,9,113,0
51,1,14,224,9,8,236,0
30,1,12,238,9,6,129,0
69,1,10,1,9,4,295,1
67,1,1,88,4,1,24,0
27,0,3,223,0,1,212,0
30,1,11,249,1,10,224,0
62,1,14,28,10,6,234,1
43,0,2,29,8,4,207,1
29,0,8,72,2,10,24,0
49,1,10,128,8,8,287,0
35,0,11,290,2,3,290,0
27,0,4,153,4,1,213,0
41,1,6,292,1,7,132,0
30,0,7,39,11,1,205,1
32,1,5,210,2,8,285,0
59,1,2,92,17,7,80,0
67,1,1,94,15,3,60,1
51,0,4,160,15,9,72,0
19,0,13,188,9,5,20,0
65,0,9,262,2,5,142,0
51,1,13,23,8,4,96,1
58,1,10,67,14,2,153,1
40,0,2,249,1,8,166,0
70,0,13,145,3,5,295,0
41,1,9,229,6,3,38,0
44,0,14,295,17,2,129,0
66,0,13,106,16,4,81,0
45,1,10,276,20,5,201,1
41,1,12,245,20,1,143,0
47,1,11,250,18,10,62,0
38,1,12,191,2,7,69,0
42,0,3,142,14,10,105,0
61,0,5,20,15,5,89,1
25,1,3,99,7,5,201,1
46,0,3,199,0,2,163,0
26,1,12,26,11,1,47,1
23,1,1,143,1,1,88,0
44,0,6,165,7,7,110,0
40,0,12,272,2,6,140,0
55,0,8,282,8,7,258,0
25,1,2,287,6,7,143,0
39,1,5,291,8,2,17,0
35,0,13,159,5,9,245,0
54,0,6,133,8,5,286,1
65,0,6,182,3,6,80,0
63,1,12,46,12,4,259,1
61,0,2,31,1,1,117,1
37,0,9,294,16,4,182,1
35,0,6,134,18,1,256,1
28,1,2,16,13,2,26,1
23,0,13,265,16,2,81,0
53,1,7,90,16,9,275,0
56,0,3,234,2,6,226,0
66,0,2,225,2,9,216,0
63,0,9,122,13,7,20,0
52,0,10,189,7,6,156,0
47,0,14,68,9,10,62,0
40,1,4,293,9,2,60,0
31,0,7,159,4,7,53,0
52,0,13,284,19,1,90,0
20,0,11,65,15,4,152,1
52,0,5,60,15,5,193,1
35,1,8,188,3,7,232,0
30,0,2,10,3,7,184,1
19,0,2,238,16,5,30,1
69,0,14,190,7,4,167,1
63,1,1,116,20,3,292,1
70,1,9,280,9,3,151,1
34,0,6,147,0,3,148,0
38,0,6,116,3,1,26,0
53,1,2,83,7,9,92,0
19,0,7,11,16,1,44,1
68,1,9,175,17,10,270,0
35,1,14,82,18,7,233,0
52,0,13,242,7,6,233,0
70,0,13,73,7,3,48,0
58,1,6,243,18,5,41,0
19,1,4,126,7,2,222,1
37,1,6,158,1,1,261,0
68,0,5,133,16,9,123,0
30,1,1,251,18,10,188,1
53,1,10,128,15,10,295,0
28,1,8,184,20,10,236,0
28,0,12,118,9,8,129,0
39,0,13,34,16,2,295,1
18,0,8,225,14,2,88,0
27,0,3,175,18,7,27,0
51,0,11,175,2,3,136,0
52,0,13,234,13,10,201,0
25,0,4,232,19,10,229,0
42,0,2,138,10,1,292,1
42,1,11,51,16,4,250,1
67,0,15,4,16,3,196,1
56,0,3,157,2,3,128,0
67,0,4,84,12,6,137,0
69,1,5,169,14,10,179,0
61,0,14,244,10,9,104,0
61,1,4,5,15,9,224,1
39,0,11,94,15,7,263,0
68,1,3,137,1,7,188,0
47,1,11,63,8,5,178,1
33,0,13,48,20,7,73,0
65,0,13,77,17,9,117,0
58,1,4,228,5,3,298,0
44,1,4,38,8,7,271,1
20,0,3,131,7,6,289,0
44,1,15,190,2,9,126,0
45,0,9,18,14,10,32,0
34,1,14,41,4,4,277,1
42,1,6,119,20,6,184,0
38,1,10,16,16,1,133,1
38,1,2,251,3,8,125,0
50,1,11,59,14,9,19,0
36,1,1,93,20,7,223,1
67,1,5,144,2,4,191,0
39,0,13,229,18,5,64,0
64,0,4,244,16,9,292,0
33,1,5,41,5,5,259,1
45,1,11,50,16,8,273,0
32,1,10,13,18,7,232,1
43,0,12,29,15,5,127,1
65,0,6,215,15,10,111,0
32,0,6,218,8,3,192,1
65,1,3,3,11,8,84,0
50,1,3,251,13,5,84,0
44,0,11,280,3,9,176,0
49,0,8,93,4,7,290,0
62,1,11,89,4,1,239,0
69,0,5,28,11,2,287,1
19,1,4,190,10,10,298,0
42,1,12,292,7,7,129,0
63,0,3,84,12,4,66,0
28,0,2,49,4,8,282,1
21,0,15,239,7,5,77,0
37,0,13,139,13,4,41,0
61,1,5,284,4,10,68,0
52,1,5,236,10,8,18,0
48,0,11,240,11,7,207,0
32,1,15,288,3,5,264,0
66,0,9,145,18,4,289,1
31,0,8,254,13,9,206,0
67,0,1,181,14,2,86,1
33,1,3,59,20,9,85,0
45,1,12,145,10,3,74,0
33,0,6,31,11,3,204,1
57,0,4,204,5,8,49,0
54,1,11,70,0,9,111,0
60,1,8,199,17,1,283,1
18,0,4,236,3,3,260,0
70,0,15,283,9,4,135,0
39,0,7,32,11,5,290,1
21,1,14,248,17,7,68,0
51,0,4,276,8,9,165,0
31,0,9,231,13,10,59,0
69,1,12,97,20,9,161,0
50,0,10,36,17,4,203,1
58,0,14,175,13,2,111,0
65,1,15,13,1,3,168,1
22,1,15,45,14,1,264,1
44,0,9,9,5,8,52,0
68,0,8,2,13,4,72,1
42,1,4,279,20,1,154,1
23,0,7,280,11,6,256,0
39,1,5,241,5,1,36,0
60,1,7,57,19,4,248,1
31,1,6,277,0,6,270,0
54,1,10,182,3,6,21,0
25,1,15,18,1,9,115,0
36,1,11,3,5,2,298,1
53,1,13,213,11,4,240,1
69,1,3,287,0,6,258,0
29,0,10,113,15,4,34,0
67,0,8,229,13,8,191,0
19,0,12,158,13,4,173,1
40,1,9,143,19,10,241,0
59,1,14,165,13,1,28,0
19,0,3,239,19,10,289,0
32,1,4,70,13,3,128,0
37,1,3,163,8,7,65,0
20,1,3,271,6,9,282,0
29,1,3,265,14,5,172,1
59,1,15,40,18,6,156,1
30,1,11,57,12,5,203,1
64,0,9,129,12,2,116,0
21,1,14,141,16,8,229,0
51,1,4,159,3,9,63,0
43,0,6,41,8,9,56,0
59,0,14,276,7,3,65,0
61,0,6,135,10,9,81,0
54,1,2,146,2,4,154,1
42,0,13,288,4,5,272,0
52,1,15,1,14,7,201,1
61,0,14,232,1,2,14,0
65,1,5,126,17,3,14,0
46,1,15,225,3,4,31,0
37,1,7,258,7,10,139,0
48,0,3,53,12,9,89,0
25,1,8,79,8,8,40,0
56,0,9,161,0,4,240,0
60,1,10,284,14,9,120,0
58,0,8,171,17,9,198,0
34,1,4,244,5,4,236,0
47,0,7,170,3,9,195,0
69,1,5,207,9,2,22,0
29,1,7,15,19,10,259,1
24,1,8,93,2,4,234,0
38,0,15,6,7,7,256,1
61,0,3,137,14,3,203,1
66,1,9,190,10,10,127,0
55,0,4,188,18,9,82,0
28,0,10,48,19,8,147,0
47,0,9,181,2,6,261,0
49,1,7,268,5,5,52,0
40,0,6,161,6,5,203,1
49,1,4,175,7,4,280,1
51,1,12,265,4,6,276,0
29,1,15,48,7,5,243,1
27,1,11,118,0,4,262,0
31,1,15,187,5,8,142,0
29,0,15,40,7,9,94,0
43,1,11,295,5,8,60,0
35,1,14,230,15,10,34,0
28,0,15,84,18,1,202,1
34,0,11,183,20,7,254,0
36,0,8,86,17,5,103,0
23,1,8,253,9,4,215,1
29,1,3,23,19,9,191,1
56,0,2,205,4,3,298,1
36,1,8,223,9,10,184,0
57,0,6,234,13,2,227,1
43,0,12,30,15,6,112,0
32,1,3,181,15,6,283,0
34,1,2,289,16,9,264,1
63,0,14,67,20,10,90,0
45,1,12,211,11,6,30,0
41,0,12,111,15,9,201,0
18,0,10,165,5,4,124,0
67,1,2,101,16,6,109,0
44,1,2,235,13,4,21,1
27,0,7,99,6,9,24,0
52,0,14,225,8,8,138,0
54,0,9,101,17,9,47,0
22,1,1,192,1,5,271,1
68,0,12,137,16,10,205,0
18,0,2,121,3,1,276,1
50,1,12,260,7,9,271,0
66,1,8,115,10,4,55,0
18,1,3,250,18,10,37,0
19,1,11,293,1,10,81,0
38,0,7,173,10,10,115,0
36,1,7,9,2,7,189,0
43,1,8,57,18,8,204,0
62,0,13,148,2,7,289,0
24,0,13,65,6,2,273,1
24,1,13,158,17,9,55,0
66,0,11,200,19,1,298,1
27,1,10,118,1,1,248,0
31,0,5,130,19,7,61,0
40,0,15,129,18,10,243,0
37,0,3,30,4,8,210,0
20,1,2,43,7,3,161,1
43,1,3,90,10,1,129,0
66,1,5,88,12,1,187,1
47,1,5,238,18,6,275,0
28,0,3,36,5,9,264,0
65,0,4,194,9,8,204,0
64,0,15,227,4,2,199,0
41,1,4,24,8,6,112,0
27,1,14,290,6,5,27,0
30,1,4,148,18,2,34,0
30,0,7,22,17,3,14,1
44,1,3,111,16,4,252,1
20,1,15,137,11,3,266,1
25,1,3,283,6,8,278,0
34,1,14,216,17,1,197,1
21,1,7,89,3,9,140,0
65,0,6,7,17,7,79,0
56,1,13,243,13,5,48,0
38,0,12,88,15,10,83,0
66,0,7,183,5,9,89,0
64,1,4,25,19,2,209,1
19,1,6,153,6,8,89,0
41,1,5,46,5,8,52,0
60,1,4,135,14,4,37,0
61,1,7,273,16,5,122,0
67,0,2,191,17,1,75,1
58,1,2,193,15,10,288,1
60,1,4,64,11,4,255,1
65,1,3,92,4,7,248,0
57,0,6,150,2,10,224,0
25,1,6,158,3,8,128,0
29,1,1,267,16,4,12,1
69,0,11,55,2,1,121,0
41,0,5,121,1,10,235,0
40,0,2,254,13,5,13,1
31,1,10,35,0,7,115,0
34,0,12,107,5,4,257,0
46,1,2,214,9,9,241,1
45,0,2,82,0,3,13,0
49,1,11,64,14,5,183,1
62,1,2,88,9,6,294,1
66,1,10,249,20,9,134,0
29,0,7,210,11,8,91,0
53,0,14,239,16,9,162,0
43,1,7,150,2,3,183,0
53,0,7,165,7,8,223,0
27,0,10,27,18,9,95,0
60,0,2,90,4,3,268,1
28,1,14,122,11,10,117,0
52,0,9,155,12,1,83,0
26,1,1,65,13,9,187,1
46,1,11,17,20,6,282,1
41,0,1,167,4,10,108,0
18,1,2,193,4,9,102,0
38,1,8,215,6,3,89,0
23,0,9,97,18,3,118,0
67,0,13,295,9,9,181,0
30,1,2,2,15,1,232,1
49,1,3,158,13,10,87,0
37,1,13,193,18,9,112,0
19,1,5,145,20,8,253,0
56,1,11,67,6,6,59,0
40,1,12,115,8,8,135,0
20,0,11,217,8,2,174,1
57,0,6,270,20,7,294,0
31,1,8,110,12,10,187,0
34,1,11,72,16,7,258,0
62,0,3,149,15,8,159,0
53,1,12,213,17,1,225,1
40,1,11,133,10,2,48,0
41,1,12,292,16,8,151,0
63,0,14,246,1,9,244,0
63,1,14,155,10,7,204,0
38,1,4,267,8,5,10,0
45,1,4,203,11,9,200,0
60,0,8,32,2,4,185,1
54,0,10,177,9,10,299,0
48,1,9,103,9,9,108,0
41,0,7,286,9,4,290,1
26,1,5,157,17,4,21,0
42,0,12,299,9,3,234,1
19,1,3,16,5,6,36,0
38,0,11,16,19,5,112,1
54,0,14,300,20,6,211,0
69,1,6,243,3,2,201,0
61,0,7,134,4,5,250,0
18,1,5,9,3,6,133,0
37,1,3,46,3,4,100,0
20,1,7,194,7,2,137,0
42,1,15,230,14,8,160,0
58,0,13,166,7,3,61,0
30,1,15,90,1,8,55,0
28,1,6,284,11,6,204,0
51,0,10,30,18,9,68,0
31,0,10,279,19,4,238,1
23,0,8,4,17,10,21,0
40,1,9,138,1,3,80,0
64,0,14,66,4,3,234,0
64,1,14,241,0,3,70,0
50,1,5,189,0,5,273,0
68,1,12,300,14,5,58,0
55,1,5,191,8,7,17,0
59,0,15,170,17,4,63,0
59,0,13,82,5,2,164,0
54,0,11,90,3,1,188,0
28,1,11,57,11,2,277,1
62,1,1,10,4,1,106,1
67,1,4,89,17,9,109,0
58,0,13,187,16,10,196,0
45,1,4,279,13,2,233,1
39,1,1,177,18,3,16,1
41,1,2,209,0,6,230,0
43,0,1,69,14,8,286,1
53,1,6,105,11,10,57,0
49,1,4,224,7,6,275,0
39,1,9,250,13,7,235,0
63,1,13,296,2,4,49,0
56,0,7,194,9,2,22,0
28,0,8,284,2,7,47,0
66,0,12,76,8,7,187,0
23,0,7,41,20,3,210,1
31,1,3,186,7,8,188,0
18,0,11,263,4,3,146,0
44,0,4,226,2,6,125,0
49,1,11,107,9,7,119,0
44,0,7,278,12,2,104,0
51,1,12,10,7,9,56,0
43,1,9,219,7,8,178,0
28,1,10,283,8,5,93,0
68,0,9,114,18,6,171,0
66,1,13,163,12,10,205,0
43,0,12,140,5,3,58,0
38,0,3,105,5,4,239,0
25,1,6,107,0,7,138,0
40,0,14,165,3,6,167,0
19,0,1,100,11,10,44,0
46,1,11,175,2,8,299,0
68,0,10,48,1,5,217,1
30,1,3,102,6,5,72,0
45,0,8,280,14,9,272,0
38,0,1,159,6,6,131,0
22,0,4,265,2,7,291,0
63,0,1,300,4,1,288,1
27,0,12,215,11,5,132,0
50,1,7,240,1,6,32,0
29,1,14,275,5,1,228,0
35,1,10,163,18,1,219,1
61,0,10,55,11,8,232,0
51,1,1,287,1,8,162,0
65,0,11,1,20,10,106,0
70,0,14,173,17,8,141,0
29,0,15,190,13,10,196,0
39,1,15,253,0,2,266,0
35,1,10,264,19,8,181,0
52,1,1,248,17,1,64,1
40,0,5,149,9,6,246,0
30,1,12,111,5,5,289,0
57,1,7,157,7,1,149,0
43,1,13,262,1,3,119,0
28,1,4,260,6,3,226,1
69,1,2,146,11,3,293,1
54,1,8,270,19,9,216,0
34,1,12,237,9,4,14,0
22,0,3,181,7,3,193,1
18,1,14,95,12,2,191,1
40,0,6,116,10,10,194,0
40,1,6,40,3,1,174,1
35,1,4,25,14,6,70,0
66,0,11,223,9,1,172,1
65,0,11,299,13,1,157,1
65,1,3,71,16,1,46,0
46,0,8,247,13,10,269,0
33,0,11,224,12,6,124,0
38,1,6,117,12,8,228,0
43,0,6,158,14,8,15,0
20,1,4,197,3,9,100,0
31,1,4,240,0,3,115,0
34,1,6,298,20,7,247,0
34,0,13,48,9,10,93,0
19,1,10,145,12,9,99,0
21,1,7,105,6,2,150,1
26,1,1,252,2,8,137,0
35,0,11,59,7,3,296,1
23,1,14,164,2,10,113,0
38,0,9,126,12,4,248,1
44,0,7,273,11,9,138,0
26,1,3,131,15,8,192,0
43,1,9,151,10,6,188,0
36,0,4,120,10,4,85,0
40,1,12,28,16,2,58,1
27,1,1,138,15,10,118,0
66,0,3,93,12,1,45,0
23,1,2,170,5,8,48,0
33,0,6,97,8,1,171,1
58,1,2,118,18,9,204,1
48,0,10,224,20,1,25,0
21,1,11,229,18,10,48,0
18,1,14,54,20,7,154,0
46,0,8,177,19,1,16,0
36,1,6,12,19,8,62,0
20,1,12,91,19,9,109,0
28,0,6,184,19,9,271,0
47,0,12,293,17,8,30,0
44,1,1,51,5,2,95,0
37,1,1,242,11,9,126,0
59,0,4,209,17,9,174,0
31,0,4,105,3,9,259,0
42,1,3,68,13,4,159,1
29,0,1,140,11,5,69,1
67,0,12,45,0,8,116,0
54,1,13,194,3,4,294,0
69,1,11,160,9,1,80,0
54,1,3,243,17,7,288,0
39,0,13,289,19,9,116,0
58,0,6,104,19,1,17,0
51,1,13,96,0,1,47,0
36,1,8,143,14,5,40,0
40,1,8,225,0,3,179,0
25,1,12,81,0,2,46,0
66,0,3,232,20,9,268,0
69,1,1,198,6,7,256,1
64,1,4,123,10,6,125,0
55,0,8,43,20,7,181,1
62,1,3,65,9,4,256,1
33,1,4,62,8,7,11,0
56,1,15,176,16,2,102,0
23,0,15,265,12,2,104,0
18,0,10,55,11,2,166,1
25,0,9,12,13,10,204,1
29,0,5,220,10,5,258,1
61,1,1,77,2,5,94,0
35,0,8,94,20,2,194,1
19,0,5,126,19,5,246,1
28,0,6,230,4,2,234,0
63,1,12,52,14,5,254,1
51,0,13,286,9,3,148,0
42,0,4,68,20,8,80,0
22,1,12,287,4,3,49,0
67,1,9,218,12,9,289,0
19,0,2,273,1,6,12,0
32,0,8,228,0,7,16,0
29,0,1,165,5,9,198,0
44,1,2,65,6,2,202,1
51,1,15,299,16,4,300,1
30,0,15,49,12,8,115,0
52,0,15,15,0,1,291,1
25,1,6,66,19,4,199,1
63,1,2,239,2,5,273,1
50,0,4,7,17,9,40,0
61,1,10,1,20,10,48,0
22,1,11,132,20,3,113,0
60,0,14,246,18,4,25,0
40,1,2,299,2,1,173,1
55,1,7,152,1,6,157,0
29,1,1,78,16,8,123,0
61,0,13,206,8,9,289,0
39,1,11,36,0,3,14,0
49,1,4,273,3,7,81,0
63,0,11,96,7,1,295,1
32,0,12,232,6,5,204,1
30,0,12,23,12,8,260,1
38,0,6,33,10,8,228,1
20,0,5,241,8,8,202,0
64,0,6,102,15,9,67,0
18,0,8,240,1,2,264,0
21,1,12,80,5,1,228,0
42,0,2,153,15,9,101,0
55,0,4,219,19,10,222,0
38,0,4,78,0,4,169,0
53,1,14,289,12,5,267,1
52,0,9,200,11,10,136,0
59,1,14,203,5,1,294,0
70,1,10,42,17,8,300,1
19,1,14,300,0,2,123,0
65,0,15,242,0,6,237,0
39,0,9,40,20,8,206,1
53,1,3,185,17,4,30,0
66,0,5,240,14,6,281,0
36,0,6,68,20,6,189,0
32,0,10,266,13,1,139,0
45,1,5,227,5,9,294,0
58,1,12,82,6,3,138,0
44,0,5,252,15,3,184,1
67,0,6,208,12,5,205,1
47,0,7,130,7,5,86,0
55,1,1,177,19,9,265,1
32,0,15,146,5,6,201,0
43,0,6,55,0,3,168,0
43,0,1,79,13,7,78,0
49,1,10,296,11,2,65,0
42,1,4,129,6,8,24,0
68,0,15,129,9,3,46,0
60,0,13,232,13,10,68,0
30,1,5,76,10,10,125,0
53,1,15,175,3,5,254,0
32,0,3,70,1,4,10,0
60,1,1,183,3,9,58,0
55,0,1,134,0,3,25,0
50,0,2,253,8,10,79,0
59,0,4,101,8,5,192,1
54,0,13,179,9,4,205,1
47,1,12,167,11,1,223,1
22,1,15,112,19,3,45,0
53,0,7,76,5,4,131,0
36,1,5,279,9,8,115,0
20,0,1,87,11,4,153,1
45,0,14,60,2,9,100,0
23,1,3,39,12,7,234,1
29,1,10,182,5,4,70,0
18,0,11,175,15,10,120,0
43,1,14,197,3,2,13,0
62,0,14,297,0,8,143,0
67,0,1,226,11,9,94,0
61,1,9,123,17,10,288,0
63,1,3,240,4,3,168,0
22,1,8,178,9,7,232,0
44,0,14,11,2,10,105,0
20,0,11,218,8,8,265,0
36,0,2,207,7,6,33,0
57,1,3,205,5,7,143,0
40,1,13,200,20,8,84,0
25,1,7,229,18,5,144,0
65,0,9,152,14,4,210,1
37,0,2,232,6,9,157,1
63,0,5,159,14,8,273,0
56,1,7,56,9,8,262,0
58,0,6,258,1,2,227,0
49,1,5,209,0,7,220,0
22,0,10,77,19,5,60,0
54,0,15,21,11,7,190,1
27,0,7,45,8,3,190,1
34,0,6,245,5,3,232,0
54,0,12,46,7,8,221,1
60,1,9,84,18,5,292,1
21,0,14,43,14,7,54,0
67,1,11,267,10,4,37,0
65,1,14,92,7,3,247,1
21,0,11,209,18,4,284,1
63,0,7,253,5,9,44,0
45,1,12,133,7,3,125,0
63,0,14,83,7,5,247,1
68,0,8,26,11,4,245,1
59,1,4,78,18,1,247,1
18,0,8,121,19,10,128,0
43,1,12,299,17,10,248,0
23,0,5,42,13,8,268,1
55,0,5,12,5,10,225,0
53,0,10,37,9,8,136,0
69,0,6,73,13,8,18,0
40,0,14,28,20,6,22,0
26,0,4,123,4,4,168,0
34,0,3,256,11,7,85,0
19,0,7,97,17,3,167,1
18,0,14,19,2,2,176,1
39,1,1,298,17,5,265,1
37,0,4,231,9,3,54,0
34,1,14,153,13,10,36,0
34,1,8,165,5,5,219,0
45,0,1,199,17,5,103,1
56,0,4,177,0,6,146,0
44,0,13,197,9,10,178,0
46,1,1,17,4,6,233,1
68,0,7,265,6,7,186,0
41,0,14,6,4,9,51,0
37,1,5,178,15,1,122,0
36,0,12,35,8,7,55,0
31,0,11,224,18,6,247,0
61,1,8,119,5,9,248,0
19,0,11,72,8,5,93,0
31,0,4,177,9,4,250,1
60,1,10,116,5,9,155,0
46,0,9,141,18,2,138,0
18,0,13,84,19,3,13,0
65,1,4,148,17,3,34,0
57,1,6,171,17,9,158,0
47,0,14,220,12,10,262,0
21,1,12,43,11,7,53,0
58,1,4,291,2,1,236,0
20,0,7,7,13,4,129,1
50,1,4,198,5,8,288,0
60,0,2,46,19,5,280,1
67,1,1,191,17,4,208,1
65,1,10,280,17,4,95,0
34,1,7,35,11,6,153,1
60,1,1,259,4,7,280,0
40,0,13,254,20,5,30,0
23,1,7,67,5,7,202,0
30,0,15,146,18,7,113,0
65,1,12,203,14,5,228,1
38,1,9,159,20,1,227,1
65,0,6,67,3,2,200,0
36,1,15,243,12,2,185,1
52,1,5,141,14,2,129,0
56,0,6,129,8,6,293,0
37,0,13,116,3,1,283,0
18,1,15,40,10,1,90,1
56,1,4,93,3,6,194,0
59,0,13,151,11,10,67,0
24,1,5,213,0,4,236,0
23,1,10,165,5,1,24,0
24,0,15,37,17,8,84,0
24,1,14,91,14,10,200,0
53,1,5,257,16,8,222,0
56,1,9,165,10,10,195,0
55,1,15,114,4,2,293,0
39,0,1,284,18,5,278,1
43,0,1,182,16,7,75,0
33,1,1,184,0,6,47,0
38,1,13,205,4,6,84,0
58,1,2,257,10,9,179,1
63,0,8,49,8,6,191,1
50,1,10,135,19,2,92,0
30,0,4,63,5,3,93,0
38,0,7,71,15,4,64,0
35,1,3,219,1,3,175,0
45,0,6,232,9,10,41,0
62,1,3,296,6,8,50,0
65,1,13,200,10,9,175,0
33,0,12,150,17,9,65,0
66,1,13,120,3,9,247,0
51,0,6,239,2,4,86,0
20,0,8,71,17,3,105,0
59,0,4,237,9,9,28,0
32,1,15,208,9,8,110,0
21,1,11,45,3,7,109,0
60,0,8,25,18,4,115,1
20,1,10,195,20,7,251,0
34,0,13,152,3,9,176,0
64,0,14,160,0,2,247,0
60,1,9,35,16,4,278,1
42,0,11,195,4,9,173,0
70,1,1,105,18,10,48,0
45,1,15,117,2,2,26,0
31,1,7,86,10,9,128,0
51,1,2,144,16,7,272,1
