Pregnancies,Glucose,BloodPressure,SkinThickness,Insulin,BMI,Age,Diabetes
7,194,90,37,32,20.6,39,0
7,130,97,30,218,30.0,79,1
7,136,106,14,156,18.8,54,1
2,74,114,39,135,43.3,50,0
6,130,90,40,176,27.5,63,0
1,218,94,24,223,35.3,30,1
3,208,116,50,88,18.9,80,0
8,93,94,12,227,31.2,67,1
7,172,82,54,271,22.2,55,1
4,193,66,40,279,21.3,77,0
8,175,107,21,93,37.7,68,1
4,85,76,44,271,24.6,28,0
8,175,75,16,216,26.1,31,0
3,112,72,15,261,41.4,58,0
0,123,71,18,240,25.7,46,0
4,109,74,20,267,20.6,35,0
9,118,52,34,127,33.0,53,0
6,99,89,49,181,42.6,30,0
3,119,76,44,282,25.0,41,0
7,189,113,20,197,22.4,47,1
5,166,101,11,144,42.5,64,1
9,106,107,22,193,19.7,49,0
10,206,74,41,35,38.8,49,1
9,157,81,45,109,24.4,51,0
3,199,65,42,246,18.2,37,0
5,173,104,50,275,26.2,48,1
1,182,59,47,202,25.0,68,0
2,118,111,38,169,26.1,73,0
10,169,89,54,104,27.1,68,0
5,194,101,46,155,33.4,69,1
2,194,61,60,17,44.7,80,1
0,75,77,30,184,34.7,45,0
3,217,89,34,238,36.2,70,1
10,195,119,20,87,22.6,79,1
5,208,53,31,210,42.9,74,1
10,216,73,20,298,44.1,39,1
7,184,107,27,195,36.3,71,1
5,211,102,28,18,43.0,32,1
9,186,62,32,229,34.3,27,1
1,130,81,14,244,26.2,57,0
6,96,63,53,44,19.8,64,0
2,148,90,25,250,35.4,50,1
3,118,55,22,196,44.0,51,0
6,185,91,52,209,20.6,54,1
8,180,97,49,103,36.5,39,1
0,127,81,40,141,30.8,53,1
3,70,62,57,202,22.7,69,0
5,209,105,15,244,19.8,51,1
4,193,80,15,84,36.5,53,1
9,184,91,27,167,38.9,67,1
3,210,68,30,86,32.6,52,1
0,215,112,15,198,25.3,62,1
1,140,58,32,147,34.5,58,1
8,111,90,55,95,39.4,57,0
9,163,75,24,62,33.2,33,1
2,171,99,45,47,25.2,28,0
8,186,90,33,123,29.0,67,0
7,112,58,51,133,21.5,63,0
8,203,95,19,194,36.2,72,1
6,86,58,33,58,18.1,79,0
7,98,51,56,232,37.4,18,0
0,88,91,37,155,35.0,42,0
0,107,60,44,159,38.9,54,0
2,76,66,11,183,23.6,35,0
6,77,59,30,269,38.8,60,1
9,213,102,31,258,24.2,59,1
4,220,116,18,181,29.4,76,1
10,110,90,36,81,44.5,48,0
1,211,79,27,171,31.2,57,1
4,187,79,28,75,26.1,29,0
6,177,92,57,208,28.0,53,1
10,93,63,27,220,40.3,73,1
7,121,96,40,289,19.4,32,0
2,157,78,12,194,26.6,49,0
7,112,116,41,52,26.8,69,0
6,165,83,30,166,26.4,22,0
2,122,109,27,177,36.6,59,0
1,136,60,32,22,23.2,40,0
7,197,75,28,217,31.0,29,1
8,72,60,23,174,41.7,33,0
10,151,50,42,257,21.5,57,1
8,209,108,37,147,40.8,45,1
3,147,104,16,152,21.7,60,0
8,116,112,40,285,19.8,25,0
6,209,80,44,154,28.0,70,0
9,184,92,58,282,30.0,46,1
8,128,99,51,124,41.4,62,1
10,153,62,32,296,25.9,73,1
8,168,97,13,292,35.9,44,1
10,175,86,20,199,39.8,53,1
4,121,56,54,292,31.0,18,0
1,201,50,52,103,38.3,44,0
6,118,71,49,187,28.0,25,0
0,91,65,49,284,39.3,64,0
10,218,113,51,287,41.6,58,1
3,93,56,49,134,18.3,67,0
5,112,105,22,277,27.0,19,0
2,81,90,43,56,22.5,78,0
7,149,87,52,55,41.4,74,1
6,197,90,16,144,31.8,43,1
2,139,55,45,24,40.1,44,0
1,205,107,23,51,24.7,55,0
7,101,85,57,221,31.9,27,0
6,189,104,34,135,34.9,67,1
2,196,84,49,77,30.3,76,1
8,179,85,38,40,18.8,80,0
1,149,109,46,177,31.4,35,1
0,159,86,49,93,23.0,30,0
3,178,87,19,200,38.7,22,1
0,128,50,53,179,43.6,23,0
6,86,60,16,195,24.7,57,0
4,129,84,38,102,44.1,79,1
7,82,74,42,293,26.9,23,0
4,118,72,46,56,41.7,36,0
6,100,87,30,100,28.6,75,0
9,107,102,29,124,26.3,62,0
6,130,79,10,148,42.2,44,1
7,195,95,37,225,32.0,48,1
5,144,52,39,240,20.8,29,0
7,169,55,25,35,40.5,45,1
3,206,75,59,40,24.9,27,0
9,87,98,31,29,19.5,76,0
8,84,82,10,95,20.3,77,0
10,103,70,60,86,39.0,69,0
3,177,66,41,125,31.5,50,1
0,209,97,50,75,23.7,20,0
7,201,57,29,256,39.1,41,1
5,105,110,42,135,29.7,71,0
2,183,69,30,23,39.2,27,0
2,84,95,26,42,41.8,74,0
3,156,74,22,110,25.2,42,0
10,87,99,33,182,40.5,50,1
5,115,82,22,124,35.5,42,0
4,116,116,16,157,35.7,62,0
3,163,85,42,111,35.3,33,0
6,127,54,35,249,39.4,80,1
6,95,71,49,257,28.1,31,0
9,144,61,45,273,26.1,67,1
1,138,120,50,70,27.8,62,0
6,155,77,32,95,19.9,26,0
1,203,56,20,49,40.6,59,1
9,192,71,18,107,23.6,54,0
0,204,108,16,185,30.0,20,0
0,161,101,13,266,20.9,18,0
1,171,115,10,185,24.4,35,0
4,183,69,60,256,33.6,69,1
5,142,89,34,110,20.1,67,0
8,131,57,39,200,20.7,31,0
3,169,99,30,230,30.7,44,1
9,86,103,20,30,32.9,76,1
2,137,106,19,31,23.3,75,0
3,170,65,20,44,42.4,18,0
0,181,74,32,225,36.5,40,1
4,200,69,22,87,44.1,55,1
1,94,92,38,293,39.1,43,0
8,92,66,19,178,21.8,56,0
3,196,103,18,276,41.1,35,1
10,121,69,50,271,19.8,23,0
4,171,84,13,232,24.1,30,0
9,178,91,49,220,28.4,37,1
10,191,88,20,123,38.6,59,1
4,140,57,10,51,43.4,42,0
4,202,108,45,280,42.7,58,1
3,151,90,24,216,23.2,24,0
5,197,78,51,176,24.3,45,0
3,84,109,56,294,19.6,70,0
0,74,61,53,130,29.5,70,0
9,141,110,11,228,18.1,34,1
4,218,58,57,140,26.8,49,0
2,145,84,49,35,42.5,45,0
9,75,61,38,216,30.2,38,0
10,204,68,33,37,37.9,51,1
10,148,61,32,96,26.3,39,0
1,206,78,16,181,20.1,31,0
2,78,92,44,174,32.1,37,0
8,139,65,45,26,24.0,71,0
8,131,120,25,290,40.8,24,1
10,186,82,59,253,31.9,62,1
0,198,104,52,192,44.0,68,1
1,136,95,51,293,22.7,46,1
1,113,109,37,85,32.0,51,0
2,215,104,17,145,22.7,25,0
10,78,53,32,106,32.0,19,0
6,100,99,47,125,29.5,55,0
8,85,61,12,234,43.0,19,0
0,97,114,35,92,41.5,43,0
2,101,109,43,260,37.4,76,1
3,128,52,30,256,31.0,24,1
2,70,66,43,37,35.3,55,0
5,107,100,51,165,20.6,62,0
1,154,84,60,166,18.3,19,0
10,122,68,56,18,42.6,41,0
2,170,94,28,204,40.1,66,1
0,195,77,16,170,21.4,77,0
9,108,93,50,289,27.5,64,0
7,184,59,56,237,23.2,38,0
7,191,105,51,106,43.3,27,1
6,103,54,20,218,39.9,70,1
1,162,118,33,134,31.9,62,1
4,128,112,54,62,40.5,80,1
0,165,85,22,47,35.5,28,0
0,218,92,53,224,37.1,44,1
6,124,109,27,270,32.4,46,1
8,133,59,41,259,31.3,60,1
7,219,74,55,241,30.6,51,1
2,175,101,26,280,43.5,58,1
3,147,88,17,206,21.0,56,0
9,102,104,31,250,32.6,36,1
8,131,83,42,77,42.0,24,1
5,98,105,33,78,42.0,50,1
3,129,71,45,127,40.9,71,1
7,160,104,21,122,43.9,51,1
3,180,109,10,115,29.0,56,0
0,112,79,59,158,36.8,74,0
2,126,103,38,86,20.2,78,0
6,71,96,28,289,43.5,43,1
2,178,85,33,165,41.3,65,1
4,158,82,15,203,44.8,52,1
3,173,99,26,102,41.2,35,1
7,165,76,57,192,20.3,26,0
5,164,86,58,269,42.4,53,1
6,94,80,49,25,24.3,71,0
9,152,101,45,239,41.9,44,1
4,87,118,47,129,44.6,80,0
9,87,101,21,159,29.6,36,0
5,189,80,37,215,18.3,18,0
2,183,63,27,41,27.3,39,0
7,73,74,19,76,33.8,49,0
7,192,79,42,295,21.4,43,0
2,212,101,18,86,32.9,42,1
0,81,66,23,135,29.2,54,0
3,79,74,52,50,34.0,42,0
9,137,87,17,217,36.8,46,1
2,215,55,30,237,33.9,23,1
2,219,56,49,216,36.8,35,1
2,129,57,17,295,43.6,29,1
4,120,93,54,210,40.9,36,0
8,148,94,11,75,34.0,71,1
5,198,63,13,204,38.2,34,1
9,141,90,47,121,41.2,30,1
1,144,85,56,37,20.0,27,0
4,155,54,12,267,27.5,22,0
1,203,71,10,177,20.6,18,0
10,129,76,38,173,40.4,24,1
10,97,65,56,20,20.1,33,0
1,166,56,25,42,36.1,29,0
10,199,120,40,201,20.9,56,1
1,83,55,14,80,34.9,44,0
2,197,107,25,171,27.5,26,0
8,191,60,24,88,28.9,32,0
4,87,108,50,292,38.1,46,1
4,110,58,38,217,34.7,68,0
2,84,103,46,140,23.6,49,0
1,196,95,59,226,29.2,30,0
1,92,64,28,215,36.3,64,0
10,136,120,60,181,31.1,41,1
3,81,87,47,282,43.9,40,0
3,151,107,59,211,28.3,32,0
10,152,91,48,150,23.4,60,1
2,190,91,20,143,29.9,23,0
1,107,103,32,112,38.1,48,0
7,174,103,21,163,35.3,32,1
1,186,57,52,101,42.3,80,1
10,144,117,42,235,31.6,56,1
10,190,87,35,205,22.6,42,0
6,75,56,48,54,23.2,35,0
10,167,86,22,241,23.7,25,0
8,193,102,10,90,38.9,23,1
3,181,53,21,170,40.4,56,1
6,121,70,47,61,31.8,58,0
2,160,86,37,204,25.3,19,0
10,191,79,60,192,41.6,24,1
10,125,75,19,51,34.3,74,0
10,170,80,16,53,38.6,41,1
0,109,74,22,21,24.8,59,0
3,178,63,11,238,21.6,80,0
2,95,108,18,68,41.1,30,0
6,147,69,12,199,20.0,68,1
5,72,71,31,144,24.6,29,0
5,101,114,31,191,44.1,19,1
0,70,93,33,51,39.2,67,0
4,96,65,59,199,33.7,67,0
3,90,65,13,238,31.6,69,0
9,151,51,28,143,23.1,27,0
8,213,111,35,77,18.5,69,1
1,197,103,56,219,21.2,72,1
9,74,87,43,43,39.9,60,0
2,83,60,52,170,28.6,22,0
10,134,80,43,242,32.8,80,1
1,132,78,16,207,23.4,60,0
6,208,104,34,194,35.8,68,1
5,104,111,15,69,36.0,28,0
10,214,119,41,72,24.3,47,1
7,91,77,24,110,27.4,70,0
10,139,79,28,162,42.6,44,1
1,207,73,18,168,44.9,18,0
9,209,84,59,166,26.2,76,0
6,117,62,21,179,20.6,75,0
8,186,120,25,103,22.2,55,1
9,107,77,39,175,34.7,54,0
1,97,114,28,47,27.1,76,0
10,199,105,54,128,43.6,58,1
5,112,76,24,297,30.0,19,0
9,142,64,35,149,18.2,46,0
4,170,66,19,247,27.4,55,0
0,100,117,22,251,41.2,27,0
7,73,112,24,105,18.7,35,0
4,179,71,29,238,25.2,68,0
9,124,96,44,131,39.6,32,0
9,214,97,59,269,35.9,55,1
10,218,100,36,245,41.9,48,1
6,216,119,37,205,19.5,79,1
9,190,68,20,154,35.0,32,1
8,209,113,10,64,24.2,35,0
5,192,79,33,178,18.5,67,0
1,201,53,11,79,28.4,46,0
2,117,62,31,156,21.9,34,0
0,138,56,46,88,31.4,56,1
2,215,70,14,233,25.9,61,0
7,91,107,52,200,36.4,33,1
2,127,110,38,245,44.5,19,1
8,101,73,34,204,38.5,68,1
6,203,93,23,204,31.6,77,1
5,149,78,37,54,25.6,34,0
1,199,108,47,202,41.5,48,1
4,177,108,36,160,27.7,23,0
4,125,112,38,33,21.4,33,0
1,102,72,59,223,40.3,68,0
6,216,76,31,132,29.7,26,0
6,148,66,36,52,19.7,79,0
0,92,89,14,276,38.9,30,0
0,73,119,43,58,39.1,63,0
0,191,113,39,107,38.8,55,1
4,186,70,45,21,35.7,55,1
4,120,67,42,169,22.1,77,0
3,219,83,12,120,34.8,25,0
0,179,86,13,79,38.6,19,0
5,191,108,54,192,37.7,80,1
6,152,62,31,180,44.3,41,1
4,147,56,38,207,31.7,26,1
4,120,114,35,155,27.2,41,0
2,138,66,50,172,41.2,45,0
2,169,60,42,57,39.6,27,0
10,180,68,29,249,38.8,39,1
2,171,62,28,219,30.0,27,0
9,144,116,35,298,20.9,22,1
0,200,97,54,178,31.7,76,1
10,102,78,12,144,42.7,20,0
7,90,80,10,48,41.2,73,0
9,173,75,19,76,29.4,66,0
4,192,117,28,50,18.5,48,0
7,121,117,42,38,28.4,33,0
1,200,82,17,150,27.1,26,0
3,220,50,57,204,25.4,57,0
7,131,63,59,23,24.6,63,0
2,102,62,19,51,30.8,77,0
0,115,91,48,67,38.6,56,0
5,165,70,11,162,28.9,38,0
7,195,74,30,215,26.9,38,0
8,127,52,55,156,35.8,44,1
3,132,100,22,201,26.5,73,1
0,92,96,26,242,33.7,74,1
3,188,101,36,220,23.7,33,0
10,182,82,57,110,37.7,47,1
6,214,89,25,33,22.2,37,0
0,96,114,10,179,40.8,70,0
3,90,118,11,62,31.5,45,0
5,168,77,47,281,32.7,38,1
8,121,119,50,195,36.0,58,1
8,105,73,56,75,42.5,23,0
10,84,65,41,89,32.7,18,0
9,172,117,34,173,19.8,49,1
9,219,61,32,107,26.8,38,0
0,94,78,36,260,37.0,59,0
4,119,115,46,114,39.9,39,0
3,216,109,58,60,41.6,28,1
4,175,91,15,250,37.5,60,1
1,92,111,17,95,30.6,25,0
7,174,105,10,75,37.6,37,1
1,106,54,30,76,32.5,80,0
5,175,120,44,16,23.9,33,0
0,147,70,43,179,26.2,23,0
0,195,116,33,179,18.6,65,0
10,92,92,20,16,30.0,79,0
9,210,112,35,164,20.3,66,1
10,168,100,24,231,21.5,68,1
0,78,118,52,205,20.6,33,0
8,86,104,34,82,19.7,70,0
6,131,94,41,207,41.1,56,1
10,130,96,51,81,21.1,41,0
9,218,63,50,200,38.6,19,1
5,146,113,13,39,28.5,61,1
3,106,63,13,101,22.3,40,0
0,188,97,37,21,21.4,46,0
1,106,86,43,193,28.2,80,0
10,208,120,50,40,27.8,70,1
2,127,51,56,43,43.7,52,1
10,152,56,49,109,24.5,59,0
10,122,94,44,292,40.8,23,1
5,213,112,38,122,23.6,54,1
2,220,116,36,215,39.6,18,1
10,138,104,58,48,18.7,54,1
7,197,65,46,138,39.8,33,1
9,155,67,47,189,35.7,63,1
6,184,73,32,27,30.0,61,0
2,161,65,31,142,36.8,23,0
0,121,76,28,129,25.5,60,0
4,189,111,12,59,27.5,70,0
2,145,62,55,166,33.9,36,0
10,168,103,41,166,35.8,32,1
6,138,89,40,279,18.1,41,0
8,220,53,39,254,23.7,31,0
8,185,104,57,22,36.5,21,1
7,111,57,27,120,19.2,71,0
6,95,83,45,141,32.4,29,0
2,170,83,16,247,40.7,35,1
9,174,91,40,215,28.5,61,1
8,182,82,43,225,18.7,60,1
10,104,94,27,180,30.8,44,0
4,118,62,43,224,26.9,45,0
1,129,116,46,206,40.2,52,1
8,116,112,12,173,32.1,62,1
4,197,107,16,298,30.8,62,1
6,86,52,55,257,41.9,57,1
4,211,95,59,53,23.2,54,0
2,185,66,37,179,33.7,53,1
4,185,110,42,158,19.7,42,0
10,134,79,42,145,23.8,50,0
2,191,87,42,172,21.3,22,0
6,161,90,34,191,44.0,36,1
7,174,111,56,266,18.6,57,1
6,91,52,43,272,32.1,54,1
1,90,111,40,38,32.0,19,0
9,71,59,19,226,39.0,37,0
4,119,119,60,105,35.3,58,0
8,104,79,14,32,40.3,77,0
2,73,99,48,179,32.8,28,0
5,113,63,53,219,41.6,72,1
4,219,52,28,191,43.0,38,1
8,105,54,59,223,23.0,27,0
6,135,50,34,163,26.1,54,0
9,105,95,10,107,23.1,25,0
9,180,102,31,270,42.0,30,1
0,181,120,59,275,43.3,76,1
0,130,57,22,266,39.0,49,1
9,128,100,33,157,34.3,32,1
0,82,88,44,202,40.4,33,0
8,119,108,26,53,19.3,19,0
5,199,55,33,248,31.7,78,1
3,203,62,16,78,38.6,55,1
4,82,91,22,36,21.4,30,0
0,76,80,55,48,33.6,22,0
6,203,110,23,18,43.4,74,1
0,79,76,26,130,44.2,38,0
3,210,53,27,239,32.8,60,1
1,210,82,34,22,18.9,20,0
7,71,87,48,109,24.0,66,0
7,123,77,59,41,19.6,18,0
9,103,69,45,250,19.0,40,0
6,179,75,30,243,22.6,54,1
3,115,118,28,111,34.7,37,0
4,190,103,36,72,29.7,43,0
1,198,65,55,123,22.3,25,0
5,160,73,51,231,27.4,29,0
5,172,62,60,134,30.9,23,1
7,194,112,58,295,31.5,39,1
8,132,92,10,104,38.1,79,1
3,73,112,34,152,36.4,54,0
6,192,77,25,114,41.7,69,1
6,193,101,53,225,29.6,20,1
6,148,87,16,48,30.5,19,1
1,73,84,14,77,26.7,58,0
5,163,66,48,47,21.2,49,0
2,98,64,18,140,35.0,60,0
2,178,56,16,150,27.5,39,0
10,80,101,42,26,30.5,60,1
2,136,109,29,224,23.2,62,1
5,212,66,39,240,39.4,69,1
2,219,97,10,143,37.9,47,1
10,202,90,28,161,40.8,72,1
4,105,97,35,30,30.1,53,0
8,111,55,56,23,36.6,36,0
0,102,78,46,275,25.9,70,0
0,151,90,16,144,21.4,50,0
1,127,99,38,47,35.8,67,1
1,115,81,45,37,22.5,27,0
6,97,117,33,187,39.3,65,1
6,134,57,29,103,18.3,21,0
5,194,61,50,240,22.1,39,0
4,215,54,41,183,31.0,35,1
0,114,56,14,83,18.9,47,0
9,97,74,14,102,42.5,20,0
8,166,66,25,97,21.8,72,0
9,201,51,16,202,42.9,77,1
7,160,115,19,249,33.9,46,1
7,100,56,47,284,44.3,21,0
7,99,52,16,159,30.8,18,0
9,186,117,31,202,37.3,57,1
1,177,61,42,283,21.2,35,0
7,182,87,10,151,29.9,57,0
0,118,115,30,91,43.9,43,0
7,132,103,49,269,25.5,74,1
1,120,94,16,213,23.2,62,0
0,82,60,38,215,28.5,22,0
3,169,79,56,236,41.4,30,1
1,137,88,55,125,41.9,73,1
1,162,50,57,63,23.1,23,0
7,139,70,46,228,20.8,60,1
9,188,64,30,69,23.0,45,0
8,211,89,36,27,44.7,57,1
9,163,100,42,149,38.9,48,1
7,165,66,26,74,39.2,29,1
1,207,78,45,68,36.8,72,1
3,169,82,48,189,26.4,33,0
5,111,52,17,290,44.3,32,0
7,174,59,59,209,34.4,56,1
3,193,54,27,161,29.5,73,0
9,112,54,29,211,43.3,55,1
3,201,83,14,191,21.6,47,0
4,93,76,28,169,41.7,26,0
0,125,54,13,300,40.8,34,0
0,111,63,37,178,34.4,28,0
5,159,113,38,266,42.3,18,1
5,195,74,55,286,44.4,67,1
5,200,103,33,264,36.6,67,1
6,116,68,15,233,29.1,70,0
0,148,50,18,56,35.0,60,1
0,91,84,57,188,37.6,63,0
8,174,106,45,215,39.3,25,1
7,107,74,42,171,27.2,32,0
0,90,54,39,35,44.6,74,0
6,189,65,48,67,22.4,70,0
10,211,75,24,64,44.4,48,1
7,82,118,43,241,26.9,38,0
1,77,78,16,61,28.3,70,0
9,95,64,53,94,41.2,27,0
5,188,55,50,42,31.2,66,1
7,178,88,57,125,28.8,49,0
4,152,75,40,37,38.4,37,0
3,106,60,18,281,24.2,71,0
1,220,61,48,155,37.7,38,0
3,151,111,39,141,38.6,78,1
3,127,63,41,41,25.0,64,0
4,117,102,37,83,30.1,43,0
9,150,59,48,212,29.6,68,1
10,203,63,36,71,24.1,31,0
9,84,111,58,220,37.5,79,1
10,186,71,22,48,30.2,56,1
9,151,56,18,122,24.6,22,0
7,81,109,42,129,35.7,32,0
8,150,112,56,185,37.0,62,1
1,151,90,16,165,33.9,51,1
9,106,64,39,290,37.0,76,1
8,133,80,32,215,37.1,28,1
8,118,63,45,144,44.3,50,0
5,114,107,43,193,42.7,18,1
2,86,77,28,42,44.3,47,0
7,79,84,13,145,27.7,20,0
7,148,76,22,198,20.5,56,1
8,155,52,23,91,39.1,29,1
7,164,84,43,120,24.2,65,0
9,187,56,50,50,22.2,32,0
9,85,69,18,17,38.3,41,0
9,71,59,54,176,37.1,23,0
9,155,67,28,266,42.0,62,1
8,179,108,54,34,24.8,57,1
7,94,82,31,189,36.4,24,0
4,112,87,33,273,19.8,46,0
6,212,50,17,263,37.2,64,1
3,192,61,44,114,39.0,47,1
3,187,104,51,117,43.2,76,1
2,192,86,46,252,28.7,35,0
10,70,60,13,126,31.3,28,0
5,146,63,16,25,36.9,68,1
6,149,78,51,156,34.0,48,1
4,150,63,16,184,36.2,43,1
5,189,59,24,85,44.6,25,1
8,101,101,37,158,39.0,80,1
4,213,120,44,206,23.3,39,0
5,192,75,17,161,22.3,54,0
0,75,99,48,151,43.0,61,0
3,180,72,35,145,20.2,20,0
7,194,59,28,128,31.0,77,1
8,103,106,16,180,38.0,22,0
5,73,80,57,106,44.4,24,0
1,209,109,38,300,36.6,48,1
0,78,100,31,255,23.1,74,0
6,119,50,57,162,44.3,36,0
4,197,98,56,226,35.2,30,1
9,220,85,22,180,34.9,19,1
5,192,116,42,232,40.1,76,1
5,216,93,58,62,36.0,18,1
1,85,96,38,45,22.3,58,0
6,135,60,11,84,21.9,69,0
4,118,91,19,144,19.3,35,0
6,185,93,14,286,42.6,68,1
7,187,79,37,242,33.9,31,1
5,72,106,21,285,25.7,63,0
7,114,63,32,272,33.1,35,0
7,216,102,22,214,42.3,48,1
3,104,95,23,273,30.8,18,0
10,162,89,53,226,26.5,21,0
0,160,81,27,238,30.4,35,1
3,146,54,33,83,29.0,57,0
6,214,63,10,286,35.3,21,1
2,140,83,36,99,25.7,27,0
2,210,108,15,19,40.9,47,1
6,119,118,40,169,36.3,61,1
5,142,98,12,121,27.1,45,0
10,143,119,33,267,31.7,19,1
3,201,74,13,220,29.6,70,0
1,190,118,42,117,35.6,61,1
5,177,50,26,99,41.6,74,1
5,85,117,17,198,43.7,26,1
4,92,120,24,48,30.1,33,0
3,155,56,31,60,25.4,50,0
9,83,88,59,256,21.2,28,0
10,102,79,37,134,20.1,47,0
0,176,55,23,35,27.7,37,0
8,160,112,56,241,41.7,28,1
6,125,103,52,38,28.5,51,0
0,86,70,42,284,23.0,64,0
5,133,61,36,119,29.5,73,0
10,145,111,50,136,25.1,49,1
0,116,74,22,102,39.7,25,0
1,210,60,18,287,29.7,64,0
0,93,112,32,41,43.4,75,0
7,175,92,11,29,32.3,55,1
8,141,116,28,57,39.3,24,1
8,206,90,30,222,25.7,70,1
8,133,119,38,70,22.3,38,0
2,70,102,11,17,44.7,54,0
1,204,105,27,53,24.4,21,0
0,189,96,28,174,42.5,77,1
7,152,81,20,92,28.0,54,0
8,89,104,11,179,20.4,25,0
9,211,102,55,25,44.1,23,1
7,149,68,47,154,32.9,48,1
1,208,79,35,142,36.0,80,1
9,149,95,11,175,35.0,63,1
4,198,52,51,110,23.2,47,0
7,126,88,56,236,22.2,18,0
4,145,81,38,268,42.3,79,1
3,172,119,26,72,26.8,18,0
8,156,73,28,150,44.0,36,1
5,159,58,19,275,43.7,43,1
1,189,94,25,72,33.0,31,1
5,92,105,31,267,44.4,47,1
8,96,58,44,224,30.5,37,0
6,171,65,27,142,42.7,75,1
8,108,80,35,116,23.3,46,0
1,109,94,53,58,31.6,47,0
2,88,116,57,237,25.3,64,0
8,117,118,54,232,37.6,58,1
9,186,59,25,210,33.3,79,1
4,142,56,51,203,38.9,34,1
0,156,61,57,71,37.6,24,0
4,114,108,50,162,38.9,35,0
3,93,90,47,209,42.2,79,0
2,197,74,32,42,40.4,57,1
4,146,64,18,125,33.4,59,1
9,131,116,51,68,30.1,23,1
1,105,114,10,278,22.3,33,0
2,172,88,49,112,39.3,25,0
4,194,96,31,42,44.5,57,1
2,202,50,37,295,41.2,20,1
0,121,94,16,38,22.0,64,0
1,194,70,20,278,40.1,36,1
4,217,62,19,269,20.7,22,0
2,92,116,33,195,43.6,76,1
1,159,113,51,85,43.4,55,1
8,115,71,35,17,27.7,47,0
8,80,120,56,38,19.4,71,0
6,175,105,59,195,43.0,28,1
9,154,55,25,168,31.5,31,1
5,144,91,10,263,24.8,54,1
9,85,71,26,267,38.8,65,1
10,83,75,16,22,40.2,39,0
1,166,109,25,20,23.5,28,0
4,104,66,53,19,40.1,36,0
7,148,71,37,267,43.3,77,1
2,190,86,15,277,25.7,59,0
5,91,109,50,135,25.3,29,0
6,197,93,48,95,22.8,53,1
0,161,109,32,56,27.5,57,0
2,206,113,52,194,42.1,77,1
4,143,64,18,111,43.8,20,0
7,134,65,55,68,28.3,66,0
7,205,97,24,211,36.6,48,1
4,202,119,30,49,39.8,25,1
7,133,112,25,86,23.3,29,0
6,189,102,26,155,21.4,51,1
6,158,79,49,80,39.0,32,1
5,156,71,25,67,44.2,62,1
10,197,61,40,108,34.4,43,1
8,219,56,59,147,23.6,66,0
0,145,118,51,192,22.7,19,0
7,202,88,10,221,33.6,23,1
2,163,118,13,216,36.0,30,1
9,208,57,23,135,26.2,39,0
9,179,112,35,69,35.0,60,1
8,107,52,21,168,18.7,34,0
4,171,63,37,164,29.5,52,0
5,206,119,33,32,24.7,24,0
6,147,89,55,44,30.6,56,1
5,193,81,38,89,38.5,40,1
1,86,80,30,36,18.1,29,0
10,114,78,12,185,42.3,53,1
4,87,103,23,107,21.6,57,0
10,178,58,50,73,22.3,29,0
9,171,90,13,144,43.7,37,1
1,164,76,12,90,18.4,59,0
10,86,110,20,168,43.2,43,0
8,122,85,42,177,31.1,27,0
7,104,118,42,246,25.1,20,0
1,110,116,41,119,25.6,55,0
3,160,94,16,194,30.5,66,1
6,165,107,30,156,37.3,53,1
5,79,67,18,51,37.5,68,0
9,91,59,31,285,22.5,80,0
1,138,83,39,219,37.2,40,1
0,146,75,32,165,32.8,52,1
3,127,117,59,70,35.8,45,1
6,93,113,26,80,25.3,60,0
9,72,102,33,55,43.5,64,1
5,151,54,31,189,41.7,39,1
4,70,120,55,234,25.2,40,0
4,119,112,20,83,30.0,79,0
3,134,80,41,163,26.2,62,0
3,144,84,59,167,21.9,23,0
5,85,104,45,169,21.3,28,0
4,105,109,56,127,42.5,55,0
6,152,54,59,77,42.6,76,1
9,89,90,59,106,22.9,23,0
6,132,108,53,104,42.3,45,1
10,72,70,45,121,32.9,61,0
3,110,77,22,204,43.9,23,0
0,166,57,43,108,43.7,72,1
10,201,95,16,296,42.2,68,1
9,148,103,27,70,29.9,65,1
7,99,98,25,146,23.3,64,0
7,112,68,51,79,32.7,49,0
1,208,81,28,132,29.3,56,0
10,216,54,44,228,26.0,53,1
3,175,63,49,111,37.7,55,1
5,175,58,38,223,28.0,80,1
1,145,96,58,106,25.5,68,0
2,138,93,41,58,20.0,53,0
6,213,99,12,255,27.7,74,1
4,120,120,42,211,29.3,33,0
5,144,69,55,296,23.9,27,0
10,97,55,58,55,35.5,33,0
8,131,61,43,241,29.3,37,0
7,81,115,19,117,34.8,65,1
7,172,58,14,101,39.7,20,1
5,170,78,19,292,28.4,80,1
10,174,58,19,194,32.2,27,1
9,110,115,31,279,33.2,32,1
4,97,84,54,27,41.6,34,0
4,209,96,34,20,32.3,63,1
8,206,64,17,211,21.1,44,0
5,85,68,38,155,25.1,32,0
2,97,92,16,15,25.2,57,0
2,204,71,40,298,43.4,38,1
7,126,71,39,186,18.1,58,1
5,105,56,16,83,34.2,64,0
9,179,89,51,207,33.9,46,1
8,178,99,50,152,19.1,25,0
3,74,72,57,180,40.1,80,0
8,149,62,40,300,42.1,21,1
2,143,117,52,186,20.5,18,0
10,187,84,37,103,33.2,63,1
5,87,67,34,286,34.7,78,1
3,184,75,35,243,40.5,77,1
0,178,52,29,178,19.4,42,0
2,86,91,36,230,31.7,28,0
8,182,115,13,136,18.3,65,1
5,117,51,18,247,43.9,65,1
4,89,86,40,104,19.7,61,0
6,156,115,38,214,25.8,58,1
9,215,120,16,300,23.7,43,1
3,87,62,52,65,32.5,64,0
5,140,101,60,54,28.8,24,0
3,194,108,42,252,28.2,26,0
2,97,69,48,284,28.4,73,0
1,126,51,27,87,24.7,65,0
4,93,65,36,55,39.9,43,0
0,139,68,28,140,29.9,28,0
2,137,111,12,185,27.2,52,1
7,84,120,52,110,41.4,30,0
5,181,115,44,247,35.2,31,1
8,180,65,23,229,41.3,70,1
5,73,108,53,125,29.6,50,0
4,132,72,50,55,42.7,77,1
1,117,111,23,23,31.8,27,0
3,155,63,55,83,37.0,70,1
1,128,54,51,243,41.1,46,1
1,111,73,51,239,35.4,60,0
9,210,53,13,87,19.5,56,0
7,159,115,35,174,40.2,36,1
2,115,111,36,144,26.5,18,0
4,74,107,10,158,33.4,29,0
10,147,101,54,119,25.7,37,0
10,96,119,31,185,43.6,69,1
7,158,73,25,166,43.7,37,1
5,182,87,39,172,21.8,42,0
8,79,99,25,225,31.1,49,1
1,73,74,25,151,37.3,36,0
8,96,92,33,197,28.4,64,0
4,183,114,20,220,41.1,52,1
3,168,116,45,24,20.3,51,0
9,125,55,55,85,28.6,75,0
5,105,105,29,208,28.0,23,0
6,126,56,44,249,38.5,78,1
5,137,54,45,31,18.8,78,0
3,196,108,12,229,22.0,80,1
1,101,106,49,63,24.0,50,0
7,130,110,18,174,34.7,28,1
3,75,75,26,234,27.9,64,0
3,91,91,12,49,24.7,44,0
3,130,68,13,189,37.1,18,1
3,100,118,29,170,22.1,53,0
4,129,79,22,101,23.7,59,0
8,131,81,16,17,19.9,65,0
3,172,87,39,289,19.0,39,0
10,77,108,55,169,18.6,70,0
6,176,107,13,109,37.8,54,1
6,161,60,47,233,18.9,37,0
4,173,111,50,203,31.3,23,1
4,168,116,34,66,29.6,54,0
7,155,104,41,169,28.5,37,0
0,151,99,29,15,42.9,25,1
2,146,98,28,241,39.6,25,1
8,111,120,13,178,30.7,31,0
7,130,69,36,223,26.3,68,1
0,176,61,31,258,22.1,77,0
5,90,95,45,20,20.9,49,0
0,181,101,41,93,35.5,51,1
8,120,102,13,82,19.1,52,0
7,74,74,35,237,21.6,78,0
4,123,118,12,164,21.3,69,0
0,111,102,56,119,34.1,54,0
4,163,72,26,151,31.5,32,0
4,117,59,15,57,33.1,53,0
6,205,80,38,177,36.8,48,1
1,144,65,36,208,40.6,63,1
2,125,87,26,209,41.8,59,0
1,174,81,35,113,22.5,25,0
7,121,111,26,102,23.1,30,0
4,146,70,54,65,39.0,23,0
6,177,115,39,21,21.9,45,0
6,175,92,19,167,43.3,25,1
1,185,98,47,86,29.4,80,0
8,142,112,32,168,25.4,20,0
8,220,119,15,78,41.9,39,1
0,112,56,25,250,31.0,64,0
4,101,89,28,131,30.9,22,0
7,108,119,53,172,34.2,57,1
7,126,107,43,246,43.3,44,1
5,212,107,47,27,20.1,40,0
5,115,101,11,211,31.9,70,1
7,113,97,21,192,41.7,54,1
7,143,112,40,258,24.8,19,1
5,218,67,51,20,18.6,49,0
3,187,62,33,297,43.0,59,1
8,103,120,58,189,28.5,39,0
7,81,86,15,300,20.0,70,0
6,144,107,43,186,31.9,38,1
5,144,69,10,182,30.0,19,0
6,72,88,53,254,24.3,67,0
7,194,89,41,147,33.8,42,1
9,88,119,18,260,33.5,56,1
4,197,90,52,122,42.2,68,1
8,203,96,27,38,43.4,66,1
7,218,76,51,176,28.5,37,0
1,149,53,26,32,29.2,49,0
10,143,87,52,45,19.6,23,0
7,137,107,30,49,25.3,26,0
9,170,68,14,205,33.2,24,1
4,135,114,37,295,39.5,57,1
3,194,109,55,167,43.1,58,1
7,200,63,31,204,26.6,51,1
8,80,120,33,177,39.3,62,1
1,188,61,46,30,20.5,41,0
7,191,76,49,230,25.4,22,0
5,196,80,32,216,41.0,41,1
3,215,58,21,106,33.7,28,0
4,141,84,41,43,24.2,25,0
2,192,120,12,258,29.0,19,0
7,152,92,59,18,44.9,72,1
9,199,75,57,257,18.4,33,0
10,102,107,42,187,28.4,24,0
8,86,52,29,300,28.4,53,0
6,84,118,42,105,43.5,80,1
1,105,90,43,148,42.0,78,0
9,198,120,10,287,25.1,45,1
4,138,86,44,220,25.0,37,0
7,107,81,44,272,22.5,35,0
10,86,77,41,45,24.8,71,0
1,151,89,11,122,22.4,39,0
9,198,57,38,190,21.3,54,1
8,197,78,10,205,30.1,54,1
1,87,113,36,35,26.5,32,0
7,159,78,59,281,36.3,35,1
5,194,71,58,147,39.7,35,1
6,105,64,20,149,33.6,43,0
6,144,120,11,204,26.8,79,1
7,119,65,44,75,25.8,69,0
1,184,50,16,122,32.2,48,1
3,71,73,15,287,18.5,52,0
4,216,60,29,170,24.6,32,0
5,78,86,38,73,32.8,74,0
6,99,71,57,167,19.8,74,0
3,106,83,38,26,19.7,32,0
7,146,111,26,29,26.8,35,0
9,216,118,32,24,31.6,50,1
2,199,98,10,240,19.8,46,1
2,102,56,14,118,36.6,24,0
5,125,73,42,289,40.1,70,1
0,156,97,59,114,28.1,71,0
1,210,99,51,149,39.3,28,1
7,111,110,18,93,35.0,73,1
9,107,67,28,145,34.5,37,0
7,117,57,37,86,36.8,61,0
10,169,74,33,124,31.2,42,1
4,138,67,31,73,22.4,62,0
6,77,109,15,271,37.9,38,1
5,207,101,18,127,33.7,31,1
8,172,109,49,185,33.9,51,1
8,176,81,18,85,24.2,61,0
1,198,66,15,177,43.7,21,0
2,176,65,12,133,41.6,63,1
4,130,52,41,185,30.3,75,1
9,149,77,18,188,27.9,39,0
9,134,81,48,246,44.0,74,1
0,108,96,52,92,36.6,36,0
2,169,72,34,107,36.6,24,0
1,154,73,26,162,41.8,49,1
9,213,67,12,230,28.2,48,1
2,169,120,24,189,43.1,64,1
3,100,52,37,45,39.8,56,0
8,125,94,45,264,27.2,72,0
3,216,106,45,228,24.5,73,1
3,158,115,44,86,29.8,24,0
0,175,106,42,300,29.3,49,1
0,201,117,42,146,39.5,75,1
8,102,96,14,248,39.4,21,1
2,211,54,47,248,40.8,38,1
5,193,110,42,236,39.7,40,1
3,169,84,29,48,30.3,41,0
4,124,87,60,116,44.3,80,0
7,169,72,25,44,23.9,35,0
10,179,91,34,216,43.7,39,1
10,100,114,46,35,40.0,71,1
1,184,82,39,233,25.9,34,0
5,160,79,51,281,42.5,25,1
7,167,66,11,169,28.5,70,0
10,94,108,59,228,30.5,45,1
5,158,97,24,25,35.1,68,1
2,91,55,18,127,33.1,18,0
3,196,57,26,215,25.9,25,0
2,99,53,30,175,24.2,35,0
3,172,109,15,159,23.8,76,0
0,111,80,27,286,21.6,18,0
2,155,91,59,223,32.7,64,1
10,111,115,50,273,37.4,59,1
6,204,109,38,237,25.1,48,1
2,139,93,36,149,23.7,20,0
7,143,100,15,37,31.3,47,1
1,206,95,33,227,27.5,27,0
10,148,55,45,152,36.8,21,1
1,139,102,12,219,32.7,53,1
6,138,85,60,169,37.1,44,1
0,176,120,50,80,34.0,31,1
6,85,68,16,32,38.2,69,0
5,160,118,34,270,28.7,26,1
7,219,84,34,163,22.2,18,0
6,194,101,41,80,35.7,68,1
7,205,63,24,70,28.2,25,0
5,75,97,52,17,18.1,56,0
1,89,60,45,99,31.5,20,0
8,213,54,46,58,37.1,41,1
2,122,118,31,260,37.2,68,1
10,181,107,59,200,39.8,72,1
8,123,112,32,98,28.5,69,0
2,76,83,38,114,44.3,63,0
4,161,95,32,130,39.7,30,1
6,170,72,44,208,40.4,67,1
5,158,87,34,80,27.2,66,0
5,134,115,25,183,26.8,73,1
5,134,114,26,74,38.3,69,1
9,168,56,58,58,30.4,39,1
7,140,119,43,243,43.1,44,1
5,154,63,38,21,25.6,47,0
7,144,109,38,298,34.5,37,1
2,164,55,52,65,39.7,18,0
2,145,71,15,205,23.9,39,0
2,119,97,54,207,28.6,63,0
0,119,80,47,217,38.9,75,0
0,208,89,54,28,27.2,52,0
4,173,54,34,187,29.2,44,0
0,151,81,56,155,29.9,24,0
3,114,74,22,28,33.0,65,0
3,180,113,14,291,38.3,32,1
0,190,88,44,101,36.0,40,0
3,190,106,28,166,20.4,48,0
7,220,60,50,162,39.6,67,1
2,118,78,46,174,43.5,22,0
0,118,61,48,218,22.4,66,0
3,182,88,50,111,30.0,32,0
4,140,76,24,99,18.5,23,0
0,133,116,42,279,18.1,76,1
3,95,82,33,152,35.2,24,0
3,74,119,21,131,21.3,50,0
0,201,110,32,156,18.8,37,0
8,132,109,41,167,26.1,57,1
9,169,65,49,111,23.8,51,0
3,105,57,37,257,28.7,61,0
6,170,96,41,94,18.5,18,0
3,170,85,20,59,38.7,35,0
2,178,94,28,226,22.3,20,0
6,140,106,37,134,40.2,79,1
6,207,112,51,193,40.2,49,1
6,150,103,48,59,40.6,51,1
7,93,80,12,120,30.9,77,0
9,131,108,24,184,37.0,57,1
1,109,53,42,110,42.6,60,0
7,157,53,11,216,39.2,73,1
6,173,64,22,183,30.7,34,1
3,166,111,18,49,20.3,39,0
7,164,62,18,210,29.0,66,1
8,140,80,13,121,21.1,57,0
2,216,90,36,111,23.7,38,0
4,191,68,31,58,31.5,66,1
4,79,97,30,186,28.3,71,0
4,187,56,18,214,25.2,43,0
8,156,93,23,177,31.1,67,1
4,189,112,13,292,26.0,37,0
10,186,117,40,256,27.8,31,1
10,207,56,37,113,29.9,47,0
4,186,79,17,79,25.7,25,0
9,105,109,39,260,21.8,42,0
2,201,84,23,15,32.9,77,1
3,112,109,33,107,40.7,41,0
0,145,76,19,236,21.2,58,0
3,208,67,10,72,37.1,34,0
4,86,101,47,227,20.7,58,0
0,152,70,38,102,21.7,63,0
6,183,76,13,40,26.3,51,0
4,109,74,32,27,27.7,18,0
1,109,50,59,56,40.4,25,0
10,203,94,17,272,39.9,53,1
7,124,106,37,224,36.2,58,1
4,200,78,10,49,44.6,36,0
1,151,99,20,281,43.9,21,1
6,92,66,17,226,21.4,32,0
6,80,86,13,114,37.2,59,0
6,190,101,16,272,37.8,79,1
2,144,116,23,176,42.2,69,1
1,129,113,54,281,36.3,30,1
7,115,108,11,114,19.9,76,0
0,192,74,35,251,22.8,46,0
5,212,53,34,112,27.9,69,0
10,187,69,59,72,32.5,23,1
2,180,102,49,29,32.8,24,1
2,93,62,22,117,44.3,67,0
0,156,69,28,241,36.4,19,1
6,125,75,29,93,19.0,43,0
1,164,75,36,180,27.6,50,0
1,111,56,18,258,31.9,77,0
2,133,99,55,87,22.6,67,0
8,212,67,34,79,18.2,80,0
5,173,115,56,68,19.0,38,0
10,211,89,14,294,42.1,28,1
9,203,84,58,205,38.5,52,1
2,111,83,29,50,23.2,29,0
8,184,59,19,293,35.2,65,1
9,99,114,55,200,18.5,31,0
8,155,55,58,278,42.4,63,1
4,175,119,59,60,33.7,69,1
3,173,85,39,135,38.2,48,1
2,133,109,20,27,27.2,21,0
10,156,70,12,111,26.0,70,0
6,98,81,11,117,29.2,48,0
7,110,117,56,298,44.7,80,1
4,105,54,58,209,43.0,71,0
2,206,61,43,262,43.2,39,1
0,108,93,45,256,42.5,29,0
7,158,82,28,32,27.6,54,0
10,79,75,58,135,34.4,38,0
2,197,87,10,70,21.1,62,0
8,83,71,49,53,34.5,20,0
3,210,70,37,65,26.5,37,0
1,135,67,27,209,29.5,39,0
5,138,104,59,229,33.0,28,1
8,162,117,27,65,26.9,28,0
9,213,99,47,29,37.7,38,1
9,184,77,59,247,35.5,30,1
10,190,89,60,243,23.4,64,1
1,113,108,40,166,43.2,18,0
3,161,102,52,16,22.5,21,0
9,124,60,52,153,44.2,24,0
4,109,71,51,265,32.0,33,0
10,162,58,52,83,19.8,33,0
1,183,76,23,95,38.3,50,1
8,75,93,51,242,21.6,35,0
6,103,112,56,236,43.2,73,1
0,106,56,53,105,41.4,45,0
8,84,81,30,46,41.1,50,0
2,83,64,29,119,26.9,25,0
0,179,100,27,80,18.6,74,0
5,175,97,27,275,23.6,53,1
2,72,95,35,140,31.6,61,0
0,86,107,25,184,21.1,55,0
10,219,117,44,245,36.3,55,1
2,115,69,32,19,20.3,47,0
5,70,99,12,115,36.1,57,1
5,87,75,33,206,19.9,60,0
7,86,75,14,262,37.6,42,0
4,116,76,44,284,36.8,54,0
6,178,103,36,248,23.6,62,1
6,174,79,34,35,25.3,57,0
7,138,115,28,266,37.7,44,1
5,212,101,15,53,36.7,38,1
7,219,97,45,101,42.0,33,1
1,146,116,25,67,37.6,61,1
7,120,78,59,26,32.9,50,0
10,177,69,28,260,22.8,43,0
4,115,95,49,190,33.7,27,0
0,143,70,45,70,34.1,29,0
5,105,76,47,241,19.4,50,0
7,212,52,41,246,28.1,24,0
7,207,108,46,265,39.3,30,1
2,108,55,51,193,34.2,53,0
2,209,99,44,279,30.1,71,1
2,201,86,48,227,29.4,66,0
6,97,87,55,229,36.6,35,0
1,76,116,48,227,40.4,25,0
6,133,92,51,108,25.1,38,0
9,83,69,52,69,35.5,77,0
9,141,71,59,178,37.8,58,1
0,87,109,19,39,43.0,74,0
2,204,103,54,246,18.5,34,0
10,93,70,37,214,39.0,80,1
7,167,77,36,220,34.3,51,1
6,162,95,24,154,41.3,79,1
8,167,74,28,185,20.2,63,1
9,152,107,10,198,23.0,38,1
1,129,82,39,152,32.7,46,1
1,81,119,24,17,31.7,61,0
10,196,112,37,163,44.9,70,1
3,200,51,23,38,22.4,33,0
10,87,56,42,28,44.4,40,0
2,92,89,53,18,23.7,74,0
7,92,71,45,196,29.1,42,0
7,81,86,43,214,42.1,63,1
8,122,96,57,127,28.4,76,0
0,102,51,51,271,18.4,71,0
10,189,63,38,272,18.4,45,0
6,206,89,39,248,34.3,71,1
9,185,68,11,57,37.0,35,1
7,150,68,26,285,30.8,64,1
5,214,57,47,56,28.1,24,0
6,94,114,11,82,19.4,35,0
8,191,92,54,247,18.5,45,1
4,152,92,22,24,44.1,35,1
7,142,56,50,295,23.4,74,1
1,117,71,57,16,20.8,68,0
9,146,79,43,277,19.0,47,1
4,220,67,26,129,37.7,52,1
10,200,69,13,21,25.6,30,0
2,161,62,15,191,28.4,54,0
8,83,114,35,194,41.3,37,1
1,72,72,11,109,34.5,25,0
4,173,83,52,31,20.6,21,0
1,99,86,27,24,40.1,73,0
4,118,90,29,282,19.3,51,0
10,89,82,43,49,21.4,23,0
8,209,73,59,289,39.5,62,1
1,180,99,35,198,39.4,54,1
9,195,110,50,93,26.2,48,1
9,215,52,28,81,43.3,46,1
7,138,63,13,137,38.9,28,1
0,181,118,30,189,40.9,57,1
5,89,112,14,259,32.1,24,1
7,113,106,38,143,34.5,18,0
5,118,100,36,267,20.9,41,0
4,140,106,11,233,23.6,80,1
6,158,105,39,249,39.6,57,1
3,121,51,10,84,28.2,69,0
9,199,79,54,293,18.7,28,0
6,164,55,29,197,28.3,28,0
8,135,88,44,263,38.8,25,1
3,201,84,38,280,40.5,62,1
3,98,67,20,55,30.1,23,0
5,93,56,33,142,42.4,29,0
5,120,96,16,121,32.4,22,0
10,218,75,48,145,31.3,68,1
4,82,63,34,241,44.6,74,0
5,181,111,40,144,35.4,31,1
0,100,118,44,224,29.5,46,0
8,123,52,23,292,33.0,74,1
6,85,67,20,78,41.7,42,0
9,147,53,31,300,32.2,66,1
9,97,83,28,281,44.0,21,0
10,105,111,31,285,22.7,78,0
0,220,109,52,241,43.6,58,1
1,161,117,39,236,32.5,42,1
0,151,102,40,217,36.0,65,1
3,99,66,58,123,37.0,69,0
5,149,74,47,115,37.8,56,1
7,137,97,52,136,42.7,47,1
3,148,86,31,287,27.2,25,0
8,209,108,27,197,30.2,31,1
9,74,86,13,276,39.7,56,1
0,131,58,39,287,36.1,61,1
6,152,51,52,59,32.8,29,1
10,94,84,52,18,33.7,46,0
8,201,60,37,132,34.9,48,1
2,201,69,53,275,29.5,36,0
8,103,62,55,94,31.4,67,0
6,91,93,38,80,31.0,42,0
8,128,72,48,243,41.2,57,1
2,148,111,11,246,34.3,42,1
6,155,100,12,98,23.9,54,1
9,119,102,29,76,33.4,62,1
5,101,106,32,48,30.7,49,1
2,148,109,42,237,26.3,74,1
3,130,103,31,204,22.8,27,0
1,162,90,40,208,30.2,20,1
2,173,116,20,40,25.7,30,0
1,79,96,33,215,27.1,40,0
1,145,120,41,19,31.2,29,1
6,183,70,54,246,26.3,62,1
4,173,53,15,179,28.6,47,0
0,174,69,55,94,19.5,54,0
10,209,113,22,216,38.0,73,1
4,183,112,20,247,41.1,19,1
8,91,66,26,225,21.6,23,0
4,119,88,35,35,18.2,35,0
8,178,98,56,39,23.5,36,0
9,147,67,17,197,24.8,33,0
10,172,64,14,231,41.0,79,1
8,217,110,11,33,27.5,59,1
6,172,109,39,79,39.2,28,1
0,120,83,23,21,26.0,72,0
6,174,56,45,194,38.0,40,1
3,120,56,45,288,23.7,44,0
10,76,70,15,105,30.9,76,0
6,87,80,33,225,31.6,79,1
2,148,114,22,207,37.4,27,1
3,150,54,12,278,42.9,28,1
6,141,63,32,273,27.2,35,0
2,94,63,43,284,39.8,36,0
8,161,96,41,248,34.4,49,1
10,94,101,49,294,21.7,34,0
5,178,93,24,61,40.5,68,1
3,199,105,17,254,41.9,43,1
0,88,100,36,244,24.3,80,0
8,178,59,29,227,37.1,49,1
7,213,118,37,130,41.9,27,1
6,74,57,26,127,41.6,33,0
5,119,85,54,107,29.1,47,0
9,159,114,35,292,38.8,39,1
3,121,110,34,120,41.8,21,0
2,81,108,32,197,21.2,67,0
8,78,103,55,227,24.8,22,0
3,84,56,10,235,30.3,28,0
6,125,104,36,144,32.1,27,0
9,120,87,42,149,27.4,43,0
9,89,60,23,76,23.6,63,0
4,160,60,58,262,24.6,35,0
1,197,64,53,109,19.4,79,0
2,146,64,26,290,33.1,39,1
0,173,56,56,261,43.1,52,1
3,135,117,54,21,18.6,37,0
0,183,51,45,248,19.1,55,0
9,147,112,46,153,42.7,31,1
4,164,59,23,271,20.7,40,0
5,149,104,30,289,42.5,50,1
6,105,92,50,85,42.4,32,0
2,163,88,36,76,24.3,74,0
6,78,97,42,92,19.0,51,0
0,181,68,48,112,26.3,63,0
7,142,56,21,152,20.2,76,0
6,120,96,13,291,36.3,57,1
0,167,105,30,237,30.2,24,1
9,220,76,12,138,39.8,80,1
10,108,81,47,35,18.6,77,0
6,169,67,47,289,28.0,44,0
2,98,82,14,62,28.6,76,0
10,188,80,19,184,38.4,56,1
6,195,60,25,124,34.2,47,1
0,157,109,27,74,37.8,45,1
6,198,90,12,76,42.6,58,1
6,199,94,10,202,37.7,30,1
4,121,62,52,207,40.5,41,0
6,73,75,22,255,29.9,56,0
4,169,78,30,133,34.2,49,1
5,212,58,35,72,22.7,33,0
3,198,62,59,87,34.9,66,1
5,190,52,17,277,44.9,56,1
5,142,118,23,198,29.3,48,1
8,192,58,34,297,23.2,30,0
0,145,56,49,204,40.5,37,1
2,73,108,14,133,31.2,65,0
3,88,112,28,158,19.8,28,0
8,146,62,48,37,43.3,56,1
10,141,71,54,281,20.2,18,0
0,193,85,46,112,29.9,74,0
3,128,68,48,243,37.9,51,1
4,73,91,60,216,39.9,59,1
10,184,80,51,37,39.9,25,1
4,177,54,41,106,35.2,25,0
4,196,68,18,239,20.2,46,0
5,150,118,12,148,34.7,51,1
9,162,84,24,102,29.6,63,0
0,177,120,44,83,43.7,18,1
0,171,85,14,30,22.6,26,0
6,116,65,44,110,31.6,19,0
4,162,55,27,231,32.8,70,1
8,175,115,39,238,34.7,55,1
10,212,67,13,91,30.2,56,1
3,159,107,51,180,37.0,42,1
6,138,101,32,160,25.7,54,1
4,161,53,13,211,25.6,58,0
10,154,82,25,16,41.5,79,1
6,178,109,49,299,26.1,75,1
6,170,120,12,89,22.0,67,1
10,186,57,53,250,41.4,53,1
10,180,81,29,285,44.2,37,1
9,182,104,42,195,24.3,67,1
3,209,103,11,123,34.9,63,1
4,111,58,56,48,18.4,33,0
7,153,56,33,222,20.8,37,0
3,206,97,13,123,28.3,41,0
8,108,91,18,220,22.6,40,0
2,111,71,29,161,34.8,63,0
10,91,120,39,239,42.3,72,1
2,134,100,22,179,19.3,68,0
2,89,104,60,189,30.0,29,0
3,125,59,54,239,30.7,76,0
6,152,76,12,141,20.4,34,0
8,150,64,33,116,33.2,52,1
1,136,50,14,62,40.5,74,1
6,115,94,22,59,24.5,57,0
3,184,60,51,93,28.5,61,0
9,127,86,27,262,44.6,72,1
5,101,70,18,27,44.1,72,0
2,172,57,54,216,32.7,41,1
1,82,89,32,176,41.7,50,0
8,135,120,58,256,38.6,50,1
10,104,73,18,194,20.5,53,0
7,146,78,52,233,31.7,78,1
9,220,53,53,79,40.6,46,1
8,220,108,45,235,41.2,69,1
2,108,108,33,151,32.6,52,0
1,184,98,58,50,20.5,56,0
7,211,102,41,62,31.4,50,1
2,191,64,54,106,29.9,40,0
7,189,120,20,89,25.5,37,0
6,83,117,56,249,27.5,26,0
8,187,63,17,20,26.6,77,0
5,219,114,60,207,44.2,29,1
6,102,58,28,295,44.7,39,0
9,108,52,44,147,42.4,29,0
0,208,106,59,278,33.7,60,1
4,121,68,49,122,25.0,62,0
1,196,119,31,126,43.0,58,1
0,204,108,45,142,30.6,37,1
10,102,79,19,206,27.9,18,0
4,113,63,10,196,38.8,77,0
1,112,117,46,144,31.3,30,0
7,212,90,53,94,22.3,48,0
5,216,74,50,257,21.7,79,1
0,219,64,15,181,36.1,68,1
10,87,66,21,285,39.5,74,1
0,130,53,11,168,23.1,56,0
10,168,55,32,245,33.0,28,1
0,170,116,57,30,24.2,22,0
5,86,88,59,225,23.9,76,0
0,151,90,41,24,18.7,70,0
6,173,112,45,33,43.0,73,1
10,132,77,40,234,29.8,48,1
9,214,113,54,143,33.1,45,1
9,199,62,56,192,27.7,54,1
5,154,112,42,238,19.9,73,1
3,102,104,29,300,38.7,41,0
3,168,103,21,26,35.9,39,1
5,118,73,43,106,38.8,60,0
1,71,81,39,106,24.9,18,0
4,98,118,41,164,37.6,29,0
5,175,68,55,93,30.6,78,1
2,110,74,44,164,42.1,57,0
10,215,81,55,20,29.8,26,0
7,202,86,55,110,28.4,49,0
6,209,97,13,191,22.5,52,1
0,212,103,31,249,33.8,50,1
5,140,100,48,226,43.9,19,1
8,180,113,27,63,41.0,55,1
3,100,58,15,239,30.7,26,0
5,189,70,58,67,23.1,46,0
10,212,68,25,256,29.0,39,0
10,156,78,22,169,28.2,39,0
0,116,115,13,185,21.9,27,0
3,212,94,52,220,33.3,60,1
0,139,63,38,185,23.8,56,0
5,158,88,30,238,18.9,78,1
4,196,106,16,126,39.6,31,1
8,111,120,56,228,22.3,51,0
6,216,91,58,28,31.1,60,1
4,80,107,43,37,22.9,22,0
0,81,119,27,296,40.5,71,1
10,78,80,47,149,22.7,68,0
9,198,78,46,102,36.8,63,1
9,205,63,38,171,18.0,73,0
2,182,59,19,65,20.1,33,0
0,159,66,30,221,32.0,50,1
4,100,73,47,203,21.8,38,0
7,153,90,18,99,18.9,54,0
2,155,112,60,250,35.2,56,1
5,205,51,22,97,39.1,48,1
1,191,98,57,282,25.7,63,1
10,207,61,16,83,37.6,40,1
0,198,63,17,28,42.4,32,0
2,91,87,31,114,39.6,56,0
2,101,74,13,59,26.8,68,0
8,76,61,58,72,28.5,48,0
9,199,76,32,30,29.1,53,0
5,163,103,46,191,19.5,47,1
0,133,110,24,180,41.3,37,1
1,145,69,54,278,27.9,36,0
8,181,75,56,80,37.7,37,1
10,111,90,44,212,39.6,74,1
7,87,76,21,260,18.4,64,0
3,207,117,34,164,39.2,66,1
4,172,96,52,231,31.0,21,1
0,120,79,56,300,33.4,22,0
2,158,68,17,21,30.5,32,0
8,147,50,52,243,30.6,77,1
0,164,104,29,77,39.5,42,1
4,96,100,22,189,25.2,54,0
0,169,83,33,219,34.9,39,1
0,117,101,16,47,29.7,55,0
3,140,90,48,205,44.0,40,1
8,93,111,11,144,31.9,23,0
6,206,110,34,132,31.6,47,1
7,203,100,52,286,23.7,80,1
5,129,113,29,59,31.2,53,1
9,214,114,34,280,37.7,26,1
6,207,108,36,158,20.6,67,1
0,117,61,29,127,36.4,68,0
2,163,82,30,180,29.9,58,0
3,198,51,48,246,25.2,23,0
6,98,91,35,238,18.6,65,0
8,125,67,10,238,35.5,25,0
3,101,120,34,228,43.9,60,1
8,174,113,53,194,28.8,34,1
6,199,51,55,174,36.0,63,1
10,150,71,42,113,23.0,37,0
3,130,102,48,161,39.5,48,1
5,162,53,10,184,38.2,68,1
3,183,80,54,107,40.4,72,1
9,149,78,59,79,19.0,48,0
2,87,75,24,130,21.2,40,0
5,156,55,49,76,44.2,19,1
4,141,65,47,61,19.4,63,0
0,193,108,41,107,19.5,51,0
1,102,98,12,81,40.5,71,0
7,194,97,18,288,38.5,40,1
0,129,102,54,205,37.9,40,1
8,159,118,38,298,32.5,63,1
0,210,62,33,181,27.2,47,0
1,180,104,27,119,21.0,54,0
0,149,51,36,132,20.9,80,0
0,95,56,55,223,38.5,77,0
10,175,118,22,284,18.2,31,1
0,154,56,47,51,19.8,64,0
2,201,70,55,219,34.4,46,1
5,169,110,11,100,20.5,62,1
1,85,61,22,129,38.1,64,0
2,86,113,10,158,37.1,33,0
4,194,73,36,109,40.4,79,1
10,151,58,48,20,31.1,23,1
7,106,93,43,42,27.9,68,0
1,142,78,13,290,38.4,33,1
4,219,54,52,164,33.0,61,1
3,129,66,55,56,34.4,63,1
9,122,96,15,128,36.5,20,0
2,79,108,56,74,25.0,47,0
9,199,83,10,169,22.8,20,0
7,167,106,55,103,19.7,80,1
1,83,120,11,32,36.9,22,0
8,180,109,47,263,32.6,18,1
5,138,99,21,276,38.0,34,1
0,93,110,16,247,33.4,71,1
2,113,116,25,261,29.9,26,0
1,147,78,46,100,40.6,68,1
6,96,53,46,218,31.7,53,1
2,162,117,54,173,24.4,29,0
8,101,114,55,143,30.8,23,0
3,104,91,47,117,38.2,44,0
8,184,86,10,156,36.8,37,1
0,96,63,31,36,34.0,80,0
10,162,61,22,214,31.7,40,1
3,143,99,20,166,22.9,26,0
8,97,112,26,60,43.8,45,0
6,207,102,11,49,32.1,45,1
1,205,64,46,281,19.5,32,0
8,115,52,19,206,43.6,74,1
6,129,68,28,276,24.7,18,0
7,137,70,24,252,33.6,67,1
10,195,51,24,55,43.0,50,1
8,159,120,17,30,18.3,46,1
2,159,87,17,214,35.4,52,1
4,84,66,47,116,36.2,53,0
1,76,92,34,246,37.6,79,1
10,120,99,21,55,25.4,39,0
0,170,87,19,22,40.9,48,1
10,152,53,13,241,25.8,34,0
7,200,87,37,110,30.0,41,0
3,181,67,48,291,23.0,79,0
1,127,107,27,254,21.1,42,0
6,147,69,49,84,28.9,45,0
8,78,115,11,278,35.0,43,1
10,131,58,57,49,19.2,79,0
10,220,116,25,125,43.1,40,1
6,208,79,19,172,44.4,57,1
3,173,116,15,69,33.1,21,1
9,214,100,57,56,24.4,19,0
10,210,106,38,81,39.5,66,1
8,129,54,10,239,29.7,28,0
2,97,56,58,19,39.3,60,0
2,126,81,14,205,40.7,29,1
3,205,119,43,111,44.2,28,1
10,133,85,21,138,27.8,69,0
3,97,81,34,210,28.0,48,0
4,207,73,38,84,42.0,63,1
3,181,81,24,252,21.7,61,0
2,90,105,31,181,22.1,53,0
1,148,96,33,134,41.4,35,1
9,184,85,27,276,29.5,42,0
10,155,82,34,232,25.5,33,0
9,103,93,30,114,35.3,59,1
8,157,82,42,171,33.6,51,1
3,144,99,12,69,23.9,69,0
7,85,85,15,258,34.3,74,1
4,103,105,23,252,28.7,73,0
7,194,70,57,192,40.2,18,1
9,97,90,33,218,33.1,43,0
10,122,50,20,233,40.9,60,1
7,83,120,29,124,33.0,28,0
9,192,100,37,134,44.7,55,1
8,151,89,12,154,19.6,63,0
3,183,98,36,65,18.3,70,0
8,93,66,28,100,43.6,70,0
10,84,108,48,185,27.4,71,0
3,77,116,46,88,31.6,80,0
10,194,84,21,298,29.8,50,1
10,148,102,38,209,26.5,19,1
3,87,91,32,45,30.5,47,0
3,156,97,42,272,37.0,61,1
2,190,69,37,19,19.0,69,0
3,192,54,55,178,34.3,54,1
8,167,97,42,205,37.2,31,1
0,140,53,50,29,34.6,70,1
8,174,102,39,45,42.2,76,1
7,79,85,26,43,32.7,58,0
0,81,57,10,253,40.6,47,0
4,141,85,49,198,33.8,25,1
9,103,99,22,203,29.0,46,0
8,88,98,14,143,20.6,48,0
4,79,90,59,152,23.3,53,0
2,216,95,11,177,23.7,59,0
5,171,116,59,260,31.0,20,1
2,139,89,45,147,30.3,54,1
4,102,51,41,108,23.4,80,0
10,153,71,14,98,21.5,34,0
9,79,86,16,217,23.8,65,0
7,133,77,40,175,25.2,53,0
6,201,92,39,38,39.9,40,1
3,103,76,47,206,43.9,65,0
0,159,89,10,197,42.2,45,1
0,108,110,38,20,30.0,26,0
3,127,56,51,54,21.3,69,0
8,107,85,58,81,36.8,49,0
5,148,59,30,44,20.1,78,0
8,155,84,59,233,31.8,75,1
4,183,52,34,17,38.9,47,1
6,145,113,46,263,42.0,47,1
8,129,98,20,56,32.9,21,1
1,173,116,51,185,34.3,78,1
10,81,50,24,148,42.4,70,0
8,100,67,32,229,44.3,27,0
8,201,70,14,227,28.0,30,0
10,96,99,41,110,24.6,65,0
7,198,53,23,57,34.4,58,1
0,159,70,19,261,38.0,34,1
1,198,86,46,178,32.9,19,0
10,115,77,27,208,33.1,69,1
3,93,63,10,139,36.2,22,0
7,93,89,31,133,29.8,48,0
7,74,61,47,170,21.4,62,0
1,219,119,20,155,43.1,75,1
2,212,92,39,124,27.3,27,0
7,87,98,43,143,36.0,68,1
9,98,79,10,212,23.5,70,0
8,153,97,36,197,23.6,31,1
1,108,110,18,36,32.2,36,0
5,179,75,45,210,41.8,48,1
1,141,113,34,141,30.3,39,1
8,122,58,19,216,32.3,35,0
2,173,86,58,213,35.2,58,1
10,187,92,59,142,21.4,64,1
10,100,53,29,197,34.8,52,1
4,83,86,22,194,22.7,28,0
0,220,50,59,98,34.6,48,1
8,189,103,41,143,18.7,61,1
3,117,54,32,270,35.3,65,0
7,177,68,45,219,24.9,64,1
10,97,94,25,217,26.6,73,0
5,165,114,50,125,27.6,66,1
3,93,58,23,92,35.2,61,0
6,169,93,23,121,19.1,23,0
5,176,58,51,17,21.5,71,0
0,220,111,47,180,26.9,38,0
7,179,70,11,81,30.2,18,1
1,148,56,49,264,44.0,30,1
8,207,86,11,77,39.3,71,1
4,130,83,51,22,27.4,57,0
4,109,103,10,172,40.6,43,0
2,70,118,41,223,35.2,72,1
6,165,70,33,225,32.5,75,1
2,71,99,50,89,34.4,20,0
8,149,97,34,296,20.4,78,1
2,218,59,28,285,42.6,55,1
5,200,97,39,170,39.4,30,1
2,187,53,38,100,27.5,64,0
5,151,77,48,32,34.2,29,1
2,112,61,21,195,32.8,35,0
0,100,97,38,44,34.4,69,0
1,195,67,41,127,36.9,24,0
2,150,82,43,57,21.5,34,0
0,72,57,22,222,42.8,21,0
2,119,108,16,157,23.2,22,0
1,192,120,39,24,37.9,74,1
1,94,82,47,96,30.8,63,0
7,202,105,16,192,25.4,74,1
1,122,58,33,160,38.0,52,0
3,162,100,27,191,21.7,77,1
5,86,87,51,252,35.3,48,1
5,114,72,56,110,28.6,60,0
10,140,115,11,198,20.6,69,1
3,144,110,33,160,42.5,50,1
3,216,67,46,175,20.9,74,0
3,193,86,58,16,39.2,26,0
2,183,70,16,293,20.5,65,0
10,91,92,38,80,35.1,22,0
3,121,112,48,240,28.0,59,0
0,166,111,12,136,34.2,70,1
2,125,101,47,39,26.2,60,0
10,121,109,35,26,19.8,67,0
9,123,108,43,72,25.0,59,0
4,183,113,22,267,42.8,73,1
0,103,53,47,251,22.5,23,0
1,99,107,43,258,30.6,72,1
5,136,79,45,74,31.2,60,1
6,220,60,21,289,29.8,40,0
0,203,66,46,170,44.2,75,1
8,185,65,56,167,26.2,70,0
6,71,62,52,294,44.8,54,1
4,135,83,46,232,32.7,35,1
7,118,70,58,189,28.6,64,0
8,159,61,19,131,37.7,60,1
8,185,112,56,97,19.7,55,1
3,218,91,60,149,19.3,35,0
10,187,101,50,62,34.4,45,1
10,120,85,26,17,43.0,71,0
4,112,71,13,115,21.3,30,0
8,139,119,38,32,30.8,72,1
1,97,59,20,109,44.7,19,0
5,89,114,53,225,21.5,26,0
2,196,103,45,290,39.2,46,1
5,157,55,20,252,21.1,78,1
0,150,91,21,50,34.3,44,1
6,125,63,40,274,26.7,59,0
1,129,62,51,83,30.3,37,0
5,139,98,43,163,27.9,26,0
8,122,76,51,124,27.6,39,0
10,190,79,13,223,30.9,75,1
2,118,107,43,290,27.7,72,0
8,137,94,19,161,26.1,49,1
3,171,99,14,157,31.8,39,1
8,206,109,60,169,31.2,26,1
2,98,87,48,165,36.5,43,0
7,96,101,38,108,39.2,33,0
5,128,94,23,123,38.6,68,1
4,156,63,22,253,27.3,56,0
6,118,52,26,114,34.3,22,0
10,76,61,48,197,44.4,62,1
1,163,108,29,207,23.9,63,1
5,78,77,19,288,30.8,41,0
3,80,69,31,175,32.4,30,0
1,195,76,50,227,28.9,80,0
0,168,91,16,29,41.9,71,1
2,74,98,24,34,41.9,51,0
5,148,75,45,124,42.8,73,1
8,157,118,22,179,24.2,39,0
2,179,105,28,203,29.9,21,0
2,214,62,23,217,43.5,66,1
5,72,105,30,289,40.8,43,1
2,171,66,11,294,38.7,44,1
5,204,50,52,149,37.3,20,1
6,83,113,17,206,35.8,29,1
5,164,77,19,119,34.3,31,1
5,169,86,22,51,33.1,76,1
2,184,85,39,298,41.7,35,1
5,91,57,58,36,31.8,51,0
1,162,54,29,168,40.8,54,1
4,85,105,57,165,18.3,37,0
1,184,70,33,35,38.3,37,0
9,151,83,24,237,42.1,71,1
8,71,53,21,113,42.3,44,0
6,191,60,55,283,31.7,44,1
9,76,80,56,86,45.0,18,0
7,169,51,50,232,30.8,34,1
4,168,105,31,158,19.0,24,0
8,76,112,59,261,36.0,46,1
1,138,83,41,35,22.3,31,0
4,189,58,51,31,18.4,50,0
5,208,55,48,56,19.0,49,0
4,92,117,28,31,27.5,22,0
0,115,101,42,138,39.5,28,0
2,198,77,46,165,21.6,49,0
1,146,93,60,25,39.3,46,1
1,135,96,24,59,41.0,33,1
3,154,117,39,122,41.0,55,1
2,76,57,22,187,39.7,62,0
3,155,116,44,154,31.9,73,1
8,175,69,55,282,36.1,45,1
4,200,107,29,208,34.3,39,1
8,182,58,32,279,38.8,27,1
2,124,108,14,177,44.3,31,0
3,164,70,11,123,25.7,39,0
7,179,115,12,224,42.3,45,1
9,95,114,30,200,32.2,33,1
9,220,67,27,36,25.7,48,0
3,134,115,22,240,24.5,51,1
5,174,120,60,69,29.5,40,0
6,158,71,38,100,28.2,56,0
7,164,104,57,296,40.1,43,1
5,205,120,13,249,43.7,49,1
0,183,116,24,31,20.4,79,0
3,204,74,39,195,36.2,69,1
3,136,118,33,141,39.7,29,1
6,170,105,14,176,43.5,21,1
4,214,74,44,105,20.5,41,0
3,106,91,26,91,20.3,76,0
1,214,95,10,44,42.2,44,1
7,219,51,59,141,21.9,21,0
3,113,111,26,186,38.7,35,0
3,175,71,25,218,37.7,75,1
1,100,67,52,295,43.6,20,0
1,138,70,43,76,42.3,52,1
10,206,57,35,94,40.5,24,1
2,214,108,57,267,19.5,63,1
3,118,88,49,54,21.2,72,0
7,161,79,55,133,42.5,57,1
7,95,64,50,132,22.2,25,0
0,81,95,28,279,25.2,72,0
1,103,94,37,95,24.1,44,0
8,115,103,26,217,23.2,19,0
8,200,75,51,146,24.7,22,0
5,171,96,34,165,42.9,33,1
10,205,53,32,91,40.2,68,1
3,191,89,49,184,37.5,79,1
0,126,115,55,63,28.2,79,0
0,119,98,40,43,40.6,32,0
2,213,120,34,255,31.0,66,1
1,109,62,40,249,27.4,59,0
5,174,72,21,82,19.3,20,0
8,143,76,29,185,25.0,75,1
6,74,58,11,217,20.7,41,0
10,84,98,31,271,35.3,42,1
7,97,119,58,51,30.9,75,1
3,86,81,31,89,20.8,26,0
4,146,111,48,163,30.3,45,1
8,104,58,56,88,29.6,32,0
9,170,108,15,40,19.4,78,1
10,196,114,56,165,29.8,51,1
3,201,79,18,56,22.3,64,0
10,178,50,48,130,44.0,65,1
10,153,65,32,30,30.6,76,1
10,115,90,39,164,38.9,72,0
4,190,110,18,19,19.0,21,0
3,185,81,13,75,23.8,34,0
3,204,98,31,180,41.4,37,1
7,137,117,12,58,33.4,55,1
10,179,51,49,207,34.2,74,1
6,74,94,30,164,34.7,43,0
4,164,117,20,175,44.5,66,1
0,167,85,19,199,20.1,30,0
9,198,91,36,209,19.3,33,1
2,101,74,12,84,21.7,55,0
2,130,97,58,194,44.9,21,1
1,164,112,38,141,19.6,32,0
10,200,78,36,86,20.9,23,0
8,123,94,47,144,40.0,25,0
8,177,58,23,231,20.8,74,1
5,203,89,15,236,28.4,75,1
8,129,80,12,170,24.7,57,0
4,187,75,36,151,40.9,30,0
1,85,109,18,113,21.7,39,0
8,198,84,30,56,22.9,50,0
10,115,100,59,36,28.8,59,0
3,115,110,32,291,27.8,59,0
2,86,97,49,276,30.4,24,0
0,98,78,49,124,34.9,21,0
8,99,104,15,273,34.4,67,1
9,184,85,35,279,29.8,62,1
10,220,88,36,116,39.2,51,1
10,158,55,28,251,43.3,29,1
3,103,113,21,290,42.8,36,0
3,192,75,31,20,36.0,24,0
5,168,84,20,268,31.2,35,1
4,120,74,31,130,24.8,43,0
7,196,68,28,202,33.1,45,1
9,130,109,42,241,31.3,36,1
9,154,93,13,260,40.9,62,1
9,95,82,25,185,34.0,33,0
2,214,56,60,225,27.7,51,0
10,156,50,29,163,37.7,23,1
9,169,93,11,239,39.7,77,1
0,210,110,42,247,19.0,44,0
1,196,107,20,218,39.5,70,1
0,115,99,31,187,22.7,44,0
4,131,92,38,169,35.7,62,1
3,128,113,56,202,18.6,20,0
2,165,68,31,108,42.4,56,1
7,89,90,46,216,22.5,64,0
4,156,113,45,286,22.4,66,1
2,216,113,24,45,20.4,68,0
7,166,100,31,190,37.6,56,1
3,95,91,50,299,25.0,58,0
3,178,92,30,191,24.5,45,0
2,106,120,11,127,19.8,31,0
5,94,97,22,112,34.0,30,0
2,142,70,15,210,40.9,58,1
9,97,57,19,39,24.7,21,0
0,70,72,60,226,27.2,45,0
0,106,66,16,279,35.8,66,0
7,91,75,48,187,19.2,73,0
3,137,81,41,16,18.5,73,0
2,198,114,11,192,30.3,29,1
3,109,98,41,199,26.3,64,0
7,149,81,23,223,27.0,51,1
4,160,82,41,51,22.2,58,0
6,129,69,16,35,28.8,73,0
1,99,107,13,132,30.1,68,0
3,73,103,33,270,34.4,74,1
10,193,56,19,271,21.8,40,0
7,85,68,50,195,23.5,22,0
0,130,99,32,58,19.8,37,0
0,131,93,17,167,39.7,22,1
5,95,64,37,226,18.1,23,0
0,128,112,22,102,37.1,23,1
6,198,53,25,270,35.9,65,1
2,207,61,33,193,35.6,43,1
2,79,62,52,211,30.1,55,0
5,219,69,11,300,24.4,36,0
10,137,96,60,183,26.1,18,1
2,117,103,57,242,18.8,37,0
6,172,116,16,213,27.4,45,1
10,211,79,14,49,30.0,27,0
10,214,77,56,293,23.7,60,1
5,155,78,24,31,19.3,49,0
3,159,75,49,16,22.5,46,0
1,218,95,56,103,35.1,36,1
9,89,54,25,228,21.3,35,0
0,167,94,59,97,23.7,75,0
6,195,85,10,150,30.6,69,1
6,162,119,54,186,32.1,55,1
2,193,96,32,83,35.9,47,1
4,122,96,13,156,43.3,65,0
4,173,106,45,258,20.4,20,0
0,87,86,12,253,43.7,19,0
3,108,89,56,18,41.1,63,0
9,174,95,31,78,30.3,58,1
10,96,109,49,125,33.8,60,1
5,109,110,35,39,35.0,70,1
3,195,100,40,160,40.3,47,1
10,83,120,15,34,43.4,77,1
9,173,85,19,16,40.7,46,1
3,193,110,53,208,42.0,63,1
0,169,118,50,70,37.9,31,1
8,80,109,25,259,36.8,49,1
2,182,83,16,154,21.1,19,0
6,116,94,24,94,31.4,55,1
1,208,96,22,206,28.7,25,0
8,114,107,27,122,41.2,76,1
9,141,73,53,212,41.3,78,1
10,85,82,60,126,30.2,46,0
6,88,107,15,15,31.6,54,1
2,139,74,58,116,23.0,22,0
10,176,110,15,21,18.8,59,1
10,107,87,60,154,44.8,49,0
3,79,67,48,20,44.9,57,0
9,143,67,47,37,42.4,57,1
9,92,120,35,227,18.7,20,0
10,130,74,14,15,22.6,80,0
8,220,103,39,76,25.4,42,0
10,164,51,12,274,22.8,50,1
2,175,62,32,257,43.5,67,1
5,220,96,30,72,22.1,31,0
3,110,59,11,117,38.1,63,0
1,82,118,40,100,43.7,32,0
1,112,104,47,186,36.9,71,1
5,158,92,12,103,41.4,28,1
1,195,68,20,225,42.5,55,1
4,103,104,16,188,40.6,27,0
4,81,58,24,198,36.0,35,0
5,201,120,37,120,37.2,37,1
10,72,61,34,83,34.7,27,0
8,216,100,29,53,26.5,70,1
0,169,86,18,113,29.1,45,0
9,119,112,12,104,30.7,19,0
7,91,81,36,161,31.3,75,0
6,198,59,55,196,18.1,74,1
5,114,106,27,139,34.6,55,1
2,219,54,12,61,32.8,72,1
8,152,83,43,202,30.1,63,1
4,219,92,42,271,22.0,73,1
1,190,112,10,213,34.7,23,1
7,95,78,10,209,19.5,67,0
1,80,99,12,159,43.7,33,0
5,167,80,31,70,22.2,28,0
0,118,116,55,98,27.0,29,0
3,98,117,46,185,44.3,58,1
5,200,99,42,134,37.4,67,1
6,201,105,13,227,27.7,30,1
0,154,95,11,187,34.2,39,1
3,93,53,51,276,26.2,60,0
5,134,55,45,145,20.8,40,0
1,186,80,32,113,34.1,63,1
9,196,89,26,101,32.0,41,1
6,206,90,19,269,30.8,61,1
1,161,100,32,286,37.0,34,1
9,99,55,31,257,43.7,59,1
1,91,81,21,62,25.6,54,0
4,82,62,20,20,41.5,52,0
2,204,85,32,262,41.4,44,1
10,138,62,22,43,35.2,24,1
8,206,59,10,30,36.2,50,1
9,109,109,14,112,31.9,76,1
1,153,59,50,191,28.7,24,0
2,197,57,14,32,35.0,68,1
1,162,92,39,219,28.0,20,0
9,123,115,59,221,28.1,49,0
1,109,70,33,212,24.3,78,0
2,80,104,22,121,38.3,78,0
1,126,65,22,72,25.4,30,0
5,142,98,51,244,26.8,23,1
10,199,66,48,144,31.3,47,1
6,188,110,35,133,28.1,55,1
10,124,64,60,53,20.7,70,0
6,201,88,33,168,29.8,69,0
6,154,97,46,242,28.7,71,1
10,208,103,49,198,42.3,78,1
9,81,102,37,216,26.0,57,0
3,78,80,27,145,33.3,27,0
7,106,98,23,133,22.1,59,0
3,76,116,56,34,36.3,35,0
10,114,90,50,214,36.5,66,1
10,184,60,28,125,23.3,24,0
0,83,103,52,282,33.4,79,1
10,206,85,16,133,26.8,54,0
2,192,108,23,66,32.4,45,1
4,191,63,23,188,20.5,70,0
2,179,67,34,129,34.3,47,1
0,175,102,38,97,33.4,80,1
10,184,88,41,284,36.3,19,1
6,220,75,55,280,28.0,68,1
0,97,119,24,31,26.1,30,0
3,173,91,15,148,34.7,20,1
3,114,63,31,252,28.5,42,0
2,205,67,47,134,32.0,27,0
4,162,71,55,64,19.1,37,0
7,203,116,16,265,23.6,51,1
10,137,79,10,233,21.3,60,1
6,124,52,32,197,20.3,66,0
5,76,83,42,114,27.6,53,0
1,87,79,11,140,32.3,78,0
6,129,53,49,108,30.4,49,1
10,98,50,22,138,21.8,34,0
6,169,100,42,254,39.9,40,1
9,109,87,33,138,20.8,27,0
6,117,110,40,131,23.9,26,0
1,220,106,43,131,30.2,63,1
5,124,100,27,191,24.9,73,0
0,98,73,11,294,34.3,57,0
