Alcohol,Sugar,Acidity,Density,pH,Sulphates,Quality
11.7,8.94,6.49,1.0049,3.9,1.09,5
12.77,4.15,7.63,1.0018,3.46,0.54,8
9.5,2.7,6.87,0.9958,3.14,1.12,6
10.79,8.04,4.39,0.9955,3.55,1.11,6
12.29,9.21,7.19,0.9939,3.05,0.48,7
12.02,2.57,5.92,0.997,3.77,0.36,9
8.53,9.76,3.33,0.9938,3.51,1.5,5
12.95,5.44,6.53,0.9916,3.94,0.44,8
10.31,5.39,7.24,0.9998,3.95,1.07,7
10.53,8.33,3.82,1.0023,3.87,0.93,5
11.29,4.03,7.54,0.9956,3.37,1.27,5
8.09,2.02,7.65,0.9907,3.44,0.48,6
8.42,2.6,7.09,0.9993,3.76,0.99,8
9.72,7.4,5.83,1.001,2.94,1.08,5
11.77,6.03,8.98,0.9956,3.85,0.71,5
12.18,9.95,6.38,0.9974,3.82,1.42,8
14.55,4.15,6.59,0.9984,3.5,0.66,7
8.49,8.69,3.42,0.9961,3.93,1.47,5
14.83,7.34,5.63,1.0008,3.14,0.38,6
10.35,9.79,5.49,0.997,2.86,1.01,5
9.26,0.95,3.58,0.9918,3.88,0.79,5
8.03,5.6,7.45,1.0033,2.9,1.34,5
13.65,7.16,3.71,1.0032,3.95,1.45,7
10.2,4.82,8.49,0.9982,3.6,0.43,6
8.24,3.64,3.74,0.9958,3.42,1.41,6
9.27,8.54,4.87,1.0032,3.66,0.92,4
10.52,4.19,8.26,1.0006,3.02,0.35,6
12.73,4.77,3.09,1.0024,3.86,0.6,6
9.21,6.2,6.33,1.0022,3.87,0.39,5
10.35,9.48,4.95,0.9954,2.89,0.35,4
10.31,3.87,4.97,0.9927,3.92,0.61,5
14.97,1.46,5.06,0.9932,3.67,0.49,8
9.42,3.57,8.23,0.9909,3.56,0.57,5
12.68,9.46,7.87,0.9944,3.21,0.83,8
8.42,0.96,6.58,1.002,2.93,1.02,7
14.11,3.14,3.1,0.996,3.6,0.94,8
11.11,3.53,7.37,0.993,3.35,0.47,7
12.4,2.74,7.21,0.9958,3.7,0.93,8
14.16,5.3,5.42,0.9902,3.13,0.61,7
12.16,6.34,4.81,1.0,2.83,1.21,6
13.85,5.39,3.37,1.0,3.84,1.48,7
14.95,8.82,5.75,1.0,3.8,1.0,8
12.23,7.35,6.24,1.0043,3.54,1.18,7
8.59,4.36,3.26,1.0031,3.66,0.44,3
14.98,8.14,8.47,0.9969,3.81,1.19,9
11.8,1.72,8.99,0.9969,3.05,1.38,7
12.44,5.86,6.86,1.0048,3.84,0.42,8
8.41,3.96,5.99,0.9904,3.01,1.01,6
12.88,0.67,3.13,0.9934,2.9,0.98,7
12.69,6.04,3.23,0.9931,3.53,0.4,7
9.79,5.67,7.03,0.9972,3.73,1.25,7
8.71,9.32,7.12,0.9934,3.41,1.24,7
10.77,7.73,6.64,0.9947,3.33,1.19,7
14.66,1.23,3.61,0.9995,3.58,1.25,7
13.34,4.99,3.64,0.9982,3.81,1.05,7
13.2,2.36,6.78,1.0045,3.18,1.05,8
14.43,5.74,6.44,0.9984,3.87,1.47,8
11.23,6.48,5.75,0.9922,3.58,0.92,6
10.62,5.89,3.78,1.0042,3.71,0.62,5
13.32,8.56,6.8,0.9965,3.93,1.08,9
10.55,6.2,3.78,0.9966,3.86,0.61,5
8.35,9.73,6.3,1.0017,2.92,1.15,6
9.38,8.28,6.19,1.0022,3.33,0.67,4
10.46,1.24,5.6,0.9924,3.34,0.55,5
8.55,7.45,8.18,0.9902,3.99,0.71,4
12.87,4.33,3.64,1.0024,3.12,1.14,8
12.26,5.72,3.72,1.0046,3.53,1.11,7
12.33,1.93,7.3,0.997,3.43,0.68,7
14.86,5.72,6.75,0.9969,3.77,0.39,6
12.41,7.6,5.64,0.9914,3.31,1.11,9
8.15,4.1,4.02,1.0017,3.27,1.12,4
10.61,3.61,3.42,0.9987,3.61,1.18,5
12.15,2.77,6.75,0.993,2.84,0.82,9
10.66,5.97,8.91,1.0006,3.43,0.65,4
13.6,1.55,8.22,1.0048,3.64,1.03,10
13.88,7.25,8.7,1.001,3.06,1.0,8
8.65,8.34,8.41,1.0044,3.77,1.3,7
13.76,6.29,7.82,0.9952,3.85,1.03,8
8.67,3.76,4.5,0.9972,2.95,1.12,6
10.33,3.8,6.72,0.9988,3.13,0.35,5
12.42,8.06,6.77,0.9977,3.1,1.01,9
8.69,9.63,6.92,1.0018,3.16,0.42,6
10.36,7.83,3.33,1.0049,3.68,0.31,3
14.62,5.97,4.58,0.9979,3.49,1.36,7
13.85,8.72,7.21,0.9999,3.27,0.57,7
9.61,3.87,7.47,0.991,3.79,0.6,7
13.91,9.65,4.76,1.0035,3.16,0.7,5
12.23,2.77,8.2,1.0029,3.62,0.89,9
8.04,9.28,7.7,1.0028,2.85,0.93,4
14.64,3.68,6.48,0.9974,3.82,1.49,8
12.64,3.29,8.72,0.9986,3.94,0.96,9
10.62,7.56,7.97,0.9915,2.86,0.36,4
12.31,1.9,5.33,0.997,3.38,0.36,7
11.69,7.71,5.22,0.9982,3.24,0.37,4
9.89,2.9,4.91,0.9985,3.95,1.46,6
14.97,8.97,6.41,1.0042,3.54,0.55,6
12.76,4.89,5.85,0.998,3.62,0.66,7
13.72,3.5,4.96,0.9957,3.37,1.47,7
10.52,4.78,3.62,0.995,2.82,1.42,5
9.96,1.9,7.77,0.9947,2.93,0.39,5
10.04,4.67,4.82,0.9952,3.53,1.47,6
9.67,9.9,6.06,0.9961,3.71,0.38,6
8.81,6.58,4.94,0.997,3.37,1.21,5
12.73,2.51,3.04,1.0004,3.94,0.53,7
12.37,1.63,3.99,0.9943,3.71,0.49,6
9.59,3.77,8.17,0.9983,3.76,1.07,6
10.35,8.1,3.59,0.9994,2.82,0.86,4
11.96,5.28,3.63,0.9932,3.51,1.27,6
12.98,4.25,4.79,0.9934,2.8,0.51,6
14.58,9.58,8.53,1.0035,2.89,0.62,7
14.48,1.42,7.66,0.9944,3.33,0.85,10
14.82,0.83,8.95,0.9989,3.65,0.67,7
8.13,1.94,3.91,0.9928,3.61,1.06,6
13.84,7.8,8.69,1.0027,3.74,0.72,7
14.54,3.46,4.3,1.002,3.63,0.71,6
13.95,8.77,8.82,1.0032,3.63,0.72,8
10.08,6.2,3.5,0.9938,3.18,1.36,4
12.04,4.88,3.49,0.9938,2.87,1.37,7
11.78,8.9,8.29,0.9925,3.5,1.27,5
14.24,6.23,4.48,0.9933,2.83,1.48,5
13.94,1.5,8.15,0.9986,3.68,0.54,7
8.07,1.16,8.26,0.9909,3.27,0.55,5
14.97,4.92,8.13,1.0003,3.55,0.46,7
14.23,5.3,4.5,0.9966,2.91,0.93,6
14.69,8.78,8.36,0.9983,3.83,0.44,7
9.45,7.86,3.55,0.9947,3.6,0.89,6
14.6,1.44,7.57,0.995,3.17,0.83,8
14.52,5.21,5.13,0.9909,3.07,1.11,9
13.75,5.58,7.72,0.9913,2.99,0.62,6
9.43,1.39,7.85,1.0042,3.93,1.16,6
13.03,6.41,6.65,0.9928,2.86,1.37,6
11.94,5.94,6.65,0.9917,3.8,0.98,7
10.86,0.65,6.81,1.0028,3.06,0.47,6
10.25,6.69,8.98,0.9933,3.8,1.04,5
8.65,1.86,5.85,0.9908,3.65,1.17,6
8.99,3.43,7.42,1.0018,3.62,0.98,8
10.94,5.7,7.64,1.0022,3.09,0.66,4
14.58,7.27,4.41,0.9908,3.83,0.89,7
14.58,0.67,5.02,0.9975,3.43,1.27,8
11.15,2.08,7.52,0.9939,3.08,1.21,8
12.27,2.58,3.68,0.9919,2.8,0.85,7
10.12,6.44,5.88,0.9902,3.03,0.53,5
9.41,8.58,8.48,1.001,3.84,1.26,5
12.36,6.6,5.15,0.9919,3.82,1.07,8
9.1,3.95,5.56,1.0009,3.66,0.54,7
12.45,6.82,6.17,0.9939,3.46,0.8,8
11.88,2.67,6.36,1.0027,3.01,1.23,7
11.53,0.67,6.07,1.0024,3.01,0.87,6
10.02,7.08,7.58,1.0004,2.92,0.65,5
11.96,7.94,4.41,0.9972,3.85,1.44,6
10.55,8.56,4.77,0.9986,2.96,0.67,4
14.59,4.76,4.6,1.003,3.82,0.99,7
14.83,0.87,6.34,0.9928,3.82,0.97,8
8.68,4.95,3.84,0.9928,2.92,0.96,4
13.1,4.22,6.56,1.0003,3.56,1.4,7
9.8,8.76,7.65,1.0011,3.75,1.48,7
8.31,9.81,4.53,0.992,3.19,0.43,4
13.42,4.08,7.33,0.9976,2.95,1.32,6
9.07,9.12,6.73,1.0023,3.25,0.82,6
13.73,2.74,7.36,0.9954,3.91,0.73,7
12.29,1.5,4.06,0.9967,3.83,1.16,8
11.78,3.61,6.69,0.9921,3.0,1.45,7
8.86,5.98,4.93,0.9917,2.99,0.59,3
9.18,1.25,8.58,0.9969,3.06,1.15,6
10.63,0.7,6.62,0.9909,3.8,1.42,8
13.41,1.33,5.49,0.9933,3.63,0.98,10
14.2,9.81,5.1,1.0003,3.02,1.02,8
11.55,4.08,4.88,0.9936,2.93,0.57,3
10.67,1.32,8.42,0.9954,3.46,1.43,6
10.22,5.13,7.89,1.0032,3.06,0.85,5
10.93,9.35,8.3,1.0031,3.37,0.46,5
11.31,9.2,5.0,0.9918,3.51,0.76,3
13.59,2.72,3.25,0.9953,3.22,0.4,7
12.11,1.94,8.7,0.9915,3.28,0.56,9
8.39,7.99,6.7,1.0045,3.89,1.13,6
12.99,5.03,7.15,1.0048,2.9,0.38,5
11.72,1.98,4.63,1.0008,3.91,0.31,6
11.26,8.12,7.03,0.9929,3.25,1.49,7
14.55,6.5,3.26,0.9978,3.07,0.53,6
8.62,5.29,7.78,1.0029,3.12,1.29,6
14.49,1.87,4.38,1.0029,3.42,1.15,8
10.67,1.69,8.19,1.0034,3.38,0.86,7
13.26,4.79,4.61,1.0018,3.54,0.63,7
8.96,9.8,5.22,0.993,3.8,1.47,6
12.91,6.51,3.7,0.9951,3.1,1.1,6
10.88,3.66,6.66,1.0002,3.24,0.91,6
11.97,7.31,7.13,1.0009,3.4,0.76,6
12.6,2.16,7.78,0.9947,3.4,1.08,8
13.63,3.51,4.95,0.9996,4.0,0.42,8
10.53,1.73,5.3,1.0033,3.27,1.44,8
10.45,2.39,6.61,0.9924,3.43,0.79,6
8.42,9.25,3.17,0.9911,2.93,1.46,3
8.58,6.93,3.46,1.0001,3.89,1.2,4
12.17,1.72,3.01,0.9947,3.45,1.14,8
12.79,1.55,8.49,1.0025,3.62,0.66,8
12.21,5.14,8.02,0.9993,3.75,0.56,6
8.75,3.9,5.95,0.9938,2.89,1.04,7
8.45,9.04,6.47,1.0028,3.0,1.1,6
9.96,0.69,8.85,1.0037,2.8,1.02,7
9.38,6.47,3.2,0.9946,3.22,0.7,4
11.82,1.45,7.9,1.0018,3.02,1.17,7
10.25,2.43,5.46,1.0042,3.32,0.59,6
13.02,9.73,4.92,0.9973,3.26,0.84,7
9.73,1.94,5.55,0.9924,3.63,1.23,7
11.18,1.09,7.07,1.0001,3.0,0.44,4
14.47,7.28,8.39,1.0044,3.98,1.05,8
10.92,7.47,3.68,0.9965,3.67,1.45,6
14.65,2.05,7.32,0.9911,3.47,1.26,9
12.28,5.74,4.47,0.9927,3.29,0.76,6
12.83,5.82,7.24,1.001,3.11,1.11,9
14.17,5.09,4.65,0.9912,3.98,1.44,6
10.3,8.28,4.53,1.0023,3.25,1.02,4
14.67,8.31,3.97,0.9999,3.6,0.63,6
10.23,8.32,4.46,0.9949,2.91,0.9,3
13.8,2.17,4.54,1.0049,3.68,0.63,7
9.6,9.32,7.61,1.002,3.92,1.22,7
8.73,4.85,6.7,1.0014,2.82,0.83,4
11.15,0.89,7.62,1.0048,3.42,1.06,8
12.46,6.5,7.5,0.9965,3.5,0.61,8
10.66,3.41,3.79,0.9974,2.95,1.12,6
8.77,0.76,8.96,1.0,2.83,1.41,5
13.35,3.26,6.9,0.9962,3.37,1.07,8
8.68,0.73,5.37,0.9945,3.33,0.86,8
11.34,9.51,5.18,0.9915,3.61,1.47,5
9.33,4.85,3.98,0.9988,3.86,1.19,6
8.95,6.12,8.4,0.9967,3.14,1.49,6
9.51,2.1,7.21,0.9996,3.32,0.61,7
11.22,5.08,4.42,0.9928,3.04,0.38,5
12.35,0.85,5.65,0.9924,2.97,0.61,8
11.9,6.7,4.71,0.9932,3.74,0.81,5
8.38,2.08,7.66,0.991,3.14,1.48,6
8.37,6.96,8.28,0.9953,2.88,0.64,4
14.34,3.99,6.59,1.0031,3.65,0.81,10
12.56,6.96,8.66,0.9984,3.98,1.45,8
8.21,8.12,4.83,0.994,3.84,1.16,6
14.24,8.55,6.63,1.0028,3.83,0.57,8
10.01,8.82,6.71,0.9977,3.58,1.46,5
10.96,5.44,6.81,0.9973,3.6,1.09,5
12.6,2.38,4.51,0.9936,3.85,0.37,7
11.36,1.99,4.16,0.9943,3.99,1.25,5
13.07,1.41,8.5,0.9958,3.64,1.07,10
12.43,8.87,5.28,0.9902,3.63,0.96,8
14.62,9.25,8.24,0.9934,3.4,0.9,8
12.03,0.98,7.63,1.0007,3.41,0.87,9
13.13,3.36,6.06,0.9962,2.82,1.03,9
10.58,7.36,8.0,1.0033,3.01,0.61,4
10.3,0.89,6.49,1.0015,3.33,1.26,7
10.36,5.06,7.33,0.9917,3.24,0.84,5
11.77,7.76,8.57,1.0015,2.98,0.95,6
14.36,2.88,5.73,0.9944,3.01,1.15,10
12.29,3.36,8.6,0.9944,3.89,1.44,9
12.0,5.31,4.22,0.9921,3.39,0.53,3
11.59,5.21,4.36,0.9951,2.96,0.83,3
11.02,3.96,5.11,0.9934,3.06,0.66,6
9.12,9.0,3.48,0.9994,3.02,1.44,5
10.07,0.63,6.44,0.9985,3.43,1.3,7
11.76,5.75,8.01,0.9933,3.92,0.41,4
8.47,8.93,8.31,0.9914,3.05,1.45,7
10.17,9.92,7.84,0.9922,3.64,0.92,6
8.15,5.85,7.99,1.0034,2.88,1.19,6
14.33,1.28,3.92,0.9963,3.69,0.61,6
9.47,6.63,4.05,1.0015,3.2,1.36,6
8.29,6.89,6.11,0.9964,3.99,0.64,5
10.17,2.48,7.37,1.0046,2.94,0.31,5
13.16,4.88,6.94,1.0016,3.03,1.02,9
12.25,1.37,4.49,0.9981,3.19,0.79,8
14.74,5.51,3.87,1.0029,3.47,0.85,6
13.7,9.82,8.58,0.9988,3.32,1.35,7
10.25,2.62,5.54,0.9985,3.72,1.2,6
12.92,3.88,8.52,0.9922,2.84,0.48,7
8.94,2.75,3.63,0.995,3.88,1.25,5
9.92,3.46,7.95,1.0013,3.47,0.3,6
11.47,4.36,7.06,0.9902,3.44,0.94,5
8.62,4.14,7.8,0.9994,3.08,0.49,6
8.53,4.21,6.87,0.9931,3.11,1.24,5
11.24,4.61,3.53,0.9932,3.59,1.32,6
12.41,9.05,3.11,0.9928,3.79,1.08,6
9.86,5.35,5.66,0.9972,2.89,0.67,5
13.21,7.54,6.96,0.9994,2.93,0.68,7
14.28,1.35,4.41,0.9987,3.04,1.1,8
12.65,6.14,8.59,1.0008,3.73,0.77,6
8.14,5.34,6.05,0.9905,2.84,1.47,5
8.37,2.89,6.11,0.9987,3.03,1.43,6
11.25,6.17,6.21,0.9982,2.96,0.66,5
11.08,4.77,5.13,1.0047,3.81,0.5,5
13.89,1.4,4.4,0.9977,3.19,1.12,7
11.61,7.31,8.21,1.0045,2.81,1.05,5
14.33,5.4,8.1,0.9966,3.13,0.45,8
14.76,6.7,5.25,1.0016,3.48,1.26,8
14.37,3.29,7.97,1.005,3.09,1.43,9
10.38,8.08,3.57,0.9929,3.55,0.97,5
14.62,1.65,8.29,0.9972,3.11,0.74,7
10.84,4.76,6.21,0.9943,3.17,0.75,5
13.44,7.17,4.14,0.999,3.11,1.33,7
9.45,8.78,7.39,0.9948,3.9,1.06,5
10.24,2.27,3.74,0.9933,2.86,0.78,5
13.85,7.97,7.82,0.9921,3.52,0.32,8
11.71,6.44,8.73,0.9934,2.87,0.48,4
8.65,2.57,5.68,1.0015,2.86,1.06,7
8.07,4.44,5.56,0.9933,3.95,0.58,6
12.0,4.56,6.03,0.9967,3.92,1.0,7
11.95,6.68,3.54,1.0009,3.28,1.08,4
11.72,4.57,4.85,0.9901,3.83,1.43,6
10.36,2.27,6.24,1.004,2.85,1.17,5
8.39,4.75,4.39,0.9966,3.19,1.21,4
8.76,6.55,7.63,0.9971,3.51,0.58,5
13.48,9.89,3.71,0.9988,3.53,1.43,7
11.78,3.15,6.59,0.997,3.67,0.74,7
8.56,4.83,6.35,1.0002,3.52,1.14,6
8.01,4.82,3.64,0.9904,3.26,0.45,3
8.7,2.11,3.84,1.005,3.55,0.67,6
13.61,8.2,7.45,0.9992,3.95,0.42,7
13.09,8.06,5.21,1.0006,3.16,1.2,8
10.03,5.02,8.93,0.9997,3.21,0.91,5
9.99,3.66,7.51,0.9939,3.65,0.43,5
10.7,7.22,6.99,0.9942,3.84,0.75,5
9.76,9.17,4.88,0.991,3.75,0.34,4
8.26,4.37,3.99,0.9955,2.83,0.64,4
10.57,3.41,8.39,1.0014,3.24,0.81,7
11.53,8.03,5.08,0.9938,3.9,1.45,5
13.93,3.22,3.81,0.9931,3.28,0.49,8
12.09,9.22,5.06,0.9957,3.71,0.69,6
9.62,3.44,3.53,1.0033,3.96,0.43,6
12.59,2.7,8.72,0.9938,3.13,0.63,7
9.79,9.85,7.47,0.9956,3.29,1.08,7
10.37,9.58,3.49,0.9958,3.12,1.14,4
12.41,6.92,6.78,0.9953,3.29,0.35,8
14.03,5.33,7.13,1.0026,3.42,0.45,8
13.95,1.28,5.62,1.0005,3.77,0.86,10
9.33,2.43,7.84,0.998,3.82,0.39,5
12.44,7.03,8.0,0.9969,2.89,0.33,7
11.1,3.94,4.57,0.9975,2.92,1.17,5
12.08,1.78,3.54,1.0014,3.09,1.32,8
12.19,7.86,7.81,0.9998,3.27,1.04,8
9.69,1.39,7.01,0.9946,3.4,0.52,6
9.37,5.53,4.96,0.9962,3.91,0.76,4
14.33,6.72,3.14,0.9996,2.94,0.94,6
14.83,6.25,8.52,0.9953,3.34,1.18,8
11.59,7.8,3.72,0.9987,3.42,0.82,5
13.68,6.94,7.18,0.9954,3.87,0.6,8
8.3,2.49,6.74,0.9971,3.91,0.82,7
14.31,2.46,4.8,0.9915,3.22,1.39,7
10.82,6.15,8.06,0.992,3.14,0.79,6
13.26,4.08,6.88,0.9924,3.02,0.53,7
12.33,7.72,8.82,0.9985,2.81,0.89,6
9.08,0.55,8.4,0.9911,3.82,0.91,6
11.76,2.47,4.15,0.9991,3.44,0.38,6
12.29,6.49,3.08,0.9929,3.16,0.98,6
11.35,5.96,5.84,0.9974,3.76,1.39,6
10.07,5.05,3.98,1.0028,3.74,1.48,5
8.9,6.97,5.09,0.9917,3.42,0.55,4
14.57,5.8,7.04,1.0043,3.13,1.47,8
13.02,2.49,4.8,1.0,3.58,0.64,8
14.57,4.2,7.15,0.9969,3.03,0.66,8
10.1,7.02,4.94,0.9953,3.18,0.56,4
13.32,1.52,3.58,0.9969,3.92,0.33,6
14.22,7.84,3.2,0.9926,3.83,0.91,8
13.03,7.63,8.3,1.0008,2.96,0.84,7
14.49,7.75,3.67,0.9969,3.58,0.54,5
11.42,0.57,8.09,1.0024,2.83,0.36,6
12.36,9.35,8.76,1.0048,3.5,1.13,9
11.17,7.61,4.31,0.9948,2.85,0.66,4
12.05,0.87,4.2,0.9901,3.92,0.44,6
9.02,6.94,7.99,1.001,3.66,1.42,7
11.31,7.42,3.29,1.0028,3.64,0.5,5
11.24,6.02,5.69,0.9957,3.96,0.35,6
12.64,8.99,6.19,0.997,3.29,1.07,8
12.22,4.46,6.46,0.9958,2.86,1.45,8
11.47,2.52,5.02,1.0026,3.89,0.42,5
9.83,9.4,5.82,0.9974,3.72,0.94,5
9.01,8.75,8.51,1.0035,3.48,0.7,5
11.07,9.18,5.3,0.9921,3.41,0.54,4
12.85,1.5,4.25,0.9907,3.35,0.39,7
12.57,5.15,7.67,1.0005,3.32,1.3,7
11.98,9.47,6.14,0.998,3.56,0.5,5
11.06,2.88,7.93,0.9983,3.6,0.5,6
11.5,1.0,6.55,0.9968,3.63,0.6,6
8.44,4.56,3.97,0.9943,2.86,1.27,3
9.21,0.93,6.33,0.9995,3.48,0.6,7
8.03,8.98,7.64,0.9947,3.9,1.36,5
9.09,5.98,5.75,1.0028,2.98,0.77,4
14.86,8.53,3.42,0.9974,3.99,0.59,5
12.02,4.6,3.8,0.9995,3.26,0.61,5
11.52,6.19,4.54,1.0022,3.63,0.84,5
14.23,5.06,5.24,0.9961,3.35,1.06,8
14.74,8.08,3.65,0.9967,3.22,0.59,5
14.06,2.73,4.65,0.9969,3.66,1.37,9
10.33,8.5,7.78,0.9972,3.25,0.65,5
10.01,8.07,8.38,0.9924,3.02,1.05,5
10.44,8.91,7.44,1.0043,2.8,0.87,6
12.73,1.99,4.81,0.9982,3.07,1.45,8
12.49,3.61,8.63,0.9987,3.74,1.39,9
13.1,1.57,6.96,0.9979,3.52,1.07,10
13.28,3.22,6.29,1.0025,3.59,0.6,9
9.07,9.74,8.29,0.9907,2.83,0.52,5
12.73,4.06,4.88,0.9919,2.88,1.44,5
9.7,1.83,7.33,1.0037,3.26,0.62,5
11.13,2.02,6.94,0.9964,2.81,0.68,6
14.65,5.31,3.21,0.993,2.83,0.55,5
14.78,7.28,8.81,0.9967,3.27,1.39,9
10.95,9.82,6.66,0.9948,3.81,1.0,6
11.01,0.89,8.22,0.9957,3.01,0.66,5
12.58,1.5,6.01,0.9947,3.25,1.48,8
14.55,1.36,8.96,0.9977,3.65,0.65,7
13.63,2.67,6.97,0.9969,3.83,1.15,10
9.16,1.48,4.33,0.9951,3.32,0.73,5
10.8,6.72,6.29,1.004,3.58,0.76,5
11.97,7.56,5.27,1.0036,3.98,1.11,6
9.87,8.29,3.39,0.9954,3.94,1.06,4
8.15,6.45,3.08,0.9942,3.82,0.61,3
10.18,6.97,3.02,1.0031,3.05,0.4,5
10.6,3.32,5.95,1.0004,3.91,1.48,8
11.62,1.1,7.24,1.0029,3.97,0.53,6
12.12,1.4,8.07,0.9992,3.81,0.9,9
9.51,2.97,8.54,0.9972,3.3,1.39,7
10.51,3.21,7.97,0.9991,3.62,0.82,8
10.95,5.13,4.71,0.9932,3.91,1.14,6
9.34,4.44,5.72,0.9995,3.22,1.03,7
8.61,8.28,8.77,1.0013,3.8,1.22,5
12.47,2.53,8.11,0.9907,3.11,0.91,10
14.18,3.02,5.23,0.9924,3.48,1.22,9
9.36,3.02,3.15,0.9999,3.34,0.65,4
14.33,6.67,8.5,1.0048,3.22,0.41,8
14.98,6.85,7.52,1.0038,3.84,0.37,8
9.76,7.92,7.21,1.0043,3.52,1.29,5
13.54,7.22,7.06,0.9921,3.53,0.48,7
12.08,1.51,5.9,1.0006,3.16,1.34,9
12.08,7.65,6.13,0.9986,3.21,0.85,8
11.15,6.47,5.36,0.9959,3.34,0.83,7
10.82,3.25,3.34,1.0013,3.55,0.54,6
11.68,9.91,4.07,0.9935,3.89,1.2,6
9.52,5.43,7.45,1.0025,2.92,1.44,6
13.94,1.7,8.33,0.9908,3.43,1.0,10
10.15,3.23,6.77,0.9978,3.92,0.67,6
10.43,2.55,4.62,0.9934,3.77,1.05,7
9.68,4.07,6.99,0.9927,3.61,1.4,7
13.91,8.58,3.91,0.9909,3.59,1.02,6
13.84,6.4,8.89,0.9946,3.96,0.92,8
9.2,2.79,4.25,0.9928,3.77,1.4,5
12.97,2.55,4.59,1.0013,3.73,0.82,8
9.79,2.36,6.36,0.9902,3.06,1.09,6
14.34,4.87,7.66,0.9912,3.51,0.88,7
13.54,7.24,7.74,0.9939,3.07,0.6,8
12.73,3.51,4.7,1.0038,3.92,0.61,7
12.0,0.65,7.15,0.9909,2.85,0.91,5
14.94,5.46,8.67,0.9901,3.99,0.42,7
14.25,6.44,3.33,1.0015,3.24,0.45,7
9.1,4.49,8.22,0.9964,2.82,0.57,5
8.68,1.41,7.9,0.997,3.14,1.21,7
14.19,9.09,7.57,1.0041,3.75,0.69,6
13.94,1.69,8.42,0.9971,3.12,1.02,8
10.4,5.33,3.99,0.9996,3.74,0.6,4
10.37,7.4,6.44,0.9946,3.71,1.47,5
10.94,0.89,4.38,0.9909,3.79,1.13,6
14.84,8.69,5.52,1.0049,3.37,1.21,9
10.61,9.78,7.23,1.0008,3.04,1.18,7
8.19,5.7,8.96,1.0017,2.87,1.5,4
14.86,7.94,8.36,0.9948,3.33,1.35,9
8.09,5.07,5.28,0.9985,3.31,0.81,6
9.5,3.25,3.04,0.9943,3.14,1.47,7
9.92,7.47,5.72,1.0049,3.83,0.78,6
9.74,2.3,7.66,0.9954,3.75,0.92,8
9.12,9.45,4.5,0.9989,3.16,1.28,4
11.83,7.42,6.47,0.9971,3.56,0.68,5
13.42,7.98,5.43,0.9918,3.22,1.19,9
10.52,2.36,4.97,0.9901,3.98,1.44,5
9.3,1.17,6.44,0.9929,3.57,1.27,6
12.2,7.89,8.61,0.9952,3.74,1.27,7
12.09,7.8,5.25,1.0034,3.57,1.22,9
12.73,6.19,4.61,0.9976,3.75,0.5,5
11.1,2.12,8.26,1.0037,3.36,0.66,7
10.47,8.91,7.49,0.9976,3.6,1.24,5
12.02,0.7,6.26,0.9925,3.03,1.29,9
9.39,2.94,3.66,0.99,3.92,0.36,5
11.98,9.4,3.78,0.9971,2.85,0.93,5
14.73,2.23,5.3,1.0047,3.76,1.44,8
8.73,8.24,8.63,0.9999,2.9,0.67,5
12.54,5.33,3.63,0.9963,3.95,1.46,6
9.1,4.18,8.19,1.0031,3.3,0.39,6
8.82,6.81,4.99,0.9907,2.88,0.56,3
11.18,0.92,4.78,1.0029,3.49,0.68,4
13.52,7.86,7.72,0.996,3.28,1.09,9
8.01,8.29,8.97,1.0017,2.97,0.39,5
11.25,6.46,3.33,1.0038,3.07,1.19,6
14.64,0.83,5.75,0.9993,2.98,0.85,7
14.47,2.61,6.41,1.0042,3.08,1.16,8
13.23,2.1,6.84,0.9952,2.81,1.2,7
8.75,8.28,3.22,1.004,3.92,1.27,5
9.57,8.42,8.7,0.9999,3.88,0.51,4
10.01,2.29,7.1,0.9945,3.57,0.85,7
14.85,0.55,8.16,0.9978,3.44,1.33,9
12.71,3.5,4.61,1.001,3.35,0.36,7
9.02,0.85,5.67,0.9946,3.17,1.0,6
11.33,2.4,6.82,1.0028,3.1,1.42,6
12.32,0.64,8.39,0.9948,3.05,0.68,9
10.77,6.71,3.29,0.9989,3.98,1.0,4
10.08,5.53,6.7,1.0003,3.47,0.6,5
12.13,5.55,6.56,0.9956,3.47,0.96,7
14.75,1.14,7.07,0.9964,2.99,0.32,8
14.41,9.16,4.58,0.9921,3.02,0.98,6
8.55,3.84,7.95,0.9951,3.15,1.09,7
14.12,1.7,4.53,1.0048,3.26,0.81,7
8.12,9.81,3.47,0.991,3.96,1.13,6
11.29,6.66,6.71,0.9998,3.72,0.36,5
12.86,4.4,3.15,1.0034,2.92,0.75,5
11.06,8.41,5.59,0.9979,3.41,1.47,5
11.6,7.0,3.74,1.0015,3.42,0.73,3
10.19,6.98,7.3,0.994,2.95,1.27,5
8.39,9.79,8.0,0.9987,3.08,0.88,7
14.51,5.12,5.62,1.0042,2.98,1.12,6
13.33,4.77,5.09,0.9942,3.79,0.42,6
10.59,8.67,5.88,0.9939,3.45,1.16,5
10.29,5.95,3.29,0.9977,2.8,0.42,3
12.64,1.56,7.96,1.0017,2.97,0.68,8
8.31,9.5,3.04,0.9906,3.45,0.64,5
13.2,0.94,7.86,1.0002,3.52,1.49,9
8.93,5.29,4.02,0.9915,3.88,0.6,4
12.6,1.88,5.95,0.9963,2.9,0.81,8
13.1,8.19,8.23,1.0013,3.78,0.58,8
9.13,6.34,7.56,0.9996,3.15,1.12,5
8.5,4.34,3.51,1.0033,2.97,0.61,3
10.02,3.78,5.23,1.0023,3.97,0.78,5
9.8,3.08,7.96,0.9936,2.84,1.08,5
10.73,0.93,7.7,1.0023,3.2,0.83,6
13.2,6.24,8.49,0.9907,2.86,1.11,7
11.58,9.42,3.35,0.9965,3.21,1.13,4
10.91,8.73,6.43,1.003,2.87,0.58,3
10.06,3.87,8.27,0.9924,3.72,0.53,6
14.88,3.92,3.99,0.9984,3.17,0.43,8
11.58,4.56,7.34,0.9976,3.71,0.97,7
8.44,5.81,3.32,0.9966,3.34,1.02,6
13.88,1.86,7.27,1.0004,3.75,0.46,8
9.63,9.3,7.79,0.9998,2.93,0.66,4
9.22,2.82,4.58,1.0036,3.73,0.73,4
8.82,4.21,8.48,1.0043,3.12,1.45,6
14.99,9.86,8.84,0.9976,2.81,0.58,7
14.07,2.65,3.7,0.9975,3.87,0.93,7
9.07,8.85,7.62,0.9933,3.81,0.41,5
8.87,3.82,3.81,0.9963,3.64,1.27,5
14.89,1.83,7.87,0.9933,3.49,1.25,8
13.69,8.21,3.83,0.9982,3.36,0.93,8
14.1,7.82,8.14,1.0037,3.49,0.83,9
13.81,2.26,5.52,0.9977,3.75,0.55,9
9.69,6.07,4.31,1.003,3.89,1.26,6
11.8,7.19,7.25,0.9923,3.16,1.29,5
14.61,6.04,5.25,0.9975,2.84,0.54,6
14.41,4.68,4.81,0.9957,3.2,0.63,7
13.4,4.7,7.79,0.9972,3.29,0.73,8
13.14,8.67,8.86,0.9952,3.0,1.05,6
10.97,6.47,5.06,0.9983,2.86,1.36,4
13.33,4.79,8.27,0.9908,3.97,0.93,9
11.18,0.86,5.26,0.9939,3.87,0.41,6
11.34,5.15,4.03,0.9949,3.44,1.23,6
11.29,7.44,3.28,0.9949,3.14,1.21,5
13.11,9.08,8.38,1.0,3.37,1.49,8
14.23,4.33,4.83,0.9944,3.58,0.35,6
14.94,1.67,8.27,0.9954,3.62,1.41,9
8.01,7.28,3.52,0.999,3.51,0.68,4
13.99,5.0,3.25,0.9942,3.05,0.46,7
12.62,3.99,3.31,0.9943,3.42,0.99,9
10.49,9.41,7.42,0.995,3.54,1.3,6
14.27,6.2,4.36,0.9989,3.0,1.3,7
13.74,7.93,8.52,0.9925,3.64,0.76,7
12.54,3.59,5.45,0.9992,3.21,0.83,10
8.93,9.74,7.8,0.9983,3.6,0.54,4
11.83,6.91,3.87,0.9905,2.9,1.42,5
14.19,7.2,7.08,0.996,3.3,0.46,7
12.95,0.52,4.7,0.9926,3.65,1.01,9
9.93,2.0,8.17,0.9949,3.4,1.14,7
12.6,4.77,6.47,0.9956,3.29,0.61,7
13.87,0.56,6.0,1.0018,3.24,0.71,9
9.01,2.28,4.53,1.0019,2.95,0.37,4
10.26,5.84,7.54,0.9928,3.57,1.38,5
12.88,8.42,4.37,0.9979,3.35,1.36,8
9.94,6.39,6.36,1.0008,3.32,0.65,6
9.9,4.05,6.65,0.9959,3.13,0.52,5
12.62,6.76,7.3,1.0012,3.99,0.86,8
11.69,7.06,8.94,0.9937,3.98,1.07,6
14.87,4.37,4.64,0.9934,3.34,0.65,7
11.91,1.9,5.31,0.9979,3.78,1.34,7
10.39,8.93,8.57,0.9956,3.46,0.4,6
13.42,7.48,7.73,0.9967,3.17,1.17,9
11.83,4.07,6.45,1.005,2.97,0.8,4
8.89,3.82,5.72,0.9918,3.59,0.59,5
9.63,3.53,5.37,0.994,3.03,0.69,6
9.8,3.63,5.34,0.9929,2.95,0.78,6
11.84,8.97,3.16,0.9965,3.91,0.57,4
9.96,8.4,7.78,0.9991,3.55,0.85,5
13.76,8.99,8.16,0.991,3.88,0.94,7
14.89,2.46,8.81,0.9938,2.83,1.04,7
10.57,1.36,4.38,0.999,3.02,0.73,5
12.78,7.54,5.08,0.9917,3.33,0.8,7
12.03,4.93,7.01,0.9971,3.27,1.02,7
13.09,3.6,3.82,1.0048,3.08,1.21,8
12.19,5.62,5.94,0.992,3.48,1.4,9
9.62,4.31,7.48,0.9917,3.97,0.32,4
12.47,0.61,3.42,0.9978,3.62,1.32,7
8.52,4.9,8.07,1.0043,3.53,1.44,6
11.1,6.43,5.08,0.99,3.18,1.24,5
9.35,0.71,6.85,0.9922,3.62,1.3,8
13.74,4.68,7.82,1.004,3.85,1.03,8
9.39,6.03,3.11,0.9989,3.31,0.41,4
11.46,9.05,6.32,0.9924,2.81,1.08,4
9.95,8.04,3.8,0.9934,3.61,0.91,5
13.87,4.25,4.13,1.0007,3.92,0.97,7
12.75,5.92,5.0,1.0017,3.49,0.63,5
8.45,5.4,7.12,0.9902,3.95,1.44,5
10.77,2.2,7.25,1.0012,3.32,0.63,6
9.53,8.28,4.56,1.0027,3.59,1.15,5
8.4,4.03,5.25,0.9979,3.99,0.67,5
11.0,4.43,6.47,1.0032,3.87,0.67,4
14.6,2.97,4.59,0.9987,2.81,0.65,7
14.37,4.01,6.73,1.0004,2.93,0.49,7
14.06,5.98,7.97,0.9962,3.04,1.29,8
9.86,2.98,8.29,0.9942,3.41,1.26,8
8.23,7.94,8.08,1.0012,3.96,0.81,6
13.0,1.88,3.9,0.9935,2.88,0.47,5
10.32,4.31,6.91,0.9952,2.87,1.46,4
14.29,6.24,3.37,0.9916,3.97,1.07,7
10.43,4.08,3.67,0.9998,3.52,1.38,6
12.4,3.56,7.4,1.002,3.81,1.41,9
10.57,3.1,5.04,1.0009,3.9,0.76,5
8.61,3.37,4.93,0.992,3.18,0.65,5
14.79,5.41,4.76,1.0042,3.0,0.34,6
9.94,4.4,8.68,0.9985,3.58,0.48,6
8.26,5.37,4.37,1.0022,3.21,0.42,3
9.11,3.65,8.47,1.0043,3.05,1.13,8
10.59,4.58,7.94,0.9992,3.34,1.48,6
13.88,5.61,3.12,1.0045,3.13,0.88,6
9.21,9.37,8.15,0.9938,3.06,1.38,6
14.9,3.87,3.29,0.9956,2.95,1.1,8
10.69,5.71,8.52,0.9954,3.32,0.48,4
9.77,6.36,6.74,0.9994,3.35,1.0,6
10.6,0.58,3.57,0.9928,3.23,0.78,4
8.66,0.63,3.79,0.9989,3.34,0.55,4
11.68,7.64,3.67,0.9981,3.62,1.4,4
14.93,3.37,7.86,1.0033,3.17,1.28,9
13.37,9.45,4.19,1.0001,3.53,1.19,6
8.71,2.16,4.78,1.0005,3.68,0.61,6
9.95,1.76,5.54,0.9978,2.86,1.42,6
10.9,4.36,3.44,0.9916,3.57,0.47,4
11.37,5.82,5.04,0.9924,3.51,1.32,6
9.5,8.72,6.53,0.9975,3.09,0.4,6
14.93,0.97,5.19,0.9993,2.84,0.92,7
14.11,6.67,3.15,0.9927,3.11,0.52,5
13.25,1.51,6.1,0.9908,3.69,0.71,9
12.81,1.62,8.47,1.0049,3.07,0.79,9
12.26,5.93,7.25,0.9947,3.51,1.33,8
11.94,1.8,6.68,0.9985,3.55,1.03,8
14.73,1.31,7.72,1.0003,3.13,1.43,9
9.99,2.75,7.79,0.9946,3.46,0.79,7
12.42,5.78,7.07,0.9996,3.81,1.19,9
10.49,1.54,3.17,1.0042,3.18,0.84,7
12.7,5.14,7.67,0.9983,3.61,1.25,9
14.27,6.88,7.31,0.9901,3.36,0.67,7
9.38,2.54,8.3,0.9919,3.4,1.1,7
12.81,8.81,5.67,0.9974,3.46,0.71,8
14.96,9.6,6.85,1.0001,3.26,1.43,9
13.39,7.12,3.2,0.9937,3.12,0.32,6
11.19,9.35,4.7,0.9931,3.22,1.33,5
8.31,6.3,5.96,0.996,3.61,0.68,4
14.79,1.57,7.66,0.9956,3.17,0.39,7
14.13,3.46,7.21,0.992,3.57,0.57,8
12.85,6.26,4.87,0.9992,3.03,1.17,7
12.82,8.71,5.61,0.9916,3.73,0.38,7
10.49,8.9,3.26,1.0049,3.89,1.35,5
12.75,6.09,5.54,0.9987,3.71,1.34,8
10.24,5.1,4.2,1.0001,3.22,1.02,4
11.84,9.32,8.05,0.9916,3.85,1.16,6
9.69,3.9,6.76,0.9935,3.75,0.54,6
14.26,6.33,8.64,1.0008,3.1,1.28,9
9.73,5.0,3.79,0.9938,3.68,1.26,6
10.13,6.16,4.13,0.991,2.84,1.2,4
11.27,5.43,5.05,0.9957,3.92,1.16,6
8.04,3.14,8.44,0.9917,2.97,0.59,5
12.28,4.55,4.65,0.9991,2.83,1.14,7
11.72,6.77,3.04,1.0033,3.36,0.88,6
8.4,5.82,3.14,1.0042,2.86,1.36,5
12.3,2.47,4.34,0.9912,3.55,1.18,9
14.78,5.68,3.67,1.0012,3.37,0.59,5
12.97,8.87,4.58,1.0031,3.11,1.38,8
12.26,5.96,4.86,0.9974,2.88,1.49,6
14.36,0.77,3.3,1.0014,3.59,1.12,7
12.29,2.15,4.73,0.9945,3.91,0.88,7
14.48,1.14,6.25,1.0036,3.97,1.23,10
11.47,7.73,5.66,1.0037,3.62,0.59,4
14.62,9.64,7.04,1.0035,3.33,0.96,8
10.17,4.41,4.67,0.9941,2.86,0.46,3
10.46,4.54,5.18,1.0037,3.27,1.43,7
13.75,3.04,6.6,1.0012,3.29,1.03,8
9.22,9.61,7.61,1.0005,3.77,0.37,6
13.96,6.18,7.65,0.9939,3.74,0.98,7
8.58,1.57,5.47,0.9925,2.83,0.87,7
9.0,5.15,8.4,0.9971,3.42,1.21,6
8.58,1.75,8.98,0.9991,3.68,1.36,7
9.0,1.9,7.26,0.9966,3.6,0.77,5
8.1,7.16,5.2,0.9959,3.76,0.46,4
13.69,5.8,7.78,0.9948,3.24,1.47,7
13.36,0.59,8.95,1.004,3.33,0.6,8
10.97,1.03,8.31,0.9971,3.24,0.77,5
9.04,3.81,3.35,0.9987,3.35,0.39,6
14.54,5.12,5.85,1.0047,3.43,0.4,8
12.23,7.15,4.78,0.9905,3.46,0.68,7
12.33,7.67,4.79,0.9917,3.71,1.28,6
14.17,3.01,3.28,1.0,2.99,0.52,6
13.7,6.42,5.79,0.9925,3.87,0.33,7
9.82,3.85,8.8,1.0019,3.98,1.15,8
13.69,8.92,8.29,0.9989,3.39,0.76,7
11.69,9.98,3.29,1.0035,3.01,0.88,6
8.77,5.81,8.0,1.0019,3.77,0.52,5
8.16,7.2,3.79,0.9936,2.92,0.86,3
14.45,1.85,7.63,0.9921,3.06,1.16,9
11.77,3.63,3.8,0.9955,2.85,0.86,5
13.41,2.92,5.48,0.9989,3.32,0.45,9
13.81,3.3,6.48,0.9953,3.4,0.93,9
8.47,8.88,6.94,0.9909,3.74,1.35,6
13.67,9.34,7.68,0.9977,3.62,1.0,8
8.16,2.06,8.26,0.9924,3.81,0.52,5
14.6,5.81,4.34,0.9948,2.86,1.48,7
11.25,2.71,5.1,0.9945,3.13,0.5,6
14.83,4.86,5.09,1.0032,3.93,0.83,8
9.42,7.41,6.64,0.9954,3.06,0.88,7
12.96,1.72,6.02,0.9916,3.62,1.44,10
14.17,4.06,8.19,0.9973,3.56,1.37,9
13.66,5.75,3.19,0.9921,2.96,0.89,6
14.78,0.8,6.4,0.9983,2.99,0.97,8
9.42,2.86,4.04,0.9945,3.89,1.06,6
11.06,3.44,5.18,0.9956,3.85,0.79,5
13.19,6.79,8.47,0.9943,3.94,0.82,9
8.78,3.62,6.15,0.9924,3.68,0.35,5
12.48,3.89,8.99,1.0032,3.46,1.36,10
13.18,3.79,8.62,0.9937,3.71,1.26,9
8.18,5.24,6.33,0.9945,3.45,0.96,6
12.95,6.09,5.63,0.9953,3.67,1.07,7
12.92,9.95,6.31,0.9946,3.54,1.41,9
8.22,4.84,3.43,0.9981,3.62,0.71,4
11.98,8.67,5.82,1.0023,3.77,1.29,6
13.57,0.96,4.08,1.002,3.67,1.26,8
14.77,1.93,8.4,0.9904,3.08,0.61,7
13.63,9.13,3.84,0.9914,4.0,1.02,6
14.39,0.71,4.28,1.0045,3.96,1.33,8
8.62,7.74,5.46,0.9965,3.49,1.12,6
13.04,3.01,7.21,1.0035,3.05,0.43,8
9.12,7.98,6.74,0.9969,3.23,1.49,6
14.86,7.46,8.74,0.9959,3.61,0.49,8
11.24,0.9,7.05,1.0039,3.66,1.09,8
14.62,4.84,8.55,1.0012,3.49,0.72,6
9.9,5.97,7.56,0.9926,3.67,1.29,5
10.99,6.1,3.82,0.9912,3.81,0.86,6
10.34,4.54,5.8,0.9958,3.07,1.36,5
15.0,5.03,7.32,1.0029,3.15,0.76,6
9.78,0.98,5.53,1.0009,2.81,1.11,5
12.29,5.87,3.62,0.9976,3.41,1.27,8
8.22,0.81,7.7,1.0026,3.15,0.85,6
13.91,7.35,7.54,0.9992,3.93,1.23,8
9.15,7.43,4.33,1.0,3.25,1.04,4
14.44,9.33,3.74,0.9931,3.09,0.39,5
11.78,5.47,8.19,0.9992,3.71,0.71,5
9.53,0.55,7.29,0.9906,3.86,1.12,6
13.4,9.81,8.44,1.0044,3.13,1.06,7
12.95,3.68,7.11,1.0041,3.64,0.61,8
9.09,2.6,5.91,0.997,3.78,0.47,5
11.65,8.85,5.98,1.0046,3.43,0.32,6
8.45,4.89,4.64,0.9932,3.54,0.55,5
8.47,0.9,5.36,1.0035,3.76,0.42,5
14.51,8.24,4.79,0.9983,3.53,0.65,6
13.08,3.65,5.64,0.9926,3.97,0.34,7
14.21,6.85,4.36,1.0031,3.58,1.26,7
10.1,2.8,5.54,1.0032,3.06,0.32,6
9.12,1.44,7.13,0.9989,3.31,0.73,7
9.34,1.23,5.61,0.9941,3.6,1.08,6
8.45,8.95,3.45,0.9952,3.53,1.23,4
8.47,2.62,8.73,0.9913,3.32,0.86,7
12.55,5.53,5.23,0.9903,3.78,1.03,8
9.28,2.62,6.15,1.0009,3.29,0.66,7
8.66,3.6,5.39,0.9976,2.87,0.61,4
10.45,8.49,6.81,0.9947,3.31,1.0,6
13.48,1.74,5.43,1.0025,3.98,1.25,8
12.09,2.97,5.2,0.993,3.25,1.23,10
12.67,5.32,8.0,0.9995,3.74,0.44,7
8.98,5.67,7.6,0.9989,3.24,1.42,6
14.28,7.73,8.63,1.0005,3.93,0.61,7
11.36,6.33,6.41,1.0026,3.74,1.31,7
12.85,5.16,3.65,0.9977,3.19,0.76,7
10.34,1.87,8.24,1.0039,3.64,0.79,5
8.21,5.49,6.04,0.993,3.21,1.32,5
12.55,6.91,8.76,0.9979,3.93,1.21,8
8.2,5.26,6.15,0.9935,2.88,1.09,6
14.69,3.89,4.37,1.0038,3.02,0.37,8
13.0,9.85,4.56,1.0012,3.89,0.43,6
13.9,7.37,3.42,1.0002,2.81,0.79,4
9.48,4.08,3.2,0.9982,3.54,1.12,4
10.21,9.89,4.12,1.0035,3.8,0.7,3
9.16,5.85,6.08,1.0046,2.81,0.47,3
11.94,9.37,7.28,0.9935,3.51,1.06,5
13.36,6.8,4.92,0.994,3.2,1.16,6
9.46,7.31,5.33,0.9994,2.82,0.88,6
14.18,9.88,6.95,1.0004,3.2,1.37,8
14.35,1.27,5.38,0.991,3.12,0.46,7
10.26,3.83,3.78,0.9912,3.34,0.8,5
13.57,4.35,4.16,0.998,3.83,0.42,6
8.45,9.83,5.22,0.9964,3.04,1.02,5
9.82,0.61,7.62,1.0042,3.57,1.08,8
9.81,5.36,6.26,0.9929,3.02,0.74,6
9.13,7.0,4.86,0.9957,3.08,0.33,3
13.22,2.62,6.95,0.9913,2.82,1.03,9
12.65,1.71,8.54,0.9964,3.4,0.91,10
13.88,8.67,7.36,0.9957,2.82,1.18,6
11.33,7.43,6.82,1.0037,3.35,0.64,4
11.11,2.67,8.72,1.003,3.84,1.12,6
13.28,5.58,5.4,0.9971,2.96,0.8,6
10.7,5.39,6.5,0.9901,3.33,0.86,6
12.96,2.02,3.89,1.0002,3.34,0.43,6
13.01,1.82,4.31,0.9944,3.33,0.56,7
10.71,7.57,4.04,0.9979,3.75,1.09,6
9.6,4.65,7.9,1.0048,3.62,0.94,7
11.98,3.64,5.06,0.9965,3.32,0.36,6
10.4,9.4,5.12,1.0,3.98,0.44,6
9.9,1.66,7.26,0.9983,3.06,1.2,6
10.26,9.88,3.99,0.9912,3.23,0.65,4
14.89,4.83,8.4,0.9979,2.84,0.78,5
13.84,7.88,4.99,0.9981,2.85,1.17,6
11.38,1.8,8.09,1.0041,3.27,1.37,8
8.72,5.75,5.24,0.9933,3.24,0.38,5
13.99,6.88,4.91,0.9908,2.89,1.25,5
8.57,6.0,7.75,0.9954,3.55,0.58,5
13.24,7.07,8.36,0.9926,3.76,0.33,6
10.36,7.19,4.83,1.0009,3.0,0.97,4
9.2,4.15,7.19,0.9951,3.61,0.82,5
14.13,1.42,8.11,0.9901,3.08,0.69,7
8.89,1.01,6.14,1.0023,3.68,0.88,7
10.51,0.57,7.26,0.9926,3.35,0.44,5
14.97,9.63,5.81,0.9994,3.82,0.9,9
10.52,3.02,6.77,0.9927,3.08,1.49,8
11.51,2.64,7.92,0.9959,3.95,0.66,6
12.57,4.16,8.83,1.0003,3.04,0.56,7
13.5,4.05,4.05,1.0041,2.85,1.24,7
11.13,8.69,5.78,0.9978,3.33,1.48,5
9.9,8.67,8.59,0.9917,3.07,0.33,5
14.38,1.46,7.0,1.0008,3.89,1.29,10
11.35,3.83,6.56,1.0036,2.9,0.52,5
13.69,5.56,3.12,1.0012,3.2,0.86,8
11.94,3.16,6.51,0.9942,3.63,0.4,7
9.73,5.7,3.34,0.9967,3.65,0.76,3
13.57,3.58,7.64,0.9905,3.2,1.12,8
8.24,6.51,6.83,0.9968,3.84,1.33,5
11.89,6.88,6.08,1.0022,3.28,0.86,5
14.95,1.19,4.54,1.0011,3.51,1.03,8
11.21,2.97,5.78,0.9936,3.74,0.6,5
13.94,4.29,5.6,1.0044,3.64,1.11,7
14.86,2.11,7.8,0.9975,3.5,1.24,10
9.83,8.62,3.46,0.9939,3.52,1.49,6
12.68,6.71,8.49,0.9962,3.05,0.91,7
14.99,8.61,6.44,1.0004,3.72,0.31,8
8.72,8.79,8.65,0.9961,3.93,1.02,7
11.15,9.18,5.61,0.9952,3.33,1.21,5
11.47,8.77,7.06,0.9913,3.28,1.29,6
8.83,3.74,3.81,1.0008,2.99,0.97,5
11.73,6.78,6.44,0.9945,3.7,0.42,6
11.45,8.36,8.37,0.9933,3.74,1.15,6
9.22,6.26,5.13,0.9955,3.36,1.22,7
8.81,5.17,7.84,0.9918,3.28,0.45,6
9.17,6.75,5.69,0.9962,2.87,0.76,5
10.28,8.77,7.42,0.9957,3.77,0.93,5
13.92,9.18,5.87,0.9948,3.08,0.84,7
11.52,8.54,3.19,1.0015,3.11,0.77,4
11.62,4.32,4.74,0.9907,3.93,1.21,5
13.73,1.13,7.82,0.9971,3.7,0.74,9
8.35,0.8,6.46,1.0021,3.48,1.1,7
8.51,5.62,6.73,0.9981,3.23,1.44,7
13.52,3.53,4.21,0.9913,3.98,1.16,8
9.75,9.94,8.88,0.9944,3.88,0.41,4
9.69,2.7,5.81,0.9998,3.07,0.96,6
12.21,6.07,8.72,0.9959,3.52,0.69,6
8.08,7.82,6.51,1.0039,3.53,0.91,6
13.85,7.98,8.77,1.001,3.56,0.68,8
12.19,9.85,7.97,1.0004,3.61,1.14,7
8.72,4.76,8.35,0.9958,3.88,1.47,6
10.17,7.01,7.43,0.9915,2.97,0.55,3
13.67,4.95,7.68,0.9977,3.02,1.46,8
11.54,7.45,6.38,1.0037,2.99,0.7,3
11.66,3.38,4.32,0.9973,4.0,0.42,4
14.47,6.6,6.79,0.9952,3.68,0.51,6
8.22,9.92,3.88,0.9969,3.76,1.06,5
10.77,4.06,6.68,0.9984,3.89,0.94,6
9.76,1.7,3.63,0.9942,3.27,1.04,5
9.64,6.47,3.62,0.9931,3.37,0.94,4
12.98,6.19,7.85,0.9968,3.46,1.28,7
10.45,3.49,7.46,1.0038,3.8,0.92,7
13.96,8.39,7.31,1.0034,3.97,1.41,8
11.36,1.47,3.63,0.9924,2.95,1.1,6
9.55,7.12,8.58,1.001,3.6,0.76,4
10.55,2.34,6.4,0.9996,3.29,0.52,6
13.2,7.68,7.83,0.9986,2.92,1.42,7
12.15,4.37,5.46,1.0012,3.85,0.43,7
10.22,3.47,5.41,0.9926,2.94,0.98,7
14.41,4.57,5.72,0.9998,3.25,0.49,8
13.87,6.91,6.25,0.9986,3.53,0.45,8
10.29,9.88,5.59,0.9936,3.66,0.4,4
13.5,3.29,8.14,0.9974,3.13,1.26,8
12.67,8.64,7.67,0.9988,2.91,0.44,6
10.25,9.07,4.69,0.9905,3.26,1.01,4
10.73,3.61,6.71,1.0023,3.72,0.8,6
8.14,4.77,8.54,1.002,3.41,0.45,6
14.16,7.74,8.8,1.0048,3.21,0.66,6
11.95,9.73,3.35,1.0009,3.9,1.22,6
8.6,5.76,8.53,0.9959,3.74,1.34,5
12.46,5.01,6.41,1.0031,2.94,1.15,6
13.48,2.67,5.92,0.998,3.09,1.15,9
13.7,8.87,5.65,0.9995,3.01,1.14,9
9.33,3.4,7.41,0.9971,3.83,1.44,7
8.32,3.41,6.79,1.0044,3.13,0.4,6
13.18,5.72,4.73,1.0011,3.09,0.64,7
14.93,1.67,4.6,0.9922,2.95,0.34,6
13.44,2.01,4.47,0.9932,3.67,0.53,7
11.54,9.88,6.54,0.998,3.24,1.01,7
11.57,7.84,6.27,0.9901,3.5,1.04,7
10.27,2.58,3.55,0.9962,2.98,0.75,4
9.52,8.21,5.13,0.9983,2.99,1.17,4
13.13,7.82,5.58,0.99,3.24,1.03,7
10.32,4.13,8.98,1.0022,3.16,0.46,5
8.9,3.12,6.37,0.9954,3.13,0.74,6
8.14,1.0,6.02,0.9978,3.56,1.26,8
13.19,5.44,5.42,1.0014,3.3,1.33,7
12.8,4.3,4.57,0.9945,3.74,1.12,6
13.08,6.32,8.89,0.9976,3.1,1.27,8
8.77,8.44,6.49,1.0026,2.9,1.47,5
11.7,6.54,6.86,1.0049,3.6,0.98,7
10.0,9.02,5.17,0.9968,3.02,0.55,6
12.61,5.64,4.99,0.9974,3.56,0.7,6
14.19,9.29,3.23,1.0033,3.31,1.3,6
12.5,0.88,8.83,0.9993,3.42,0.86,8
14.65,3.3,4.91,1.0035,3.32,1.34,7
10.41,5.72,3.19,0.9923,3.39,1.3,5
14.7,2.04,4.99,1.0005,3.35,1.4,9
10.89,2.61,7.81,1.0039,2.93,0.66,6
14.12,8.98,3.64,0.9939,3.37,0.78,7
13.21,1.9,7.58,0.9989,3.89,1.39,8
11.85,3.41,8.78,1.0021,3.1,1.09,8
11.93,1.41,4.78,0.995,3.06,1.1,7
14.43,4.85,3.73,0.9928,2.99,0.85,5
9.37,5.22,8.27,0.9923,3.1,0.63,4
14.16,2.91,4.34,0.9949,2.84,0.9,7
13.55,3.74,4.09,1.0001,3.72,0.64,6
12.37,6.26,7.45,1.0009,2.86,0.92,7
8.04,8.5,6.72,0.9971,3.12,0.64,5
10.81,5.36,7.89,0.9927,3.65,0.84,7
12.74,7.91,7.23,1.0013,3.98,0.65,7
14.36,2.63,6.03,0.9931,3.83,1.26,8
8.8,1.93,4.71,0.9928,3.83,0.47,5
13.71,3.13,8.35,0.9913,3.07,0.75,7
14.72,4.15,5.88,0.9929,3.24,1.31,8
13.95,2.5,7.2,1.0032,3.2,0.6,8
9.47,3.89,3.21,0.9917,3.17,1.18,7
8.23,2.62,7.98,0.9942,3.65,1.49,7
12.22,9.01,4.27,0.9925,3.1,0.94,8
9.42,0.89,5.49,0.9967,3.96,0.39,6
10.86,5.4,3.12,0.9982,3.67,1.1,4
11.2,8.98,3.26,0.9909,3.45,0.44,4
8.05,3.94,6.35,0.9991,3.89,0.78,7
10.19,2.92,8.91,0.9935,3.79,1.39,7
14.92,4.52,8.71,1.0009,3.63,0.39,8
13.06,9.06,3.78,0.9953,3.9,1.26,8
11.82,3.7,6.08,0.9969,3.54,1.07,7
10.65,1.71,5.05,0.9983,3.46,0.66,7
8.7,3.22,8.33,0.9984,3.57,1.35,6
8.79,8.75,5.37,0.9987,3.66,0.58,5
10.99,2.16,5.33,1.0037,3.02,1.29,6
8.74,5.62,5.48,0.9996,3.91,0.73,6
8.45,8.69,8.92,0.9919,3.86,0.57,6
13.66,1.17,3.5,0.9901,3.12,1.29,8
13.33,4.39,4.25,0.9923,3.57,1.24,6
14.67,2.03,5.67,0.9958,3.79,1.33,10
9.45,8.97,8.97,0.9913,3.87,0.7,6
8.28,6.7,6.28,0.9968,3.73,0.62,6
9.96,9.87,6.62,0.9977,3.35,1.25,5
13.88,5.81,3.25,1.0019,3.82,1.3,8
9.49,5.81,7.11,0.9933,3.99,0.54,4
9.09,0.93,6.63,1.0049,3.13,0.99,7
8.88,7.96,8.27,0.998,3.34,1.34,6
8.5,7.13,8.76,0.9905,3.55,1.09,6
13.68,7.34,4.44,0.9935,3.1,1.17,8
10.16,0.95,6.55,0.9941,2.94,1.03,5
14.55,1.96,8.7,0.9906,3.03,0.92,10
10.66,9.91,7.0,1.0038,3.15,1.41,5
12.1,1.03,4.37,0.9969,3.57,0.87,7
9.38,2.34,3.16,0.9913,3.26,1.07,5
12.86,9.46,6.13,1.0016,3.0,0.64,7
9.7,4.06,7.9,1.0009,3.44,0.92,7
12.95,4.21,6.21,1.0013,3.48,0.7,7
8.65,8.09,6.89,0.9966,3.1,0.71,5
10.91,1.4,7.39,0.9956,3.32,1.4,8
14.78,5.62,7.85,0.9986,2.95,1.41,7
11.36,8.22,5.11,1.0045,3.04,0.69,5
11.81,3.77,7.61,0.9921,2.81,0.99,6
10.9,9.13,5.64,0.9983,3.86,1.39,5
13.96,8.54,8.18,0.9993,2.98,1.12,8
9.48,7.29,4.6,1.0021,3.78,1.28,5
14.11,8.21,5.7,1.0034,3.54,0.97,7
13.38,0.63,3.29,0.9914,3.6,1.36,8
9.93,1.45,5.65,0.9992,2.93,1.29,7
8.89,6.25,8.23,0.9968,3.62,1.41,5
9.2,7.2,4.68,1.0028,3.34,0.52,5
8.06,3.18,8.26,0.9929,2.86,0.58,4
13.7,1.37,7.23,0.9996,3.67,0.76,9
9.85,4.73,3.65,1.0025,3.63,1.1,5
9.73,1.48,7.58,1.0045,3.95,0.4,6
12.78,2.58,6.25,1.0024,3.88,0.75,8
14.67,6.06,6.24,0.9958,2.93,0.41,6
13.88,2.17,7.72,1.004,2.86,1.02,9
12.54,4.83,8.63,0.998,3.33,0.87,7
11.64,8.8,3.69,0.9998,3.58,0.97,4
13.01,1.78,3.7,1.0038,2.9,0.7,6
12.79,7.34,8.18,1.0029,3.04,0.98,9
11.07,4.47,3.34,0.9931,3.48,0.92,6
9.42,6.48,8.35,1.0024,2.93,1.07,5
12.14,1.84,4.81,0.9905,3.51,1.39,8
9.27,1.27,5.71,0.9904,3.79,1.06,7
10.6,5.91,6.44,0.9932,3.09,0.57,5
11.32,4.22,4.66,0.9999,3.87,1.43,5
8.45,7.11,4.61,0.9967,3.63,0.93,6
10.51,9.76,8.38,0.9911,2.95,1.44,5
13.96,8.53,8.84,0.9902,3.91,0.34,8
14.98,5.74,3.42,0.9978,3.19,0.84,6
11.09,7.85,7.43,0.9953,3.26,0.47,5
11.64,4.35,6.39,0.9995,3.14,0.55,4
14.47,9.28,5.3,0.9953,3.04,1.03,9
9.93,7.55,3.25,1.0041,3.77,1.13,5
9.37,3.32,7.47,0.9978,3.32,0.9,6
9.8,8.22,6.24,0.9971,3.34,0.47,4
13.78,2.73,4.11,1.0045,3.08,0.89,7
14.7,6.92,6.13,1.0008,2.87,1.42,6
13.85,1.21,3.24,0.9902,3.25,0.97,7
8.95,8.19,5.43,0.9916,3.6,1.42,5
11.04,6.94,5.77,0.9983,3.16,0.49,5
12.33,2.01,6.14,1.0004,3.69,1.16,9
10.3,3.28,7.99,0.9958,3.1,1.19,7
14.24,1.84,5.06,0.9954,2.87,1.3,8
13.52,5.49,5.37,1.0017,3.56,1.12,9
13.49,3.47,8.13,0.9909,3.18,0.75,8
9.6,4.71,3.79,1.0032,3.44,0.69,4
9.78,9.2,8.6,0.9989,2.99,0.95,5
10.53,9.78,6.93,0.9979,3.73,1.25,5
13.79,6.66,5.47,0.9931,3.2,0.81,7
9.6,7.62,5.59,0.9964,3.58,0.99,5
13.93,3.49,6.82,1.0028,2.82,1.28,9
8.51,4.12,8.67,0.9928,3.42,0.58,4
10.58,3.97,6.63,0.9946,3.33,0.44,6
14.34,4.01,8.96,1.0024,3.13,0.91,9
9.08,7.19,7.47,0.9939,2.94,0.38,4
14.54,1.05,5.56,0.9954,3.96,1.06,8
10.81,0.8,3.51,0.9907,3.33,0.64,4
14.87,5.28,3.41,1.0023,3.19,0.74,6
12.54,3.29,6.82,1.0012,3.86,0.88,10
12.73,8.21,5.36,1.0012,3.04,0.64,7
12.09,7.08,6.47,0.9903,3.52,0.42,6
9.11,6.71,4.82,0.99,3.2,1.24,6
14.27,3.4,4.54,0.9975,3.95,0.73,8
9.99,2.94,6.63,0.9996,3.1,0.68,7
12.42,0.73,7.17,0.9978,3.58,0.38,8
10.31,5.14,6.62,0.9961,2.95,1.37,4
12.06,2.64,5.78,0.9983,3.92,1.12,10
13.48,2.7,4.42,0.9925,2.92,0.91,8
14.45,1.37,6.66,1.0004,3.51,1.11,8
11.16,2.36,6.27,0.9971,3.39,0.95,7
9.07,7.72,6.93,1.0029,2.9,1.18,5
14.79,1.89,5.35,0.9927,3.77,0.76,7
10.87,9.4,5.87,1.0012,3.37,0.37,4
12.82,5.03,5.84,1.0013,2.95,0.67,6
10.68,9.36,5.66,0.9928,3.26,0.8,5
10.5,2.92,6.58,0.9963,3.96,0.54,7
11.3,2.71,7.93,0.9906,3.23,1.31,6
8.25,4.67,6.12,0.9965,3.1,1.0,7
9.19,5.26,4.19,1.0044,3.91,1.22,4
10.92,1.72,6.37,1.0039,3.43,0.99,6
12.29,1.8,3.11,1.0007,3.22,1.32,7
14.93,2.52,4.98,1.0031,3.03,1.28,7
11.45,5.88,3.1,0.9923,3.65,0.49,5
13.86,9.63,6.6,0.9984,3.35,0.99,8
8.01,5.58,4.51,1.0021,3.08,1.26,4
10.49,9.57,6.51,0.9907,3.37,0.33,5
9.91,3.35,3.25,0.9954,3.51,0.83,7
9.38,1.03,4.34,0.9911,3.22,0.66,4
10.11,1.81,3.76,0.9944,3.24,0.98,5
9.77,6.89,4.35,0.9928,3.2,0.55,4
12.84,2.43,8.72,0.9972,3.19,0.79,8
11.21,6.67,5.24,0.9993,3.78,1.04,5
9.09,7.68,3.88,0.9903,3.18,0.82,4
11.89,5.79,3.5,1.0034,2.96,1.35,3
11.71,7.58,8.62,0.9966,3.78,0.54,6
8.26,1.27,5.6,0.9977,3.91,0.47,7
10.93,2.23,3.87,0.9972,2.92,0.38,3
13.63,9.28,6.89,0.9987,3.36,0.35,8
10.95,8.77,8.87,0.9961,3.52,0.53,5
14.64,4.71,7.56,0.9937,3.69,1.29,9
14.48,5.05,6.87,1.0016,2.88,0.87,8
11.58,6.47,7.68,0.9968,3.98,0.78,4
10.05,3.03,6.63,0.9994,3.73,1.39,6
11.16,9.96,3.71,1.004,3.04,1.18,6
13.15,9.66,4.05,1.0033,3.76,1.08,6
8.85,6.71,8.51,0.9939,3.2,0.44,6
9.07,8.87,5.04,0.994,3.33,1.05,7
13.79,9.12,8.98,1.0028,3.12,1.15,8
12.94,2.13,3.18,1.0038,3.66,0.86,9
8.4,3.92,5.08,0.9944,3.15,1.4,6
11.68,1.56,3.23,0.9951,3.76,1.06,7
11.48,9.87,5.17,0.99,3.66,1.21,6
9.25,1.91,5.81,0.9915,3.36,0.85,7
9.39,2.1,6.4,0.9934,3.45,0.43,6
12.62,7.28,4.65,0.9992,3.34,0.94,7
13.44,1.24,7.21,1.0004,3.98,1.37,8
9.7,8.38,3.61,1.0024,3.66,0.36,3
13.35,9.31,3.77,1.0026,3.67,0.54,7
8.41,8.65,9.0,0.9926,2.89,1.11,6
8.13,8.61,8.08,1.002,2.82,0.32,5
11.72,9.8,7.48,0.9957,3.84,0.58,4
10.26,6.34,5.65,1.0012,3.89,0.57,6
9.24,4.65,6.71,0.9966,3.2,1.25,5
13.67,4.32,7.59,1.0035,3.71,1.47,9
14.5,7.84,8.64,0.9963,3.18,0.93,9
11.3,7.33,3.62,0.9989,3.95,0.33,4
13.84,6.32,4.02,0.9919,3.2,0.91,6
14.38,2.45,4.01,0.9916,2.9,0.99,7
10.37,9.32,6.8,1.0031,3.87,0.43,6
12.25,3.82,4.43,1.0048,2.96,0.32,7
9.39,4.94,5.21,0.9957,2.95,1.24,4
12.28,7.33,4.24,0.9915,3.84,0.62,5
13.42,5.89,3.16,1.0028,3.17,0.54,7
13.64,6.49,6.57,0.9935,3.92,0.4,7
10.51,5.5,8.08,0.9998,3.52,0.38,5
8.89,3.07,7.39,1.0003,3.84,1.37,6
11.32,1.35,4.12,1.0025,3.57,1.22,6
14.31,2.98,7.01,0.9937,3.7,0.97,10
11.9,1.27,4.84,0.9976,2.88,0.96,5
13.67,0.98,3.08,0.9951,3.67,1.03,9
12.75,3.22,4.27,0.9927,3.26,1.31,7
8.72,2.46,5.84,0.9904,3.08,1.18,6
10.59,7.36,4.22,0.9918,3.64,0.5,5
13.73,3.23,3.07,0.9962,3.48,0.32,8
12.69,0.7,4.51,1.0027,3.72,0.64,7
13.79,1.41,8.88,0.9947,3.98,0.76,9
13.0,2.67,5.3,0.994,3.7,1.32,10
12.39,5.49,6.68,1.0014,2.99,1.03,8
12.94,2.53,7.34,1.0012,3.46,1.14,10
13.88,6.89,8.03,0.9942,3.04,0.56,6
8.66,5.3,3.5,1.0042,3.33,0.35,5
10.5,2.4,8.02,0.9909,3.69,0.91,8
14.74,6.84,4.79,0.9987,3.02,1.22,8
12.38,2.03,7.02,0.9987,3.08,0.46,7
12.43,5.82,6.53,0.9984,3.03,1.49,8
9.1,9.1,6.61,0.9941,3.53,0.85,6
12.98,0.58,8.85,1.0013,3.66,0.84,8
10.0,1.42,5.86,0.9925,3.27,0.76,7
11.44,3.04,3.99,0.9908,3.18,0.48,6
10.58,9.24,7.89,0.9939,2.89,0.34,3
8.39,2.9,4.14,0.9991,3.66,0.7,5
9.8,7.37,5.33,1.0016,3.98,0.5,6
14.94,1.02,5.19,1.0016,3.26,1.2,8
8.34,6.65,6.31,0.9962,3.7,0.33,6
13.24,9.08,8.76,1.0011,3.23,1.4,7
12.19,2.9,7.0,0.9946,3.77,0.96,10
12.41,7.05,5.05,0.9902,2.82,1.13,6
14.37,6.97,6.25,1.0004,3.02,0.64,6
12.69,8.07,3.88,1.0029,3.99,1.47,6
13.8,1.82,7.06,1.0025,3.49,0.61,7
9.73,1.26,3.4,0.9938,3.92,0.32,5
10.29,9.49,5.47,1.002,3.33,1.32,6
8.95,4.67,6.09,0.9993,3.21,0.61,6
10.31,7.75,7.71,1.0035,3.51,1.22,6
13.53,5.65,3.22,0.9905,3.68,1.47,6
13.44,8.33,8.47,0.9919,2.97,0.57,7
13.35,9.48,5.87,1.001,2.97,0.46,7
12.47,4.02,4.37,0.9994,3.99,1.34,7
12.67,2.62,4.64,0.9907,3.27,1.48,7
9.25,6.54,4.16,0.9955,3.08,0.74,3
11.08,2.73,6.93,0.992,3.59,0.49,5
11.73,4.45,5.64,1.0002,2.98,0.86,5
9.16,5.59,8.04,1.0033,3.88,0.54,6
11.5,1.74,5.91,1.0044,3.68,0.73,6
10.99,3.08,3.64,0.9929,3.97,0.4,4
14.05,1.31,7.52,0.9971,3.8,0.77,7
10.98,5.05,6.82,0.9971,3.42,0.77,6
11.76,9.96,7.2,0.9934,3.48,0.52,6
13.6,5.29,5.26,0.9933,3.73,1.07,8
14.51,3.24,3.19,0.9986,3.64,0.87,9
11.53,9.03,3.83,0.9944,3.57,0.48,4
10.75,8.93,8.69,1.0001,3.58,0.8,5
9.85,9.2,4.49,0.9989,3.86,1.23,6
12.77,8.72,4.09,0.9979,3.31,0.89,6
14.7,2.37,4.27,0.9988,3.54,0.49,7
14.09,5.24,4.68,0.9938,3.66,0.55,6
11.2,6.21,3.71,0.9906,3.83,1.39,6
9.71,4.64,3.13,0.9904,3.55,1.11,5
14.07,8.95,3.35,0.9947,3.37,0.96,7
13.75,6.32,3.13,1.0034,3.71,1.39,6
10.06,5.33,3.28,0.9927,2.99,1.31,5
14.08,2.23,4.67,1.0004,3.11,0.81,8
8.62,1.85,5.17,0.997,3.59,0.33,7
9.85,5.4,6.31,0.9958,3.58,0.38,5
9.72,1.61,6.34,0.9957,2.95,0.36,5
10.47,9.52,5.73,1.0003,3.57,0.84,7
13.01,6.63,5.03,0.9918,3.49,0.93,8
9.12,8.34,3.81,1.0035,3.28,0.87,5
14.65,5.69,4.5,1.0002,3.24,0.93,8
14.06,1.8,7.89,0.991,3.62,1.42,8
13.01,5.92,3.44,0.995,3.17,1.48,6
14.11,4.17,5.87,0.9948,3.47,1.37,8
9.59,8.62,8.76,1.003,3.6,0.79,4
12.11,4.01,3.52,0.9998,2.96,0.88,5
9.02,8.17,4.88,0.9921,3.99,1.45,5
8.34,9.35,7.06,0.9962,3.54,0.57,6
10.65,3.21,3.37,0.9976,2.93,1.0,5
11.01,1.94,6.37,0.9908,3.08,0.8,7
11.07,2.12,7.73,1.0048,3.95,1.1,6
12.7,4.1,7.75,0.9921,3.05,0.6,8
9.76,8.72,7.03,0.9982,3.22,0.68,6
9.67,5.05,8.04,1.0005,2.94,1.26,4
9.79,3.17,3.14,0.9967,3.37,0.83,6
8.99,6.04,4.15,0.9966,3.35,1.23,5
9.01,5.12,4.84,0.9949,3.95,1.43,4
9.18,8.34,4.03,1.0047,3.79,0.96,6
10.56,3.72,8.1,1.0011,3.83,0.3,5
11.59,8.18,3.18,1.0032,2.88,0.36,4
12.58,5.5,4.56,0.9983,2.91,1.08,6
8.66,7.39,8.52,0.994,3.42,0.95,6
12.42,3.61,3.91,0.9983,3.51,0.37,6
12.96,5.45,3.53,0.9928,3.25,0.87,7
8.75,7.71,7.7,1.0011,3.07,0.34,5
9.73,3.67,8.11,1.0004,3.57,0.56,5
8.6,3.76,3.97,0.9932,3.67,1.25,7
8.64,3.08,7.56,1.0003,2.87,0.85,5
8.19,6.74,7.46,0.9921,2.91,1.08,4
11.75,8.27,7.37,0.9956,3.75,1.12,5
10.02,8.67,7.02,1.0042,2.95,1.15,6
14.73,5.14,5.75,1.0012,3.74,0.63,6
13.3,8.99,6.3,0.9949,3.21,0.51,8
14.5,5.43,5.97,0.9901,3.43,0.68,6
8.32,8.26,3.23,0.9914,3.65,0.34,4
10.49,5.36,5.98,1.0021,3.28,0.4,6
9.73,1.08,9.0,0.9946,3.57,1.32,6
14.88,7.82,5.42,0.9991,3.95,0.69,6
9.78,7.61,6.02,0.9923,2.88,1.44,4
8.72,2.07,6.22,0.9937,3.22,0.38,6
13.63,9.34,6.49,0.9962,2.98,0.61,7
8.86,9.01,5.41,0.9988,3.49,0.96,5
14.15,9.68,8.24,0.9996,3.85,0.43,7
10.33,4.87,4.94,0.9923,2.93,1.06,3
9.93,5.91,5.31,0.9994,3.45,1.1,6
14.83,6.15,8.44,0.9992,2.81,1.2,8
12.33,5.19,5.47,1.0046,3.46,0.49,8
14.98,5.34,4.35,0.9947,3.31,0.37,7
11.18,9.74,3.14,0.9927,3.25,1.24,5
8.34,8.32,8.75,1.0048,3.55,0.95,5
8.85,1.15,3.08,0.9923,3.19,1.18,7
14.24,4.54,8.39,1.0023,3.37,1.11,9
10.73,8.66,7.56,1.0022,3.25,1.35,6
10.8,3.57,3.33,0.9925,2.86,0.62,5
13.7,5.56,4.02,0.9963,3.43,1.35,6
9.35,8.14,8.82,0.9983,2.98,1.19,6
10.02,5.32,7.74,1.0,3.11,0.32,6
13.73,9.98,6.53,0.9913,3.94,0.72,6
8.92,9.09,8.81,0.9939,3.08,0.81,5
8.31,5.3,8.78,1.0036,3.54,0.96,5
12.22,1.68,3.12,0.9965,3.22,0.81,9
9.47,4.92,6.55,1.0047,3.44,0.36,4
8.44,9.88,6.98,0.9965,3.48,1.11,6
12.79,7.3,5.17,0.9951,3.63,1.39,7
11.13,2.06,3.78,1.0047,3.44,1.12,6
11.31,9.08,3.41,1.0042,3.54,0.61,3
11.14,1.0,5.19,1.0017,2.85,0.68,6
14.37,1.44,6.03,0.991,2.97,0.97,9
13.64,3.71,5.23,0.994,3.83,0.93,10
9.53,7.11,7.65,0.9949,3.01,0.44,4
12.29,1.94,8.0,0.9944,3.23,0.82,8
14.97,2.93,5.17,0.991,3.44,1.4,9
11.97,8.71,6.19,0.99,3.73,0.78,6
9.73,6.69,8.45,0.9997,3.7,1.3,7
11.03,1.69,5.71,0.9941,3.54,1.16,6
14.77,7.47,5.45,1.0001,2.84,0.44,7
8.5,8.29,5.96,0.991,3.73,0.7,6
11.09,5.34,5.94,0.9933,3.87,1.29,6
13.29,9.27,4.26,0.9936,3.42,0.36,7
13.37,0.93,3.27,1.0026,3.0,0.61,5
10.32,1.35,7.53,0.9911,2.94,0.47,5
9.43,7.38,3.28,1.0044,3.87,0.48,4
13.41,8.16,4.51,0.9936,3.85,0.58,7
13.85,1.83,6.46,1.002,3.46,0.51,7
10.95,6.8,9.0,1.0035,3.65,1.16,7
10.53,9.61,8.52,0.9986,3.17,0.68,4
13.79,0.71,5.83,1.0046,3.08,1.45,9
9.83,0.98,6.34,0.9956,3.4,0.39,6
12.45,3.29,5.74,0.991,3.21,1.4,9
11.69,8.31,7.0,0.9945,2.86,1.21,5
13.48,6.63,8.38,0.9932,3.81,0.69,8
8.88,1.02,5.0,0.9952,3.23,1.44,5
12.14,6.38,7.28,0.9943,3.59,0.7,7
11.94,7.05,4.09,0.9996,2.98,0.47,3
12.01,7.67,5.83,0.9992,3.7,1.12,8
12.54,9.62,5.49,1.0027,2.88,0.88,7
11.99,6.77,7.12,1.0012,3.18,1.29,7
12.35,9.36,8.19,0.99,3.61,0.86,9
12.14,8.94,5.23,0.9926,2.93,0.82,6
9.75,8.16,8.78,1.0024,2.89,0.86,5
11.24,8.89,4.91,0.9955,3.86,0.64,4
9.1,0.58,3.48,0.9963,3.47,0.47,5
13.39,2.59,3.01,0.9915,3.97,0.67,7
11.29,9.08,5.8,0.9904,3.37,1.36,5
13.91,9.1,5.76,1.0018,3.22,1.07,8
8.95,0.75,8.54,1.0044,3.43,0.85,7
11.37,2.11,4.53,1.0024,3.63,0.82,7
12.11,8.55,3.73,1.0026,3.69,1.46,8
8.68,3.89,3.2,0.9955,3.07,1.44,5
11.6,9.39,8.76,1.0011,3.08,0.36,5
12.32,5.11,6.81,1.0046,2.91,0.97,8
9.37,3.69,5.21,0.9995,2.86,0.65,4
9.81,6.69,7.57,1.0049,3.74,0.65,6
13.94,3.53,8.98,0.9963,3.52,0.44,8
12.22,2.72,6.58,1.0043,3.74,1.41,9
14.18,5.2,8.43,0.9932,3.26,1.41,7
10.97,5.28,7.57,0.9925,3.24,1.24,7
14.02,1.69,5.5,0.994,2.92,1.04,9
13.93,7.9,7.28,1.0034,3.85,1.27,9
11.37,9.53,3.66,0.9962,3.35,1.1,6
8.31,7.51,6.3,0.9907,3.65,0.72,5
11.25,4.4,7.19,1.001,4.0,0.82,6
13.89,4.03,8.19,0.9998,3.96,1.18,7
14.44,8.02,7.14,1.0018,3.21,1.25,9
14.29,7.96,5.05,0.9953,3.58,1.2,7
11.81,4.53,4.87,0.9961,3.6,0.66,5
12.09,2.89,4.7,0.9991,3.98,1.48,7
14.73,2.65,7.91,1.0045,3.66,1.05,8
14.02,5.76,3.01,0.9953,3.56,1.05,7
10.77,8.94,4.23,0.9946,3.67,1.2,4
12.39,1.02,8.98,0.995,3.56,1.39,10
8.78,9.29,7.51,0.9981,2.8,0.92,6
12.21,9.5,5.5,0.9984,3.96,0.75,8
14.72,2.96,8.43,1.0018,2.99,0.58,6
12.54,4.99,8.48,1.002,3.57,1.04,9
8.61,1.9,5.46,0.9915,2.8,0.44,6
12.68,8.98,5.75,0.9997,3.07,0.98,9
14.54,2.3,4.18,0.9959,3.26,0.41,8
11.18,6.18,3.28,0.9966,3.1,1.33,6
9.85,0.81,4.94,1.0048,3.38,0.49,6
12.32,8.04,4.98,0.9984,3.12,1.01,6
8.73,7.77,4.11,0.9926,2.8,0.94,3
10.62,6.97,5.92,0.9991,3.89,1.01,5
12.87,5.93,5.22,0.9915,3.57,0.85,8
8.75,5.76,5.65,0.9951,3.6,0.41,4
12.74,6.82,8.44,0.9922,3.06,0.5,6
12.33,5.85,4.68,0.9931,3.47,0.58,7
13.34,6.12,6.28,1.0042,3.34,0.75,7
11.53,9.24,5.28,1.0029,3.12,0.82,5
11.33,6.25,6.96,0.9948,3.31,0.96,5
8.48,6.19,5.6,1.0034,3.93,1.24,6
8.24,2.79,3.57,1.0013,3.59,0.48,4
8.19,6.13,6.7,0.9915,3.67,0.77,4
14.74,5.07,4.76,1.0002,3.13,1.46,7
14.11,9.44,6.74,1.0009,3.63,1.22,8
8.24,2.93,5.57,1.0046,3.89,0.81,6
13.94,2.46,3.66,0.996,3.57,1.19,8
13.64,1.69,3.72,1.0037,2.85,0.32,7
10.91,7.47,3.66,0.9963,3.54,0.92,6
9.62,6.03,7.8,0.9972,3.09,0.8,6
14.53,8.35,7.12,0.9942,2.97,0.71,7
12.24,5.74,5.36,0.9947,3.2,0.49,6
12.72,2.58,6.27,0.9961,2.99,0.56,7
12.27,6.28,4.86,0.9961,3.24,1.27,6
11.17,2.53,7.58,0.9909,3.72,1.03,6
14.21,5.42,8.34,0.9911,3.0,1.39,8
13.38,5.4,6.83,0.9963,3.58,1.27,8
8.31,6.62,4.84,1.0007,3.64,1.34,5
12.08,4.13,6.75,1.0043,2.86,1.01,8
10.75,4.93,8.54,0.9933,3.11,0.31,5
9.26,7.82,4.97,0.9944,3.72,1.21,5
12.72,0.57,7.82,0.9926,3.0,1.47,7
13.81,4.02,6.68,0.9945,3.13,0.89,8
13.27,4.6,3.9,0.9993,3.61,0.86,7
11.42,1.96,4.38,0.9944,3.78,0.58,5
12.46,0.72,4.39,0.9953,3.19,1.02,9
12.91,1.07,5.18,0.9978,3.88,0.46,8
12.65,1.33,4.36,0.9987,3.93,0.62,7
11.9,6.22,8.27,0.9991,3.49,0.84,5
8.75,5.99,5.34,1.0039,3.57,1.32,5
13.9,2.21,8.06,0.9931,3.97,1.03,8
13.09,8.01,5.27,0.9924,3.88,0.74,6
14.5,9.13,3.33,1.0015,2.87,0.38,6
14.86,8.01,6.01,1.0044,2.92,1.3,6
8.9,2.98,5.05,1.003,3.75,1.06,6
8.77,9.29,8.71,1.0013,2.99,0.41,3
13.64,4.07,8.5,0.9959,3.18,0.4,7
9.54,2.54,6.54,0.993,2.87,0.31,5
10.59,7.74,5.71,1.0031,2.88,0.35,4
13.27,6.77,4.3,0.9931,3.23,0.38,6
8.2,2.15,7.95,1.0012,3.88,1.49,6
10.97,7.51,3.31,0.9972,3.79,0.43,4
8.02,6.7,7.75,1.0002,3.81,1.46,7
10.58,9.42,3.46,0.9981,3.2,0.95,5
8.28,4.01,3.96,1.003,3.98,0.69,5
13.43,9.38,8.62,0.9945,3.68,0.98,7
11.57,2.97,5.13,0.9997,3.15,1.05,6
8.3,5.85,4.1,1.0046,3.99,1.1,6
12.61,7.82,8.89,1.003,3.95,0.97,9
13.31,3.9,4.57,0.9977,3.39,0.41,6
10.9,5.34,3.1,0.9966,2.81,0.85,3
12.81,4.39,7.37,1.0012,3.52,1.44,9
8.66,5.59,4.01,1.0042,3.88,1.18,4
12.63,4.62,7.53,1.0025,3.6,0.99,9
14.79,5.36,5.25,0.993,3.31,0.91,7
14.13,3.08,7.8,1.0028,3.89,0.66,8
8.86,0.63,5.83,0.9947,3.51,0.86,6
9.27,6.91,7.59,0.9945,2.94,1.48,6
8.67,3.76,5.49,0.9937,3.67,0.31,7
10.87,7.35,3.25,0.9934,3.61,1.2,4
14.4,2.2,5.87,1.0009,2.81,1.42,8
13.18,3.92,4.38,0.9927,2.98,1.41,7
9.07,4.39,8.16,0.9919,3.8,0.92,7
11.39,9.53,6.19,0.9934,3.85,0.33,6
14.18,6.54,7.27,0.9993,3.17,0.73,8
11.9,4.1,3.9,0.9987,3.59,1.0,6
14.86,0.69,3.81,0.993,3.96,1.11,8
14.91,1.21,5.52,0.9999,3.59,1.17,8
12.19,7.16,3.9,1.0038,3.49,0.99,6
10.87,4.89,5.29,0.9953,3.29,0.85,7
9.36,5.08,3.74,0.9932,3.42,1.45,6
10.41,9.91,7.21,0.9969,2.89,1.15,5
13.01,5.02,3.14,0.9994,3.98,1.46,7
8.19,6.2,3.69,0.9906,3.25,1.34,6
10.81,3.14,3.39,0.9992,2.85,0.62,5
8.8,4.15,4.06,1.0005,3.64,0.85,6
12.23,9.98,8.1,0.9946,3.62,0.65,8
14.16,2.56,8.39,0.995,3.01,1.43,9
8.08,3.09,4.3,0.9924,3.25,0.97,6
14.52,2.88,9.0,1.0019,3.1,0.58,7
13.76,5.28,3.34,1.0043,3.19,1.18,6
12.32,8.27,5.81,1.0041,3.52,1.07,9
12.69,1.84,8.79,0.9967,3.15,1.33,9
12.12,6.49,7.5,0.9901,4.0,0.5,7
13.41,6.22,6.87,0.9943,3.7,1.04,8
12.35,7.38,7.93,1.0004,3.58,1.32,9
10.44,4.98,6.25,0.9942,3.83,0.52,4
9.24,4.84,4.3,0.9981,3.88,0.51,3
8.28,2.99,3.0,0.9961,3.38,0.97,5
9.38,0.83,3.53,1.0002,3.84,0.38,6
9.09,2.02,4.15,0.9961,3.06,0.59,5
14.05,1.04,8.47,1.0048,3.86,0.35,8
8.64,5.33,5.31,0.9997,3.94,0.78,6
14.44,7.28,4.91,1.0,3.71,0.75,7
14.53,4.82,5.8,0.9911,3.64,1.26,8
13.9,1.47,6.1,0.9998,3.47,0.59,8
12.51,1.61,3.95,1.0028,3.19,1.47,7
14.54,1.67,8.69,0.9966,3.45,0.46,7
10.07,1.33,4.98,0.9923,3.08,0.6,5
10.54,3.77,3.26,0.9954,3.7,1.06,7
10.31,3.52,5.0,1.0013,3.94,1.35,7
9.87,3.07,5.0,0.9957,2.99,0.79,5
14.0,3.66,6.02,0.9914,2.96,0.56,6
9.17,5.36,8.85,1.0039,3.4,0.39,4
9.96,6.25,3.31,1.0019,3.0,0.96,5
13.44,1.18,6.22,1.0045,3.68,1.12,10
14.5,5.93,7.21,0.9994,3.48,0.77,8
10.19,7.74,7.42,0.9979,3.51,0.71,4
12.23,1.34,6.87,1.0044,3.73,0.44,7
8.43,5.18,8.56,0.9991,2.83,0.34,5
13.48,7.12,4.41,0.9974,3.66,1.2,7
10.86,4.88,4.41,1.0011,3.35,1.36,5
12.82,8.33,6.15,0.995,3.28,0.6,6
10.29,9.76,4.92,0.9924,3.31,0.92,4
12.49,6.45,6.06,0.9974,3.51,1.11,8
13.77,6.68,6.33,0.9905,3.75,1.13,7
10.41,6.05,4.06,0.9903,3.8,0.5,5
8.57,2.06,5.73,0.9982,3.42,0.52,5
12.71,9.49,6.2,0.9984,2.97,0.51,6
9.63,5.98,4.66,0.9973,3.98,0.58,4
11.04,2.56,3.68,1.0019,3.74,1.08,6
11.97,5.34,6.67,0.9976,3.41,0.81,7
11.41,4.36,7.3,0.9929,3.01,1.09,7
12.18,0.83,6.65,0.9935,3.94,0.99,9
12.64,0.63,7.05,1.0009,3.55,0.69,7
10.41,2.83,5.32,0.9975,3.32,0.63,5
9.8,6.62,3.63,1.0017,3.32,0.38,4
13.22,3.72,5.88,0.9971,3.35,0.99,9
11.78,3.08,4.23,0.9934,3.43,1.5,5
14.56,6.77,6.05,0.9982,3.44,1.29,7
10.7,4.22,3.61,0.999,3.86,0.41,3
9.03,8.71,7.84,0.9952,3.79,1.28,5
8.41,1.34,4.17,1.0008,3.43,0.8,6
14.95,8.22,3.71,0.9938,3.08,0.51,7
12.85,8.74,3.96,1.0009,3.06,0.69,5
10.54,5.4,3.55,0.994,3.19,0.94,6
9.19,3.13,4.66,1.0047,3.37,0.82,6
10.33,8.1,4.0,1.0032,3.06,1.27,6
8.59,2.7,4.07,0.9981,3.54,1.07,7
10.33,0.64,5.37,0.9962,2.85,0.83,6
13.82,8.0,3.85,0.9962,3.67,1.42,6
10.9,5.47,6.33,0.9991,2.81,0.68,5
12.03,3.79,3.35,0.9992,3.35,1.09,9
12.99,7.31,7.25,1.0043,3.78,1.4,9
8.61,2.12,4.17,0.9986,3.88,1.22,6
13.71,3.32,3.37,0.9906,3.13,0.45,6
11.41,4.69,4.67,0.9973,3.32,1.27,6
11.69,2.84,3.87,1.0036,2.87,1.04,4
8.1,3.0,3.95,1.0006,3.79,1.12,6
8.06,6.13,8.35,0.996,2.99,1.2,5
13.19,8.21,4.45,0.9982,3.12,1.32,7
13.42,8.37,8.03,0.9902,2.99,0.35,7
9.24,8.33,4.79,1.0029,3.12,0.94,6
13.2,6.72,5.83,0.9978,2.95,0.4,5
14.03,6.17,5.5,0.9965,3.95,0.44,6
13.72,8.72,4.5,0.9987,3.81,1.48,8
8.34,5.4,7.54,0.9928,3.97,1.0,5
13.55,5.49,7.54,1.0002,3.66,0.33,8
12.99,1.74,5.45,0.9989,3.7,0.39,8
14.08,2.75,6.16,0.992,3.0,1.4,7
8.37,5.16,4.41,0.9963,3.17,0.95,4
8.15,7.99,4.21,0.9952,2.85,0.42,4
8.95,8.26,7.25,1.0036,2.97,0.59,3
14.77,5.11,5.67,1.0012,3.62,0.36,8
8.91,0.99,8.16,0.9905,3.96,1.1,6
8.47,5.33,3.23,0.9924,3.95,0.46,3
14.52,8.06,8.73,1.0,3.12,1.02,8
10.09,2.24,5.28,0.9952,3.15,1.09,7
10.59,4.54,6.25,1.0005,3.84,0.84,5
10.77,2.94,3.26,0.9992,3.17,1.01,5
10.27,4.89,7.55,0.9938,3.23,1.21,7
12.09,2.84,5.18,1.0037,3.05,1.3,9
13.96,5.7,4.03,1.0004,3.04,1.15,6
13.43,0.52,6.91,1.0045,3.98,0.41,9
9.6,8.41,3.86,0.9999,3.56,1.13,6
12.42,8.27,8.47,1.0002,2.89,0.81,8
8.44,5.74,6.85,0.9928,3.15,1.15,5
13.26,8.03,3.66,0.995,2.94,0.65,6
8.39,4.58,6.91,0.9983,2.86,1.39,5
10.84,5.97,4.18,0.996,3.55,1.48,5
14.28,1.79,6.85,1.0039,3.54,1.15,8
8.54,9.85,8.9,0.9954,3.47,1.26,6
8.07,7.49,4.59,0.9944,3.38,0.46,3
8.86,9.18,6.32,0.9941,3.05,0.67,6
10.5,5.11,3.25,0.9935,3.91,0.79,5
12.66,3.06,5.27,0.9945,3.55,0.39,8
11.27,2.25,8.38,0.9993,3.49,0.65,5
13.11,9.3,7.86,0.9913,3.38,1.13,8
10.47,9.67,4.41,0.9916,3.58,0.96,4
13.1,4.01,8.11,1.0032,3.59,1.09,7
14.54,2.9,7.93,0.9958,3.96,1.3,9
13.82,6.64,8.15,0.9925,3.93,0.63,7
9.71,6.14,7.44,1.0009,3.76,0.82,5
11.28,3.41,4.42,0.9939,3.05,1.01,7
10.27,8.93,7.81,1.0015,3.87,0.71,6
8.64,1.58,7.57,0.9986,3.9,0.64,5
8.08,6.85,6.47,0.9918,3.04,1.47,5
12.7,3.83,8.74,0.991,3.03,0.45,9
8.34,3.88,7.07,1.0022,3.36,0.3,7
10.25,2.64,3.06,0.9974,3.58,1.08,6
8.72,7.95,3.26,0.9981,3.86,0.5,4
9.42,5.71,6.44,0.992,3.79,1.24,7
10.84,9.75,6.26,1.0039,3.36,0.4,6
14.99,2.87,4.42,0.9914,3.54,1.3,9
8.67,2.1,5.35,0.9944,3.7,0.65,7
13.51,8.1,7.15,1.0042,3.06,0.48,8
14.82,5.98,3.8,0.9946,3.3,0.96,8
8.01,1.4,6.09,0.9963,2.97,1.22,7
9.99,7.67,5.83,1.0037,3.85,0.36,5
9.61,5.3,8.69,0.9928,3.25,0.37,6
8.79,5.32,3.94,1.0042,2.86,0.88,4
8.1,3.7,4.19,1.0046,3.96,0.66,4
13.87,1.55,4.34,0.9952,3.36,0.59,8
10.53,8.75,8.17,0.999,3.88,0.66,5
12.13,7.74,8.39,0.9931,3.5,0.55,7
12.5,2.4,5.51,1.0033,2.95,0.45,7
9.62,4.24,8.03,1.0003,3.92,0.88,6
13.68,5.39,4.77,0.992,3.45,0.59,6
12.94,7.63,7.13,0.9975,3.11,0.48,8
13.24,4.58,8.88,0.9962,2.84,0.69,5
11.5,2.84,7.43,1.0005,3.95,1.08,7
8.6,1.59,6.54,0.9981,3.03,1.31,8
14.38,3.8,3.21,0.9994,3.02,0.52,6
13.13,6.04,7.77,0.9905,3.62,0.89,7
8.92,5.57,7.47,1.0038,3.84,1.29,7
12.92,1.61,3.48,1.0011,3.43,0.66,6
8.59,5.3,7.25,1.0024,3.18,0.41,5
12.28,3.21,5.59,1.0006,3.9,1.14,9
11.36,1.86,5.81,1.0033,3.77,0.96,6
8.78,9.87,7.99,0.9998,3.23,0.74,6
9.91,4.55,8.81,0.9999,3.94,0.84,7
9.32,1.3,6.62,1.0035,2.92,0.47,6
13.02,0.56,5.08,0.9945,3.96,0.35,7
9.31,2.95,7.45,0.9947,2.91,1.22,6
10.68,4.13,3.63,1.0017,3.06,0.51,3
11.57,2.65,8.91,1.0003,2.96,1.14,5
14.47,7.22,3.42,0.9948,3.96,1.07,7
8.74,3.42,3.73,1.0026,3.28,1.34,6
13.48,9.99,3.81,1.0025,3.14,0.95,6
9.03,0.88,4.36,0.9956,3.34,1.07,7
14.77,3.22,8.67,0.9941,3.66,1.03,10
14.38,1.48,6.28,0.9946,3.24,1.34,8
10.94,5.84,4.76,0.9924,2.99,0.52,3
12.42,7.86,6.85,1.0019,2.95,1.06,8
8.39,4.99,3.32,0.992,3.37,1.35,6
12.42,3.89,6.46,1.0026,3.84,1.5,9
8.47,2.21,5.19,1.0009,3.39,0.42,6
8.86,2.27,3.56,0.9946,3.98,0.34,5
9.2,1.44,6.95,0.99,3.77,1.25,8
13.89,3.32,6.18,0.9952,3.89,0.91,8
14.3,1.25,4.33,0.9909,3.83,0.3,6
14.91,3.02,5.92,0.9907,3.11,0.91,8
9.98,9.2,7.65,0.9986,3.95,0.42,5
14.92,9.44,5.47,0.9973,3.36,0.74,7
14.93,9.72,3.33,0.9997,2.97,0.64,4
13.96,5.53,8.93,0.998,3.0,0.34,6
13.17,8.72,6.4,0.9943,3.25,0.77,8
12.07,2.72,5.75,1.0032,2.86,0.35,7
9.95,9.56,5.56,1.0029,3.59,1.25,6
12.03,2.52,7.92,0.998,3.95,0.88,8
14.36,6.32,7.65,1.0001,3.06,0.51,8
9.38,3.23,7.89,1.0021,3.74,0.96,6
10.06,4.9,7.65,1.0004,3.75,0.6,4
11.51,7.81,3.36,0.9901,2.85,1.4,4
10.83,5.08,3.04,0.9956,3.59,0.55,3
10.1,9.25,6.96,0.9939,3.79,0.71,4
14.02,1.17,8.3,0.9904,3.07,1.1,9
9.67,4.9,6.26,1.0018,3.13,0.55,6
13.22,4.97,8.9,0.9992,3.54,1.13,9
12.26,0.58,4.89,1.0044,3.44,1.16,9
13.15,5.76,6.58,0.9944,3.02,0.31,8
11.0,0.59,8.78,0.9901,3.44,1.13,6
8.57,6.58,5.78,0.993,3.04,0.81,6
8.33,6.13,5.78,1.0034,3.65,0.4,4
14.91,6.7,7.04,0.9908,3.35,0.5,8
10.82,1.45,8.26,0.9992,3.24,1.43,8
11.89,6.9,6.29,0.9923,3.24,1.02,5
10.29,9.79,3.45,1.0038,3.18,0.7,4
10.32,4.72,4.27,0.9935,3.08,0.42,4
11.78,1.41,3.11,0.9959,3.87,1.35,5
11.67,6.59,3.75,0.9973,3.52,0.36,4
11.87,0.58,3.82,0.9987,3.61,1.38,5
14.0,6.97,8.07,1.0009,3.58,0.54,7
12.22,1.65,6.07,1.0045,2.98,1.25,8
12.63,1.43,8.69,0.9933,3.91,0.69,7
13.08,8.99,3.61,0.9963,3.55,0.5,6
8.93,3.12,3.57,0.9995,3.91,1.32,5
14.97,7.91,3.99,0.9934,3.99,0.88,6
12.89,2.82,7.2,0.9978,3.08,0.44,8
12.63,9.21,8.63,0.9968,3.93,0.57,6
9.44,7.48,3.76,1.0046,3.49,0.5,5
8.36,9.51,7.89,0.9929,2.83,1.12,4
10.14,3.04,3.1,1.003,3.05,0.39,5
11.9,0.77,4.25,0.9933,4.0,1.0,5
8.04,8.26,4.27,1.0034,3.57,0.31,4
9.86,4.37,6.61,1.0004,3.83,0.75,4
11.09,0.51,3.61,1.003,2.87,0.98,6
9.26,4.79,6.6,0.998,2.82,0.89,5
14.56,1.11,7.96,1.0019,3.41,0.4,8
14.19,8.53,5.78,0.9901,3.19,1.08,9
12.37,2.61,8.24,0.994,3.87,1.4,10
9.14,6.8,8.46,0.9924,3.97,0.52,4
13.2,9.79,3.63,0.993,3.54,0.41,5
12.6,3.24,6.17,1.0019,3.02,0.55,7
10.28,7.26,4.31,0.9904,2.89,0.39,3
14.61,2.21,6.09,0.9983,2.83,1.13,7
8.82,7.58,6.09,0.9958,3.06,1.43,6
11.79,2.06,7.78,0.9929,3.25,0.54,7
10.24,2.51,8.26,1.0039,3.65,0.84,7
11.04,9.83,3.73,0.9949,3.72,1.08,4
9.32,8.09,3.97,1.0046,3.54,0.45,3
9.11,5.35,8.88,0.9936,3.63,1.06,7
10.97,7.46,3.22,0.9937,3.51,0.58,3
8.43,5.24,6.72,0.9971,3.4,0.52,4
11.07,3.76,6.77,0.9998,3.72,0.41,6
13.69,1.75,5.58,1.0022,3.69,0.52,9
11.63,5.45,5.92,0.9921,3.91,0.39,4
12.12,4.29,5.36,0.9997,2.97,1.05,6
13.7,5.93,4.48,0.9926,3.52,0.52,6
12.55,3.65,7.46,0.9998,3.44,0.83,8
9.25,3.9,3.45,1.004,3.3,1.18,7
9.55,7.32,3.7,0.9985,3.99,1.05,5
8.46,6.51,8.25,1.0002,3.01,1.2,7
9.19,3.74,5.9,1.0044,4.0,0.36,5
8.47,5.52,7.89,0.9993,3.89,0.57,5
14.38,8.98,5.36,1.0032,3.77,0.72,6
11.76,5.18,5.82,0.9924,3.85,0.76,4
9.74,3.11,7.13,0.9932,3.17,0.55,5
10.45,4.11,3.64,1.0014,3.91,1.16,6
10.77,1.67,6.94,0.9953,3.7,1.47,8
11.17,1.41,6.68,0.9903,3.29,1.26,8
12.04,2.07,4.96,0.9913,3.88,1.35,8
11.63,3.44,3.38,1.0023,3.4,0.85,5
14.33,9.3,3.12,0.9928,3.53,0.93,6
9.83,8.25,7.15,0.9978,2.83,0.59,5
8.9,4.1,6.92,1.0011,3.12,1.31,6
10.52,8.98,3.55,0.9913,3.15,0.69,4
8.77,1.22,8.54,0.9986,3.68,0.49,7
8.63,6.47,3.94,1.0047,3.88,0.82,4
10.32,9.7,3.56,0.9926,3.77,1.18,5
12.28,8.96,8.97,1.001,3.3,0.74,8
9.8,9.28,4.7,1.004,3.08,0.52,3
13.56,6.86,3.19,0.9915,3.9,0.66,7
8.57,7.06,6.71,0.9978,3.0,1.36,5
10.81,8.77,4.56,1.0018,3.78,1.37,6
13.04,2.5,7.71,0.9902,3.51,1.15,8
10.83,1.11,3.64,0.9977,3.04,1.39,5
10.63,6.09,3.55,1.0035,3.97,0.6,5
13.89,3.45,6.33,1.0019,3.69,0.47,7
11.75,5.29,3.82,0.9993,3.09,0.31,5
12.75,6.0,6.64,1.001,3.45,0.31,6
12.09,9.37,8.33,1.0006,3.23,1.4,8
14.06,3.96,5.51,0.9982,3.07,0.76,7
14.74,3.2,4.41,0.9958,3.73,0.73,7
11.59,0.55,5.23,1.0046,3.15,0.73,5
9.78,5.97,5.93,0.9919,3.67,1.01,5
9.49,1.72,4.92,1.0027,3.2,1.23,6
14.43,6.71,3.88,0.9932,3.07,0.41,5
14.76,0.99,6.62,0.9905,3.22,0.67,8
13.47,8.37,4.03,0.9946,3.47,1.28,8
13.91,9.39,7.35,1.003,3.37,1.15,7
8.48,8.79,7.97,0.9908,3.35,1.09,6
8.81,5.59,8.58,0.9974,2.81,0.81,5
12.64,0.86,5.07,1.0039,3.28,1.16,10
10.78,6.63,6.12,0.9981,3.08,1.35,5
8.81,9.36,5.27,0.9933,2.86,1.2,6
10.12,5.84,7.04,0.9985,3.43,0.3,6
13.56,6.8,7.16,0.9906,3.18,0.73,7
8.5,0.91,8.95,0.9992,3.38,0.72,5
8.32,2.36,5.2,0.9929,2.8,1.15,7
13.61,8.92,5.59,0.9956,3.33,0.97,7
11.81,7.68,5.48,1.0022,2.89,0.92,4
11.76,4.57,8.96,0.9945,2.92,0.33,5
14.9,4.94,5.56,1.0008,3.33,1.01,8
9.01,3.06,4.04,0.9953,3.07,0.46,4
14.01,9.77,6.91,0.9922,3.04,0.98,8
11.03,7.08,6.33,0.9936,3.38,0.43,5
9.71,6.41,3.47,0.9902,3.92,0.73,4
10.44,7.65,4.17,0.9952,3.12,0.66,3
13.17,9.45,5.58,0.9957,3.35,0.71,8
13.86,2.25,5.8,1.0011,3.45,1.2,9
9.89,5.91,3.11,1.0022,2.82,0.92,4
14.39,2.91,7.6,0.996,3.4,0.94,8
10.03,7.56,8.63,0.9986,3.8,1.03,5
9.33,1.12,8.66,0.9913,2.9,0.48,6
8.19,5.41,4.1,1.0045,3.71,1.28,6
13.97,8.64,4.58,0.9927,3.15,0.4,6
8.39,6.41,4.24,0.9946,3.74,0.83,4
9.05,5.69,8.18,0.9933,3.01,1.04,6
10.36,2.03,7.21,0.9938,3.28,1.34,7
8.8,2.22,3.94,0.9924,3.96,0.44,5
9.03,1.53,3.29,1.0003,3.96,1.05,5
12.74,8.06,3.23,0.9915,3.33,1.08,8
13.74,4.07,6.44,0.997,3.85,0.63,8
11.19,5.66,6.33,0.999,3.27,0.61,5
10.41,7.47,3.26,0.9949,3.61,1.49,4
9.74,8.75,8.7,0.9993,3.04,1.01,6
12.7,6.56,7.55,0.9945,3.04,1.25,8
9.02,5.03,3.89,1.0043,3.89,0.65,4
14.53,7.13,4.97,0.9955,3.82,1.12,6
10.97,4.28,3.37,0.9921,3.1,1.34,6
11.93,2.14,7.36,0.9947,3.25,1.12,6
10.39,7.15,8.51,1.0014,3.79,0.75,6
11.54,0.95,3.42,0.9931,3.84,0.84,6
10.03,6.01,8.28,0.9929,3.9,1.14,7
8.62,1.11,4.76,0.9933,3.84,0.88,7
14.66,9.67,4.05,0.9999,3.02,1.04,6
10.67,7.7,7.11,0.9942,3.71,0.66,5
13.63,1.08,7.64,0.998,3.95,0.58,9
9.93,0.59,7.7,0.9902,3.61,1.39,6
14.1,1.39,4.93,0.9936,3.34,0.51,8
11.56,6.38,3.93,0.9903,3.33,1.32,5
13.68,5.02,4.0,1.002,3.49,1.16,6
9.75,6.83,5.14,0.9953,3.27,0.49,4
10.06,7.21,5.34,1.0012,2.81,0.57,4
12.84,6.61,5.78,1.0009,3.8,0.44,8
14.62,5.07,7.21,0.9969,2.97,0.36,6
10.96,8.79,7.6,1.0016,3.44,0.58,5
12.68,9.3,6.32,1.0033,3.12,1.36,8
13.14,8.69,8.8,0.9992,3.22,0.91,9
11.08,6.28,7.42,0.9917,3.18,0.69,6
13.92,3.08,7.98,1.0006,3.49,0.99,9
11.91,3.28,3.7,0.9914,3.09,1.05,6
9.44,1.91,7.71,0.9944,3.74,1.29,8
12.98,5.52,5.41,1.0011,3.5,0.31,6
10.6,5.45,4.35,0.9952,3.79,0.37,4
8.04,9.15,7.44,1.0018,3.64,0.74,6
9.32,3.18,6.44,0.9917,3.81,1.49,7
10.29,5.48,3.15,0.9946,3.57,0.4,4
13.96,3.13,4.6,1.0042,3.87,1.02,7
13.6,5.3,8.22,0.9937,3.71,0.83,8
14.25,8.17,6.25,0.9939,3.02,0.95,8
10.12,8.66,4.64,0.9968,3.84,0.42,5
12.45,1.91,5.6,0.9987,3.91,0.94,8
9.9,9.03,3.27,0.9958,3.45,0.47,4
14.27,2.95,6.56,1.001,3.09,1.21,10
14.21,7.69,8.32,0.9902,3.89,0.54,7
8.42,5.66,6.71,0.9928,2.86,0.73,3
8.35,3.72,8.32,0.997,2.99,1.44,5
9.22,8.16,4.03,0.9936,2.87,1.35,4
13.64,8.59,8.03,1.0001,3.77,0.73,6
12.07,6.19,6.96,1.0007,3.16,1.32,7
14.81,8.5,3.88,0.993,3.47,1.42,7
14.18,4.6,7.97,1.0019,3.9,0.91,9
10.28,9.77,8.51,0.9975,3.05,0.51,4
11.82,5.61,7.37,0.9968,3.94,0.84,5
12.72,6.44,3.97,0.9914,3.94,0.56,5
13.16,2.49,6.89,0.9938,3.62,0.41,9
9.81,4.44,8.62,0.9943,3.71,1.36,5
10.19,0.7,6.74,1.0019,3.16,0.92,7
13.54,6.05,3.38,1.0001,3.51,0.76,7
11.48,8.1,6.98,0.9956,2.86,1.4,4
9.42,6.33,8.16,0.9947,3.61,1.36,7
12.37,9.18,4.83,0.9999,3.95,1.24,6
12.89,6.83,4.38,0.9958,3.52,0.53,6
11.51,7.78,3.78,1.0023,3.7,0.8,5
10.79,4.56,5.34,0.9915,3.92,1.01,5
10.96,6.14,6.94,1.0019,2.98,0.44,3
9.24,8.2,4.15,0.9957,3.81,1.27,6
12.15,4.98,8.21,0.9965,3.82,0.44,7
13.4,9.68,7.78,1.0006,3.27,0.65,8
14.11,7.94,6.27,0.9979,3.15,1.36,7
11.74,3.23,3.2,1.0002,2.95,0.4,3
13.38,3.39,8.91,0.9978,3.3,1.44,9
13.79,7.4,6.95,0.9956,3.24,1.42,7
11.18,7.59,7.62,0.9946,3.87,0.84,7
11.26,6.86,8.58,0.9946,2.82,1.16,5
12.6,0.77,3.89,0.9961,3.97,0.86,7
13.88,8.16,3.76,0.9986,3.71,0.66,6
9.55,0.85,8.86,1.0017,3.87,1.02,8
11.4,6.63,8.11,0.9973,3.07,0.67,5
10.24,5.88,7.77,1.003,3.47,0.94,6
12.41,7.08,8.36,0.9939,3.61,1.24,7
11.44,4.86,6.74,1.0024,2.91,0.8,5
14.23,8.0,5.36,1.0026,3.44,1.23,9
10.99,9.33,3.96,0.9936,2.96,0.52,3
12.11,6.76,8.39,1.0018,3.91,0.91,7
12.29,3.45,4.84,0.9941,3.64,0.46,8
11.21,4.52,3.15,0.9995,3.77,1.27,4
9.25,1.56,4.02,1.003,3.45,1.11,6
12.18,8.6,6.7,0.9943,3.72,0.8,7
13.65,8.86,8.26,0.9997,3.68,1.14,8
10.14,7.64,6.25,0.9949,3.51,1.43,6
12.37,6.17,8.98,0.9987,3.9,0.36,6
11.07,5.7,5.77,0.9966,2.84,0.63,3
10.28,9.99,4.95,1.0022,3.89,0.99,4
9.46,8.76,3.61,0.9978,3.11,1.05,6
8.61,1.26,3.15,0.9991,2.83,0.91,5
8.36,5.35,7.04,0.995,3.82,1.32,7
14.7,4.6,7.6,0.9943,3.25,0.32,7
9.39,5.09,5.84,1.0043,3.64,0.39,5
13.68,6.29,6.52,0.9932,3.11,1.2,7
9.97,2.65,3.29,0.9907,2.87,0.59,3
11.53,6.35,3.17,0.9931,3.36,0.78,5
8.1,5.4,7.16,1.0,3.56,0.6,5
8.3,9.58,6.97,1.0046,3.14,0.87,5
13.93,3.8,3.68,1.0046,2.81,0.37,5
14.23,9.15,6.16,1.003,3.7,0.51,7
12.73,6.26,7.06,0.9941,3.46,0.46,8
10.16,2.04,5.2,1.0002,2.93,0.38,5
13.06,5.28,7.3,1.0017,3.62,1.33,8
12.3,8.92,3.21,1.0016,3.68,0.85,6
9.58,2.98,7.46,0.9919,3.05,0.86,7
11.69,5.62,3.9,0.9919,3.7,0.98,4
10.68,8.56,4.88,0.9902,3.52,1.44,5
12.17,3.24,8.58,0.9947,3.45,0.95,10
8.47,0.71,3.6,0.9942,3.67,1.3,7
9.56,4.48,5.24,0.9977,3.78,0.4,5
10.21,4.16,8.66,0.9992,3.71,0.86,6
11.62,7.03,7.55,1.0013,3.38,0.3,5
13.48,1.34,4.47,0.9983,3.27,0.59,8
10.84,4.27,5.89,0.9928,3.79,1.43,6
9.34,8.17,8.62,0.9962,2.91,0.65,4
12.97,4.83,3.32,1.0021,3.49,1.23,6
11.61,6.5,5.54,0.9987,3.99,0.36,5
10.05,3.7,6.53,0.993,3.48,0.47,5
12.83,9.49,3.17,0.9907,3.4,1.17,7
14.38,7.75,5.54,0.9932,3.69,0.92,8
14.34,6.85,6.56,0.9902,2.94,0.73,5
12.42,4.7,3.14,0.993,2.92,1.06,7
10.55,6.38,3.28,1.0013,3.43,1.45,5
13.97,9.9,7.56,0.9952,3.11,0.51,6
12.9,3.47,5.74,1.0041,3.53,1.4,9
11.14,2.47,6.07,1.001,3.42,1.09,7
9.85,5.63,7.67,0.9926,3.2,0.5,6
9.35,0.79,5.29,1.0015,3.42,1.0,8
8.75,2.19,8.15,0.9931,2.88,0.37,4
13.71,1.53,8.0,0.9969,3.33,1.15,8
14.46,8.7,8.74,0.9958,2.82,0.46,7
9.24,3.43,7.01,0.9947,3.08,1.0,8
10.67,5.38,6.09,0.9962,3.72,0.59,5
12.23,3.83,3.25,0.9942,3.73,0.99,8
11.72,6.29,7.8,1.0006,3.68,0.46,4
14.05,4.93,6.9,0.9931,3.77,0.91,9
10.51,5.48,3.38,1.0026,3.6,1.34,6
8.84,8.65,4.17,0.9922,3.35,1.38,5
11.66,0.95,5.07,1.0027,3.2,0.86,6
9.03,5.71,5.17,0.9913,3.78,0.3,5
14.19,1.05,4.86,1.0013,2.95,0.67,5
13.38,9.72,3.62,1.0034,3.13,1.2,7
9.75,1.11,5.25,0.9994,2.87,0.77,4
14.07,2.47,4.08,0.9961,3.72,0.69,8
10.27,2.99,6.29,0.9942,3.88,1.3,8
13.2,2.52,3.82,1.0028,3.51,1.3,9
10.71,4.04,6.76,0.9931,3.85,0.63,4
13.35,9.07,3.07,0.9944,3.1,0.38,5
9.12,3.0,7.31,0.9935,3.48,1.01,7
12.1,2.99,5.05,1.0012,3.11,0.77,8
8.59,9.98,4.33,0.9979,3.74,1.39,6
14.24,6.45,3.64,1.0008,3.88,1.13,6
10.92,9.97,8.96,1.0041,2.95,0.56,5
13.03,7.45,7.61,1.0021,3.57,0.73,8
12.74,6.74,3.46,1.0001,2.86,1.32,7
11.25,8.12,3.18,0.9939,3.83,0.83,5
14.44,3.35,7.04,1.0031,3.17,0.42,8
11.93,8.47,3.95,0.9983,3.31,1.29,6
13.83,9.38,8.02,0.9985,3.16,0.46,8
10.86,2.35,3.35,0.9966,3.42,1.06,7
14.16,1.56,5.38,0.9941,2.93,1.45,8
12.8,7.61,6.49,1.0021,3.04,1.08,9
13.26,0.88,3.33,0.9943,3.33,1.48,7
8.82,4.4,5.32,0.9908,3.92,0.52,5
11.28,4.65,3.4,0.9984,3.22,1.18,4
11.0,6.94,3.33,1.0005,3.73,0.8,4
10.32,1.12,8.31,0.9943,3.04,0.75,7
13.91,9.7,7.43,0.9921,3.03,0.33,8
14.11,2.08,3.06,0.9906,3.95,1.11,7
9.4,4.12,5.97,1.0011,3.74,0.46,5
9.89,9.3,4.01,0.992,2.81,1.45,4
8.3,6.13,5.59,0.9999,3.91,0.42,4
10.61,9.34,4.14,0.9975,3.79,0.71,3
13.79,3.67,5.91,1.0021,3.11,1.0,10
12.51,1.47,5.1,0.992,3.62,0.94,9
10.09,9.94,7.36,1.0029,3.3,0.32,6
13.79,5.57,6.28,0.9957,3.07,0.81,8
10.87,6.39,7.7,0.999,3.96,0.32,5
9.54,6.91,6.85,0.9911,3.92,1.43,6
13.73,2.56,3.19,0.995,3.77,0.52,7
11.97,4.19,6.11,1.0018,3.06,1.05,5
13.87,6.3,8.11,0.9921,3.6,0.5,7
11.03,8.6,6.09,0.9935,3.84,1.28,5
10.82,7.31,6.27,1.003,3.09,0.98,5
9.84,4.47,6.91,0.9923,2.91,1.38,5
8.14,7.09,3.98,0.9943,2.8,1.28,4
14.94,1.9,8.68,0.9969,3.83,1.48,10
11.47,8.96,5.54,0.9993,3.35,0.35,5
8.22,4.96,7.87,0.9979,3.92,0.37,5
11.11,4.46,7.08,1.0024,3.53,0.34,6
9.67,6.16,4.0,1.0028,3.96,0.72,4
14.24,3.62,8.31,1.0046,3.02,1.3,9
10.98,2.76,3.19,1.0038,2.89,1.31,6
8.58,1.81,6.59,1.0042,3.09,1.05,6
13.96,4.49,3.53,0.9934,3.85,1.28,8
11.42,6.31,5.94,1.0034,3.74,1.0,7
9.29,8.28,7.31,1.0009,2.91,0.91,5
13.7,2.79,8.93,0.9953,3.93,0.4,9
10.66,8.17,6.97,0.9934,2.98,1.15,6
13.87,9.88,3.19,0.9906,3.57,0.68,5
11.59,7.81,6.41,1.0043,3.42,0.63,4
12.34,7.56,7.78,0.9909,3.38,0.98,8
13.65,6.66,6.34,1.003,3.35,0.83,8
10.94,0.94,7.74,0.9972,3.0,1.02,6
12.63,1.61,6.28,0.9955,2.99,1.03,9
8.8,1.39,8.15,0.9979,3.8,0.77,5
14.83,0.9,5.47,0.9961,3.96,1.14,10
9.7,3.43,8.6,0.9978,3.33,1.47,8
10.18,4.47,3.08,0.9992,3.47,1.06,6
10.12,6.12,8.85,0.9911,2.98,0.51,5
8.14,8.61,7.38,1.0016,3.24,0.91,6
12.98,2.74,7.69,0.9907,3.01,1.12,10
14.59,2.89,6.0,0.9904,3.29,0.4,8
9.4,9.12,8.32,1.0002,3.02,1.06,7
13.13,7.12,8.13,1.0007,2.98,0.4,6
12.94,8.18,4.91,0.9907,2.95,0.72,5
14.54,8.72,7.23,0.9966,3.05,1.16,8
12.92,5.25,3.52,1.0048,3.84,0.54,6
12.0,4.44,4.05,0.9993,3.05,0.87,5
10.46,9.48,7.6,1.0028,3.55,0.8,5
13.74,0.66,6.17,1.0021,3.97,0.68,7
8.58,0.71,6.37,0.9986,3.24,0.3,5
8.94,8.84,8.17,0.9907,3.72,1.38,7
12.06,5.34,5.51,0.9902,3.39,1.36,8
8.04,5.11,6.64,0.9916,3.52,1.28,6
14.0,0.59,5.8,0.9935,3.59,0.57,7
10.07,3.15,6.75,0.9982,3.56,1.18,8
9.31,9.02,7.49,1.0033,2.99,1.04,4
11.5,1.76,4.11,1.0039,3.53,0.31,6
9.74,5.43,4.97,0.9955,2.87,1.37,4
14.27,3.99,7.79,0.9919,3.01,0.34,8
12.25,8.9,7.17,0.9982,3.5,1.28,8
12.35,3.46,5.2,1.0016,2.98,0.88,8
10.53,4.02,7.72,1.0038,3.26,0.33,4
10.31,2.1,7.93,1.0009,3.43,0.41,7
12.41,5.88,6.73,1.0021,3.78,1.17,8
8.93,1.65,7.33,0.9922,3.07,1.22,7
12.57,9.27,6.08,0.9996,3.98,1.1,8
11.75,5.75,6.04,0.9977,3.71,0.56,4
11.7,3.13,3.94,1.003,2.84,1.15,6
14.98,5.24,6.61,1.0009,2.82,0.83,6
13.17,3.62,3.34,0.9941,3.37,0.85,8
13.9,6.46,4.09,1.0028,3.54,1.49,6
13.53,6.53,5.55,1.0039,3.51,0.54,8
12.06,6.92,7.91,0.9985,3.48,0.43,7
9.03,5.95,4.37,0.9964,3.51,0.9,6
10.27,8.74,3.23,0.9928,3.28,1.39,5
9.08,6.97,3.17,0.9924,3.62,0.86,5
14.49,5.1,3.95,0.9912,3.84,0.46,5
