Age,Experience,Education,Skills,Working_Hours,Department,Salary
26,4,1,10,34,3,92628
22,7,1,1,35,1,49892
28,0,2,4,50,1,66390
39,1,3,3,54,3,82982
43,19,3,7,39,1,119111
54,9,3,7,55,1,107945
44,23,1,1,33,1,76177
43,4,1,7,30,4,92642
39,9,2,2,54,1,76449
35,28,3,9,43,1,146034
37,4,3,6,36,2,92169
36,20,1,1,32,2,79266
60,4,2,10,59,1,93777
60,29,2,2,36,2,111895
46,2,3,5,45,1,82727
26,16,2,4,38,2,101784
59,22,3,8,52,4,141088
55,29,3,2,47,2,113877
23,20,3,9,45,3,141460
48,8,2,6,44,3,104711
60,34,2,6,52,3,146191
60,27,2,6,22,2,114412
52,21,2,5,21,4,111432
46,18,2,2,53,1,99630
44,14,1,3,48,3,98093
46,15,2,1,45,3,95099
53,31,3,8,43,3,154494
38,6,3,1,56,2,84158
37,5,3,2,29,4,91512
51,7,2,4,32,1,81914
36,19,3,7,44,3,125402
42,8,2,8,33,4,115527
31,8,3,5,50,1,91808
50,21,2,6,59,2,119004
51,6,1,4,47,3,74635
45,13,2,9,56,2,115745
48,28,3,5,40,3,138608
29,2,2,4,46,2,77124
31,11,2,6,59,1,98319
26,30,3,7,58,4,157653
53,28,1,1,20,2,95585
27,29,3,6,51,2,134868
37,10,3,9,34,2,106896
38,24,2,7,33,2,110793
54,9,3,7,49,1,107458
28,19,2,8,34,3,118038
50,34,3,3,29,4,129011
49,15,1,5,55,2,86877
30,22,1,10,27,4,117378
54,3,1,1,55,3,68379
35,5,3,3,34,4,96935
25,5,3,2,57,2,82853
34,18,1,7,31,4,98745
27,32,1,2,51,1,114229
35,6,3,10,36,4,128407
58,16,1,9,30,2,90144
57,32,2,9,49,2,133147
36,4,1,8,21,1,80626
59,23,1,7,24,2,102326
26,26,3,8,32,4,140689
34,25,1,6,31,4,106027
36,28,1,4,32,3,117320
55,0,3,7,33,4,108487
50,10,2,8,22,1,92667
27,27,3,5,33,2,135257
46,34,3,3,58,2,146594
35,23,2,8,57,4,135546
32,0,2,9,28,1,82263
33,28,3,7,21,4,139442
22,18,2,1,43,4,101027
53,33,1,8,26,3,116946
28,6,3,10,30,4,126945
43,5,1,9,52,1,85659
34,17,1,6,29,3,101294
51,2,3,2,34,1,71163
42,1,1,10,36,2,75338
43,20,2,4,45,4,114901
31,35,2,1,41,4,121591
41,17,3,2,56,3,121153
27,1,2,5,37,1,67341
20,19,2,1,55,1,96014
20,5,1,7,51,1,78674
40,33,2,9,51,2,135732
30,28,3,10,51,3,143316
34,25,2,8,56,4,129113
21,29,3,8,35,3,137458
35,28,1,10,27,4,130216
29,24,3,10,46,4,158314
24,9,1,6,47,3,94655
38,5,3,9,33,2,113613
40,29,2,7,51,3,136143
58,14,3,8,23,2,102391
47,24,2,4,33,4,114088
57,18,2,4,31,3,93325
53,32,3,3,31,3,134172
23,21,3,7,33,3,133869
29,11,2,3,43,2,80052
33,1,1,8,42,3,79682
31,25,2,4,34,1,95265
33,4,2,10,32,2,93919
33,13,2,8,43,3,103248
49,35,1,6,29,2,114834
22,30,3,9,20,4,151293
50,6,3,9,50,4,114460
35,11,1,6,22,3,92166
34,14,1,8,52,1,89161
55,20,3,8,22,3,135105
56,27,3,4,38,3,135390
22,17,3,9,53,4,145105
42,24,2,9,42,1,118521
23,11,1,3,26,2,76057
27,30,2,10,46,2,131374
32,18,3,2,60,4,116728
22,7,2,3,30,4,91233
54,35,2,7,53,2,129944
20,20,3,3,56,2,124283
25,12,2,9,55,2,117836
44,9,2,9,35,3,101117
43,33,1,5,20,2,102038
60,21,1,1,43,1,75457
58,28,1,5,30,2,103890
53,29,2,10,32,4,145617
39,6,2,4,46,1,72507
37,25,2,3,29,3,113618
58,12,1,9,44,1,86526
51,18,2,2,55,1,85214
39,30,1,5,29,2,102165
53,18,1,6,31,2,95103
39,28,1,7,26,1,112473
53,6,2,6,54,4,108673
57,7,2,6,29,3,93696
45,19,2,10,29,4,131824
48,2,1,1,54,3,66519
20,24,2,1,42,1,103525
31,34,1,4,46,3,114060
39,33,2,9,45,1,130102
52,6,3,5,42,4,102566
35,4,2,4,29,1,62425
29,12,2,8,59,4,123930
37,1,3,9,33,1,85522
56,31,1,7,49,4,130121
38,14,1,9,59,1,94671
36,20,2,8,34,4,130735
40,35,2,5,32,2,131438
49,23,3,9,37,3,129166
51,28,3,1,44,2,124611
41,25,3,5,30,3,134305
25,27,2,6,31,4,136487
42,17,1,8,47,2,102879
40,11,2,7,24,1,97375
20,1,3,8,24,2,99565
26,13,1,6,44,1,93986
44,7,1,9,34,1,89944
54,28,3,5,50,2,124306
48,29,1,10,22,2,119005
34,3,3,5,26,1,88131
38,5,2,4,60,1,85678
38,25,2,8,40,3,133508
28,12,3,2,56,3,100732
31,6,1,4,41,4,80077
35,3,2,8,37,1,74870
22,11,1,8,40,2,93866
21,17,2,4,27,4,113099
39,7,2,9,32,4,115138
49,8,3,3,50,4,96308
37,25,3,1,57,4,133677
41,26,3,2,27,4,118656
56,11,3,3,25,2,91756
22,1,1,2,32,2,65986
42,5,3,1,60,4,89970
30,15,1,9,40,1,104113
29,1,2,1,52,3,82697
26,13,3,5,34,3,118973
53,17,3,10,27,1,112427
57,7,1,10,44,2,100353
28,23,1,8,58,3,116694
51,33,1,5,28,4,122076
26,23,1,5,44,2,106744
53,33,2,7,54,3,147370
50,2,2,9,60,2,104929
33,18,1,3,60,3,91088
54,7,2,4,29,2,85063
40,33,3,6,43,4,160313
31,18,1,6,50,3,108650
52,16,2,3,47,3,106290
23,10,3,3,49,2,101975
26,23,3,7,30,4,143037
40,26,2,6,34,3,113512
48,34,3,10,20,2,137580
52,21,3,9,38,2,122837
41,12,2,9,52,4,124060
39,21,1,8,50,2,110923
47,19,1,9,39,2,112296
33,35,3,9,47,3,161582
29,11,1,3,26,1,73081
40,24,3,5,46,2,132203
39,2,1,4,49,1,64916
29,30,1,7,23,3,116883
29,16,2,1,36,2,97520
52,12,3,4,32,1,90333
53,6,1,3,57,4,90288
21,35,2,7,22,4,141654
23,29,2,5,35,1,110392
59,13,3,7,50,4,135477
38,27,1,6,40,2,118984
33,23,2,10,56,3,142001
26,19,3,8,53,2,124588
33,19,3,9,23,1,120484
56,1,2,3,57,2,74303
41,8,3,10,24,4,119596
27,35,3,9,43,3,152902
22,18,3,9,37,3,124215
53,11,1,3,31,1,75161
58,29,2,4,58,3,118786
40,7,1,7,20,1,75437
23,9,3,5,43,4,119480
46,3,3,10,27,2,109779
32,32,1,6,59,1,110287
41,31,3,2,55,4,141613
58,32,3,10,56,1,141364
32,27,1,2,39,3,102171
60,18,3,5,51,3,130621
31,34,1,7,26,3,126307
44,2,3,3,40,1,85840
34,34,2,2,34,3,128631
43,0,3,6,23,1,73141
53,33,1,9,58,4,152990
37,25,3,9,48,4,155113
21,11,3,7,50,2,103398
56,7,2,9,58,1,104562
44,31,1,1,30,3,111450
54,11,1,3,46,2,76827
21,32,3,8,25,3,136304
32,21,1,1,25,1,79975
34,7,1,7,43,4,99011
21,18,1,7,44,3,114242
23,6,2,2,35,2,83295
53,29,2,8,50,1,118025
49,15,3,7,43,4,132531
34,24,3,3,24,3,119635
28,34,1,3,37,4,114148
59,18,3,8,28,1,123706
52,2,1,5,27,1,57007
58,2,1,9,20,3,77777
54,26,3,7,46,4,144563
32,9,1,9,37,1,88032
35,3,2,2,53,1,74873
56,19,2,8,49,4,125842
52,33,3,2,38,2,130213
20,33,3,1,46,1,119222
27,13,2,2,41,4,88011
39,25,2,3,55,1,115749
58,31,1,7,43,2,118203
41,7,3,7,28,4,107785
25,0,2,1,30,3,64158
40,33,3,8,45,4,149418
25,11,3,1,24,3,89016
43,11,3,9,34,3,124677
37,0,3,2,59,4,102650
28,20,1,5,27,4,95277
32,24,3,8,21,2,127149
52,7,3,10,37,4,120324
25,21,2,2,43,1,88512
21,7,2,6,46,2,99633
45,8,2,9,22,3,92231
37,1,3,10,55,1,106279
52,25,3,10,56,4,148681
24,26,1,5,42,1,108401
38,23,2,3,53,3,113539
47,10,2,5,47,3,101100
40,10,2,1,27,3,88476
49,2,2,1,34,1,68593
23,15,1,8,24,4,110973
48,18,2,5,43,1,106434
60,24,1,5,60,1,107859
36,17,3,2,37,4,112270
31,1,2,6,54,3,87671
36,5,2,1,46,2,82561
52,35,3,3,39,2,143030
51,31,2,2,41,1,113894
45,18,3,10,60,1,121730
34,35,1,10,60,1,127743
26,32,3,7,29,1,127376
56,35,3,4,22,3,138935
22,13,2,9,33,4,122668
20,10,2,1,40,2,89330
21,34,1,2,38,4,121983
45,28,2,4,42,1,110504
47,22,2,5,58,3,120805
51,21,2,6,41,4,113995
24,30,1,5,39,1,96838
38,22,2,10,59,4,139573
42,6,3,5,55,4,112155
50,15,1,9,51,4,104948
53,0,3,6,36,2,95452
58,29,2,4,42,3,125574
34,30,1,7,28,2,115554
36,8,1,1,53,2,71842
48,27,1,10,37,3,133023
41,11,3,1,25,3,96766
33,16,1,8,28,4,113015
54,18,2,3,40,2,95283
57,3,2,5,37,3,95251
47,22,2,2,60,2,107021
35,3,3,6,28,1,76159
29,7,2,1,50,2,78218
56,31,2,5,53,2,117950
35,17,1,6,35,3,94377
29,26,3,2,37,2,122396
48,19,3,8,56,1,129544
48,10,1,6,56,4,90484
44,14,3,1,26,1,78540
48,6,1,3,60,1,61755
27,0,1,10,60,2,91483
57,1,1,1,48,3,72028
60,20,1,8,53,1,113619
38,4,2,4,27,1,62331
31,21,2,4,22,2,96092
54,14,1,10,29,1,97331
24,27,2,6,39,3,134487
47,30,3,9,40,2,150318
35,32,2,2,47,1,121017
58,29,2,3,30,2,120518
27,21,3,6,60,3,135914
47,3,3,7,58,3,116355
28,29,1,3,52,1,106519
30,14,2,6,27,2,100989
60,16,1,3,59,1,90701
48,15,3,2,58,3,116857
42,28,2,10,50,1,131900
32,12,3,10,46,4,137704
41,27,2,2,60,4,115977
43,6,1,10,24,1,82499
56,22,3,3,34,3,125518
58,26,3,3,40,2,117889
32,23,1,5,52,1,104387
34,21,2,1,39,3,95319
50,16,2,10,22,4,129341
40,11,1,3,44,2,72446
35,35,1,10,34,1,136607
21,35,3,8,25,4,148659
33,15,2,7,49,3,108482
34,4,1,5,48,1,70546
57,14,3,5,54,3,121140
37,28,3,3,42,4,128790
58,15,2,7,52,3,110006
59,7,1,6,28,1,69684
37,11,1,4,56,3,95400
21,16,1,8,27,4,107891
21,3,2,1,47,1,62180
22,7,3,2,46,1,75685
21,6,3,2,46,3,86261
38,8,1,3,46,2,70229
51,32,3,7,30,2,130050
37,32,2,4,57,3,139668
28,16,1,1,55,3,96195
48,31,1,3,29,2,94361
46,27,1,2,47,1,87465
56,20,1,2,57,3,90732
28,11,2,9,60,1,102153
52,18,3,4,43,4,126405
39,4,1,4,44,2,71750
50,34,3,3,21,1,113420
57,5,2,4,57,2,78707
28,7,1,7,59,2,82915
54,31,1,10,50,3,139962
21,26,3,7,38,2,123919
41,35,2,2,42,1,120987
48,14,1,7,39,3,105970
25,17,1,9,57,1,99183
49,29,3,2,51,4,130933
39,10,2,5,50,3,108474
40,11,1,8,28,2,94202
21,21,2,1,52,1,88304
29,8,3,9,58,4,116618
60,0,3,7,57,3,104605
44,0,2,8,59,4,94802
28,21,2,7,34,2,122692
41,21,3,5,44,1,113710
20,13,3,9,27,2,105221
24,32,2,1,59,4,119616
48,12,1,9,55,3,106088
51,13,2,7,46,4,121853
33,35,3,5,20,3,139212
32,21,3,8,40,3,140629
24,10,3,9,26,1,113442
35,11,2,4,28,2,91275
60,5,2,7,46,1,84326
32,34,2,3,55,2,128181
46,21,3,3,48,3,120478
21,27,3,5,58,3,137353
46,15,2,3,46,1,93533
54,15,2,10,31,4,116024
59,21,3,6,45,1,112153
56,12,3,3,45,1,101993
22,3,1,9,24,4,86628
23,22,3,3,21,4,122874
48,4,1,8,52,1,76334
47,34,1,9,21,4,134627
24,18,3,7,45,4,133538
60,2,3,6,59,4,103027
51,1,1,6,60,1,72506
44,16,1,5,50,1,91308
56,9,3,8,54,3,123022
40,4,1,9,51,4,89517
25,15,3,1,38,4,110598
44,27,3,3,40,2,128401
48,18,1,10,47,2,106564
47,4,3,6,46,2,102813
52,4,1,9,31,2,83189
44,1,2,1,23,4,81170
40,23,2,4,57,2,111914
29,18,3,7,56,4,143605
50,1,3,6,51,2,100955
51,12,3,3,32,3,108120
40,3,1,3,25,4,76203
52,28,2,8,32,2,121226
44,9,3,5,42,3,104243
24,19,3,4,24,1,102599
47,35,3,3,54,1,134449
59,26,1,3,34,3,107580
30,7,2,3,38,4,90763
35,35,3,1,39,3,130257
56,19,3,1,30,2,107056
41,1,1,8,28,2,81506
36,28,1,10,56,1,120224
22,5,2,6,52,3,92300
59,31,1,9,47,2,136203
59,6,2,3,27,1,72846
35,27,3,1,30,1,114406
51,25,2,5,32,4,124767
44,33,3,10,24,4,149469
42,9,3,4,28,4,96459
53,2,3,10,44,4,109712
21,23,2,10,43,1,129071
58,1,2,5,50,2,87468
24,33,3,4,33,3,140611
23,24,1,5,57,3,110486
56,0,3,8,32,2,89935
52,7,2,7,53,2,99420
44,26,3,2,43,4,129635
52,9,2,3,45,1,73385
33,24,1,9,51,3,129160
23,19,3,5,20,3,119825
56,34,3,4,31,3,140881
44,6,1,8,30,3,91134
38,26,3,3,47,2,132017
39,16,3,4,60,2,117274
41,33,2,5,40,1,121177
26,1,3,4,54,1,75863
36,8,2,3,27,4,81239
55,11,2,5,48,3,103090
46,6,2,3,20,2,83701
37,21,1,2,50,3,102199
52,24,3,1,57,2,118367
46,35,1,6,52,3,140103
39,7,2,7,26,4,94528
27,11,2,8,60,3,120247
36,7,2,8,60,1,91019
29,29,1,6,38,2,118707
27,34,1,1,53,1,109016
40,9,1,2,54,4,87455
50,26,2,7,35,3,118477
44,18,2,4,31,3,103705
34,18,2,9,24,2,113681
38,20,3,1,50,4,120434
43,24,1,6,42,1,103362
38,5,1,1,59,2,66325
44,34,1,9,34,1,130187
30,21,3,6,23,1,114424
60,19,3,4,43,2,106458
31,33,3,8,50,2,139956
40,7,2,9,56,4,114825
26,3,2,4,58,4,92053
59,16,2,7,57,3,125715
29,8,3,8,31,4,118979
51,20,2,3,59,1,109278
21,16,2,10,30,4,121173
45,26,1,8,33,3,110012
44,1,2,2,52,3,84991
39,3,2,8,23,4,98408
44,7,3,7,39,1,92193
22,21,1,8,50,3,108841
27,35,1,8,41,2,124420
35,11,1,8,49,2,101755
54,17,2,8,22,3,101318
39,5,1,8,41,2,83319
51,5,1,1,30,1,59198
60,14,1,2,20,1,65676
56,13,3,5,42,4,124125
45,6,1,4,21,4,81144
49,28,2,8,25,1,127874
38,33,1,5,57,1,126352
37,11,3,3,46,4,102787
47,10,1,6,26,1,85731
59,24,2,10,59,4,140315
29,5,1,2,51,4,81284
34,19,3,8,21,1,112254
58,35,1,4,45,3,122528
50,17,3,6,24,2,115017
29,25,1,4,59,1,111214
30,5,1,4,53,3,74845
53,24,2,4,58,4,119527
40,3,1,9,49,1,77351
38,23,1,5,50,2,101060
29,13,1,4,51,3,84621
34,8,2,8,48,4,115955
37,7,3,8,25,1,87745
43,31,2,8,35,4,134731
60,17,3,9,56,2,123197
25,1,2,4,32,1,69629
55,35,2,10,30,4,156026
52,15,3,2,41,2,96421
48,3,1,8,41,4,92463
36,30,2,8,44,3,135259
53,8,3,2,27,3,88459
55,12,1,3,34,3,81200
24,30,2,6,23,2,112693
37,18,3,3,55,3,107904
49,23,2,3,59,1,100437
47,11,2,10,27,2,100292
35,18,3,9,48,1,132077
20,26,2,10,23,2,120777
23,12,2,7,56,2,103470
36,12,1,4,36,1,76093
39,5,2,8,36,4,111358
38,24,2,6,35,3,122088
57,29,1,10,57,2,121886
54,31,3,2,31,2,130866
21,13,1,9,29,2,88072
43,35,2,9,32,3,149087
25,31,3,3,51,4,134138
58,0,3,5,58,1,90927
22,19,2,7,42,4,120036
38,34,2,8,56,4,160058
46,6,3,6,55,4,112059
41,19,1,2,58,3,101001
23,10,3,1,42,1,89176
36,24,2,3,46,2,116721
56,33,2,1,41,3,129289
39,18,1,1,21,4,91599
60,5,3,6,28,2,88427
31,0,3,3,30,4,81592
43,10,3,9,40,3,110096
42,12,1,8,45,3,102324
35,33,1,10,40,1,132338
34,23,3,2,36,3,106794
54,7,2,8,32,1,91073
54,4,3,6,50,3,113417
59,25,1,7,28,3,109433
27,12,3,7,34,4,115459
24,4,3,2,27,2,86545
58,8,3,7,57,1,114791
20,16,2,8,33,2,105931
31,9,3,7,54,1,108943
31,21,1,9,32,1,112397
26,17,3,3,41,3,111960
22,22,3,5,31,3,117904
45,3,2,2,50,1,73494
39,17,2,8,49,2,113217
33,9,1,10,55,1,96396
31,1,1,10,59,3,86666
57,27,1,10,53,1,116446
42,19,2,10,54,2,128706
46,33,3,10,52,3,150918
33,35,1,4,55,2,120848
27,3,1,9,60,2,94071
42,13,1,10,53,1,95838
21,31,2,8,21,2,127163
32,1,2,8,23,3,91967
44,12,2,10,28,4,115954
51,15,1,5,26,2,84991
37,19,3,4,42,2,105560
23,23,3,4,28,4,116196
58,21,2,8,55,3,122877
58,28,3,3,41,1,121757
47,30,1,6,54,1,116026
39,30,2,4,56,3,138146
56,14,2,8,44,4,121512
39,18,3,4,54,4,115507
36,12,2,1,53,1,86752
45,30,1,1,22,3,90681
21,19,1,8,59,3,118921
37,17,1,4,39,3,99999
41,27,1,6,46,3,114908
20,12,1,5,32,4,88936
24,33,2,10,32,1,126429
34,34,1,9,60,2,140472
35,23,2,7,21,3,117677
30,9,3,1,50,2,98227
58,27,1,7,34,3,106814
24,14,2,2,58,4,99924
33,0,3,4,21,4,89190
24,7,3,8,29,4,104408
37,23,3,7,28,4,142469
22,25,2,1,27,3,102004
56,24,2,5,42,4,131968
54,6,3,4,23,3,92554
52,9,1,7,39,4,95205
45,19,3,6,58,2,132394
52,14,3,2,48,2,100891
40,10,1,6,58,1,89945
23,18,1,7,57,2,108330
59,27,2,5,21,4,114737
59,16,3,2,42,2,99098
43,34,1,2,23,3,109916
53,28,2,3,54,1,102407
47,14,3,6,40,2,103821
59,29,2,3,36,1,101361
27,32,2,10,25,4,137626
56,25,1,9,56,1,119088
44,32,2,3,29,1,107778
50,20,3,6,20,2,114747
52,13,2,6,30,1,97133
58,32,3,8,36,3,157556
33,26,1,8,50,2,124265
22,31,3,2,35,2,128573
29,14,3,4,52,4,113963
23,34,3,3,25,4,144827
60,13,1,8,42,4,105305
36,2,1,5,45,3,70097
32,20,2,10,24,4,136275
60,33,3,4,34,3,141257
38,10,1,4,54,3,92174
29,26,2,2,36,3,106022
22,25,2,7,30,4,117925
44,15,3,7,26,4,119968
58,0,1,8,60,2,88882
30,5,3,2,23,2,71999
55,28,1,2,47,3,100264
24,25,2,7,25,1,101295
50,23,1,3,36,4,95571
49,27,2,7,54,2,117829
30,24,3,1,51,2,115354
24,14,2,7,23,2,92533
58,24,1,3,41,2,101435
33,6,2,7,57,1,93521
39,13,3,10,43,3,120444
54,19,3,3,20,4,122031
54,9,2,5,36,2,81284
39,35,2,7,43,1,137044
41,32,2,7,60,4,138239
34,4,2,9,23,2,81211
22,25,3,5,32,1,126784
56,11,1,3,34,2,78424
48,20,1,4,41,3,103223
21,20,1,7,55,1,93688
33,25,1,9,20,4,124309
24,23,3,9,41,4,139218
46,20,1,6,25,2,103054
38,11,1,9,25,1,95154
30,27,3,2,51,3,122749
58,10,1,1,29,1,66946
32,18,2,7,60,1,111790
50,35,2,7,49,2,147654
51,26,1,8,22,3,108916
50,6,2,8,35,4,94596
35,8,3,1,27,3,95996
34,31,3,6,42,2,142134
40,4,2,8,23,1,88521
28,13,2,10,38,4,124796
49,17,3,7,36,4,117949
29,14,3,3,35,3,102865
55,11,3,5,35,1,95660
34,1,3,4,32,2,75715
24,20,2,6,45,1,107079
60,8,3,8,47,2,119103
52,12,2,2,41,1,72446
59,14,2,6,48,4,122134
53,6,2,6,22,2,78957
31,13,3,9,20,2,121839
46,17,3,4,40,3,123046
38,17,2,1,58,4,101296
29,23,2,5,26,3,104372
33,17,3,8,30,2,122773
36,3,3,8,48,3,112476
40,11,2,8,25,1,93848
43,11,2,4,49,1,83351
57,28,1,7,20,2,110319
54,8,3,7,24,3,113607
53,30,3,10,50,3,150573
36,18,1,7,25,3,109088
46,17,1,5,21,4,104417
44,22,3,1,24,3,102064
40,27,2,2,31,4,111734
24,14,3,10,41,1,116354
57,25,3,5,36,4,134953
46,27,2,10,21,1,127331
35,3,3,6,39,4,94970
31,19,2,10,37,3,129883
42,17,1,1,27,3,87562
38,10,2,1,56,3,94458
30,19,2,4,33,2,98569
33,28,2,5,37,3,118449
30,15,2,4,34,2,94723
26,1,2,9,37,4,107848
32,2,1,9,41,4,96222
27,10,1,10,44,4,111446
44,6,2,3,33,1,63413
43,23,3,2,57,1,112272
39,26,3,7,46,3,131002
40,25,2,8,27,4,135242
34,23,2,8,51,4,126463
41,3,1,3,36,2,58417
40,21,1,6,50,3,103526
28,26,2,8,57,1,115659
56,26,3,9,56,2,145239
56,7,3,9,30,1,92653
54,5,1,7,34,1,70991
32,1,2,6,23,1,76564
29,34,3,2,32,2,135263
34,21,2,1,55,2,98555
31,17,3,3,55,3,109854
49,5,2,10,46,3,103449
23,17,2,8,33,1,96564
46,32,1,4,25,2,102116
45,0,3,1,33,3,71228
23,3,3,3,20,3,85299
59,24,2,8,52,2,132933
54,11,3,2,48,1,99914
31,26,2,8,42,1,119426
49,35,1,3,40,1,99354
33,26,1,6,30,3,101314
31,28,1,2,49,1,87709
29,25,1,7,31,2,116219
20,5,2,1,51,3,79696
47,1,3,2,52,4,102980
34,4,3,1,38,2,74743
57,28,2,9,38,3,141960
37,23,3,10,58,1,134556
41,10,1,1,30,1,69092
24,1,1,6,38,3,73484
56,27,2,3,26,3,119448
28,32,1,9,54,1,116883
22,19,2,4,23,2,102733
38,32,3,2,49,3,141019
59,3,3,10,54,1,96976
24,22,1,9,49,3,110761
33,7,2,6,51,2,94120
42,5,1,3,41,1,68844
52,25,1,10,50,1,124831
40,35,1,4,36,1,100549
48,6,2,8,28,4,110201
38,20,1,2,41,1,79547
42,20,3,4,21,3,110343
28,8,3,6,53,4,115237
47,12,1,5,35,1,82418
55,5,1,7,44,1,75951
53,26,2,9,23,2,116148
31,9,2,5,52,1,87942
37,34,3,9,51,2,154235
44,8,1,2,42,1,73414
31,34,3,9,28,3,149158
22,28,2,4,33,2,111509
31,18,2,2,58,4,112255
54,21,3,2,52,3,116817
60,20,1,9,41,4,114899
32,8,3,9,39,1,101574
34,4,2,2,49,1,71487
33,5,1,4,57,2,67839
28,14,3,2,24,3,105713
39,10,2,10,26,4,121610
53,27,2,10,30,4,146868
37,6,3,10,25,2,106658
56,18,2,1,20,2,83924
41,17,2,7,34,1,111048
44,20,2,7,27,4,116772
59,13,1,3,34,3,89872
55,1,1,6,55,1,78444
39,26,1,3,20,4,98452
32,33,3,1,24,1,113201
30,12,2,1,51,1,87643
25,26,2,4,35,1,115624
26,10,2,6,30,3,97703
56,34,3,5,43,4,152384
20,17,2,8,60,4,122635
32,11,2,1,49,4,84738
32,6,1,6,35,4,94578
26,6,3,3,54,1,84208
52,29,2,8,46,3,131527
39,22,3,2,43,2,115697
31,2,1,1,48,4,75814
26,30,3,3,48,4,134903
53,17,2,6,52,2,110802
46,20,2,3,27,2,97299
59,4,1,1,25,2,51469
59,11,1,4,36,2,77702
36,2,3,9,22,1,99299
41,7,3,9,29,2,112321
59,23,1,4,22,2,93138
26,30,3,2,44,4,143323
21,17,1,7,21,4,104433
31,1,2,9,60,1,86726
20,34,1,2,56,2,110367
33,26,3,1,60,1,118927
30,30,1,8,59,2,129054
43,31,1,6,58,1,116198
40,6,2,9,28,2,89768
55,29,2,10,34,2,136434
57,26,1,9,45,2,125664
58,12,3,1,38,3,91113
39,2,3,1,22,1,75926
31,35,3,6,23,1,134826
44,14,2,10,44,2,121972
32,23,3,2,52,3,128228
32,17,1,5,46,3,89830
34,29,2,3,28,2,115902
59,25,2,6,24,4,122737
45,15,3,9,21,2,123522
58,5,1,10,32,1,79557
53,11,2,4,40,2,80723
39,23,3,4,23,1,114948
27,17,2,3,23,2,94583
46,21,2,5,48,4,130099
33,1,2,5,55,1,87278
34,21,3,3,31,3,109156
22,23,2,7,51,4,126862
21,18,1,6,54,2,92413
47,20,2,10,49,1,120664
40,28,2,7,55,1,134167
47,34,1,5,60,2,117342
31,5,2,4,29,2,82715
24,9,1,10,52,1,95648
47,1,2,5,44,1,64768
26,2,1,6,41,1,65747
45,26,3,3,59,3,132836
43,10,1,1,42,1,69565
53,18,3,10,36,4,129280
44,4,2,2,38,2,77657
43,32,1,3,39,3,122724
54,29,1,10,37,1,114285
37,12,2,5,50,2,107921
35,3,2,5,40,2,80373
40,29,2,5,28,1,109599
47,13,1,7,50,1,80970
23,9,1,5,24,2,68687
43,29,1,7,35,2,123835
27,26,3,1,42,3,112182
25,7,2,8,33,1,92339
59,30,1,9,50,3,136088
45,1,1,9,57,4,91959
38,34,3,2,42,3,139096
39,13,1,3,42,2,88511
28,27,1,7,48,1,106651
20,16,1,6,22,3,95465
41,17,3,3,49,3,113919
34,4,3,4,52,2,94499
49,7,3,10,54,4,123076
39,26,2,7,33,2,118309
55,26,2,8,32,4,135046
36,18,2,9,44,3,120107
20,6,1,4,22,4,69947
50,12,2,6,49,4,116467
36,12,1,3,47,1,69532
54,25,3,4,26,3,123347
42,1,2,4,22,1,60156
49,13,1,10,33,2,94735
32,34,2,5,26,2,116211
28,1,1,7,46,4,88867
42,12,2,4,53,3,106359
52,34,1,2,20,2,105130
30,30,3,6,36,2,138986
27,11,2,3,45,2,83770
20,26,3,1,21,3,112781
23,5,2,7,49,3,91306
21,16,2,5,34,1,85315
43,0,2,2,53,4,75967
43,7,1,5,55,1,80343
46,19,2,6,35,1,99867
42,19,3,1,50,4,115346
31,32,1,10,29,4,133128
47,10,2,8,20,1,99269
51,10,2,5,20,1,88113
60,4,3,2,51,2,93055
53,21,3,8,36,4,131578
36,24,1,5,51,3,102999
57,12,3,4,56,1,102379
49,1,1,4,46,4,68636
45,27,1,1,52,2,91017
48,35,2,1,38,4,124732
29,2,2,8,55,1,97759
57,6,2,7,26,4,94370
50,27,2,8,41,1,125057
52,16,1,6,46,4,114593
58,22,3,4,27,3,110871
22,12,3,7,34,4,126796
49,10,2,3,27,1,84619
25,14,3,9,55,2,115962
27,11,3,7,56,2,111526
43,0,2,9,22,1,85489
50,3,3,2,44,4,90347
48,28,2,1,24,2,101459
37,34,3,2,33,2,120666
41,12,2,9,26,4,122689
24,24,3,10,28,2,126282
21,18,2,8,44,2,113504
22,2,1,5,28,4,78268
28,19,1,6,32,4,100512
31,5,2,9,38,3,100638
54,2,2,4,45,1,66477
40,30,1,10,27,1,120394
39,10,1,10,46,1,95191
21,18,2,7,52,4,120324
49,19,2,8,54,3,123801
31,20,3,7,39,4,126672
36,19,3,1,29,1,93045
27,27,3,5,40,1,124808
26,1,3,8,59,3,105428
56,30,3,2,35,1,118787
41,4,3,10,54,2,118150
38,27,3,9,41,4,150935
40,16,3,9,24,1,123068
29,21,3,1,20,1,94947
27,7,1,5,42,3,77906
21,4,3,6,32,3,103427
34,11,3,5,47,4,107769
28,34,1,9,36,1,132667
42,30,2,8,47,3,136822
57,24,1,4,35,2,100742
31,12,3,5,59,2,110287
26,24,2,8,44,2,114312
33,26,3,4,40,3,135956
42,8,1,8,30,1,86552
45,23,1,9,57,3,116936
23,33,1,1,31,4,109618
26,10,2,3,48,2,81971
34,4,3,7,20,1,92805
21,16,1,5,20,4,100270
28,31,3,6,57,3,140501
30,22,1,10,30,3,122531
55,7,2,2,46,2,78910
41,17,1,8,47,2,113302
44,1,1,5,41,2,63487
53,2,3,10,36,1,104488
53,4,2,7,57,3,107579
45,28,2,10,60,1,135293
32,19,2,7,29,4,108238
45,3,1,1,37,1,58901
40,35,3,7,36,1,142173
52,10,3,8,43,3,119179
22,20,1,1,59,2,86429
55,15,2,6,20,4,104224
49,34,2,4,57,1,119028
33,6,3,1,39,3,98369
59,33,1,10,51,1,136188
55,1,2,6,36,4,99648
43,26,1,7,37,2,102932
55,33,2,4,58,4,135047
30,27,2,3,46,4,129457
32,16,1,6,35,2,86870
29,24,3,2,47,1,117610
55,0,3,1,47,1,66036
60,15,1,8,55,4,110892
33,9,2,10,35,2,97521
60,7,3,8,46,1,97161
31,19,3,1,25,1,88850
49,16,3,9,49,4,128176
58,21,3,2,41,4,114184
58,24,2,1,52,4,109510
57,4,2,2,39,3,80480
50,7,1,9,55,3,108354
26,0,2,7,38,4,94187
39,20,1,9,32,1,101060
23,7,1,3,55,1,76665
38,7,1,9,38,3,89615
50,34,2,6,54,2,141125
51,19,2,1,56,1,100063
46,10,3,2,27,2,85158
27,35,3,4,43,1,126748
48,18,1,3,40,1,75869
28,16,3,9,29,3,122446
28,7,3,3,38,2,84607
32,22,1,8,58,1,118476
31,12,3,9,26,1,101520
42,33,3,10,32,1,140070
59,15,2,10,30,1,98585
28,7,3,8,22,3,101671
31,11,1,3,41,1,69244
21,23,3,8,34,3,140267
49,24,3,4,52,4,128362
27,3,2,1,56,1,60452
29,13,1,3,40,1,83325
45,8,3,10,58,3,133502
52,0,3,8,53,4,111037
58,5,3,9,50,1,104839
54,26,1,10,36,1,112213
37,11,2,9,58,2,108127
47,7,3,8,33,3,105968
60,15,3,3,26,2,92426
25,14,3,5,60,2,119774
25,35,3,9,36,4,168368
33,13,1,9,25,3,104955
37,5,1,5,30,3,84418
48,11,3,4,28,3,93905
59,18,1,8,46,1,100653
57,9,1,1,47,4,85001
27,8,3,4,20,3,104729
58,27,1,10,56,3,138534
51,8,1,7,22,1,76835
31,31,3,2,47,2,135985
